index,elapsed_s,model,series_r,series_l,series_c,current_phase_deg,voltage_phase_deg,samples_per_period,current_amplitude_a,shunt_resistance_ohm,current_pga,phase_diff_deg,dds_frequency_hz,shunt_range,voltage_pga,impedance_mag_ohm,impedance_imag_ohm,captured_cycles,voltage_amplitude_v,impedance_real_ohm,sample_rate_hz
1,0.055633,Series RL,0.344724,0.000108166967354,,-130.368652,139.050109,20.000000,0.007850,100.000000,0,89.418792,50000,0,0,33.983402,33.981655,20.000000,0.266763,0.344724,1000000
2,0.113849,Series RL,0.309534,0.000108025443595,,-23.397192,-113.919761,20.000000,0.007852,100.000000,0,89.477432,50000,0,0,33.938606,33.937194,20.000000,0.266501,0.309534,1000000
3,0.169950,Series RL,0.483679,0.000108155842423,,-60.748580,-151.564132,20.000000,0.007854,100.000000,0,89.184448,50000,0,0,33.981601,33.978160,20.000000,0.266875,0.483679,1000000
4,0.223836,Series RL,0.672229,0.000109763008137,,96.233833,5.117022,20.000000,0.007852,100.000000,0,88.883186,50000,0,0,34.489620,34.483066,20.000000,0.270801,0.672229,1000000
5,0.279351,Series RL,0.610355,0.000109969928662,,58.690765,-32.321365,20.000000,0.007853,100.000000,0,88.987861,50000,0,0,34.553462,34.548072,20.000000,0.271357,0.610355,1000000
6,0.331652,Series RL,0.313911,0.000108014114947,,-147.685928,121.784049,20.000000,0.007850,100.000000,0,89.469985,50000,0,0,33.935085,33.933635,20.000000,0.266386,0.313911,1000000
7,0.385517,Series RL,0.683769,0.000109409235347,,-172.218078,96.642272,20.000000,0.007855,100.000000,0,88.860351,50000,0,0,34.378723,34.371925,20.000000,0.270041,0.683769,1000000
8,0.437599,Series RL,0.333067,0.000108148231634,,174.215209,83.653541,20.000000,0.007854,100.000000,0,89.438346,50000,0,0,33.977401,33.975769,20.000000,0.266844,0.333067,1000000
9,0.491354,Series RL,0.592139,0.000109930528264,,-140.182907,128.834777,20.000000,0.007852,100.000000,0,89.017715,50000,0,0,34.540767,34.535694,20.000000,0.271215,0.592139,1000000
10,0.556192,Series RL,0.670917,0.000109114922843,,152.503356,61.382118,20.000000,0.007851,100.000000,0,88.878746,50000,0,0,34.286029,34.279464,20.000000,0.269192,0.670917,1000000
11,0.633912,Series RL,0.689319,0.00010847197507,,64.146179,-27.012643,20.000000,0.007852,100.000000,0,88.841171,50000,0,0,34.084449,34.077476,20.000000,0.267620,0.689319,1000000
12,0.687223,Series RL,0.535227,0.000109900024628,,-177.143524,91.968345,20.000000,0.007853,100.000000,0,89.111862,50000,0,0,34.530261,34.526111,20.000000,0.271158,0.535227,1000000
13,0.741034,Series RL,0.304925,0.000108075497825,,31.787471,-58.727085,20.000000,0.007851,100.000000,0,89.485450,50000,0,0,33.954288,33.952919,20.000000,0.266592,0.304925,1000000
14,0.794136,Series RL,0.661714,0.000108711207231,,-98.460487,170.429534,20.000000,0.007853,100.000000,0,88.890014,50000,0,0,34.159042,34.152633,20.000000,0.268258,0.661714,1000000
15,0.847390,Series RL,0.328509,0.000108163698311,,-93.007431,176.438659,20.000000,0.007852,100.000000,0,89.446105,50000,0,0,33.982215,33.980628,20.000000,0.266824,0.328509,1000000
16,0.899098,Series RL,0.659896,0.000109986455311,,22.269664,-68.824432,20.000000,0.007851,100.000000,0,88.905899,50000,0,0,34.559566,34.553264,20.000000,0.271336,0.659896,1000000
17,0.952809,Series RL,0.635158,0.000108472363408,,-61.807929,-152.875717,20.000000,0.007855,100.000000,0,88.932212,50000,0,0,34.083518,34.077598,20.000000,0.267731,0.635158,1000000
18,1.005548,Series RL,0.492989,0.000109740519544,,-70.121398,-160.940643,20.000000,0.007849,100.000000,0,89.180755,50000,0,0,34.479526,34.476001,20.000000,0.270637,0.492989,1000000
19,1.061538,Series RL,0.337944,0.000108057573795,,67.666427,-22.903934,20.000000,0.007850,100.000000,0,89.429641,50000,0,0,33.948970,33.947288,20.000000,0.266484,0.337944,1000000
20,1.117016,Series RL,0.370002,0.000108353608356,,-56.163635,-146.786392,20.000000,0.007852,100.000000,0,89.377243,50000,0,0,34.042301,34.040290,20.000000,0.267300,0.370002,1000000
21,1.171487,Series RL,0.679597,0.000109540130738,,-172.534790,96.333839,20.000000,0.007851,100.000000,0,88.868652,50000,0,0,34.419757,34.413047,20.000000,0.270240,0.679597,1000000
22,1.225267,Series RL,0.653690,0.000109975928803,,-102.671974,166.244079,20.000000,0.007853,100.000000,0,88.916084,50000,0,0,34.556140,34.549957,20.000000,0.271377,0.653690,1000000
23,1.279280,Series RL,0.637523,0.000109985191621,,94.863265,3.806236,20.000000,0.007853,100.000000,0,88.942977,50000,0,0,34.558750,34.552867,20.000000,0.271405,0.637523,1000000
24,1.332259,Series RL,0.418780,0.000108852425412,,125.193611,34.491992,20.000000,0.007850,100.000000,0,89.298385,50000,0,0,34.199562,34.196998,20.000000,0.268469,0.418780,1000000
25,1.385165,Series RL,0.545130,0.000109875400175,,38.686645,-52.218124,20.000000,0.007849,100.000000,0,89.095230,50000,0,0,34.522678,34.518375,20.000000,0.270963,0.545130,1000000
26,1.437099,Series RL,0.335395,0.000108252376263,,33.224792,-57.340248,20.000000,0.007850,100.000000,0,89.434959,50000,0,0,34.010143,34.008487,20.000000,0.266995,0.335395,1000000
27,1.488696,Series RL,0.539025,0.000108259977503,,65.064422,-25.843563,20.000000,0.007852,100.000000,0,89.092018,50000,0,0,34.015144,34.010875,20.000000,0.267101,0.539025,1000000
28,1.543363,Series RL,0.435263,0.000109194847272,,-161.734771,107.538299,20.000000,0.007852,100.000000,0,89.273056,50000,0,0,34.307334,34.304573,20.000000,0.269367,0.435263,1000000
29,1.598522,Series RL,0.581006,0.000108278496772,,-25.182779,-116.161300,20.000000,0.007851,100.000000,0,89.021476,50000,0,0,34.021652,34.016693,20.000000,0.267115,0.581006,1000000
30,1.654784,Series RL,0.631629,0.000110020199342,,-157.086425,111.866630,20.000000,0.007853,100.000000,0,88.953079,50000,0,0,34.569637,34.563865,20.000000,0.271479,0.631629,1000000
31,1.710269,Series RL,0.445181,0.000109306217535,,-35.426731,-126.169471,20.000000,0.007851,100.000000,0,89.257255,50000,0,0,34.342449,34.339561,20.000000,0.269629,0.445181,1000000
32,1.764446,Series RL,0.343973,0.000108511413665,,-19.784973,-110.363082,20.000000,0.007849,100.000000,0,89.421890,50000,0,0,34.091602,34.089866,20.000000,0.267597,0.343973,1000000
33,1.818855,Series RL,0.657398,0.00010995117066,,-66.495376,-157.585678,20.000000,0.007856,100.000000,0,88.909683,50000,0,0,34.548431,34.542179,20.000000,0.271421,0.657398,1000000
34,1.871917,Series RL,0.642583,0.00010984510344,,23.412704,-67.654067,20.000000,0.007852,100.000000,0,88.933219,50000,0,0,34.514839,34.508857,20.000000,0.270997,0.642583,1000000
35,1.928095,Series RL,0.346886,0.000108707393879,,-1.247347,-91.829299,20.000000,0.007851,100.000000,0,89.418052,50000,0,0,34.153198,34.151435,20.000000,0.268138,0.346886,1000000
36,1.981915,Series RL,0.423481,0.000109330307227,,-71.350906,-162.057296,20.000000,0.007853,100.000000,0,89.293601,50000,0,0,34.349739,34.347129,20.000000,0.269746,0.423481,1000000
37,2.036057,Series RL,0.384520,0.000108516573468,,88.245597,-2.400624,20.000000,0.007850,100.000000,0,89.353782,50000,0,0,34.093654,34.091487,20.000000,0.267631,0.384520,1000000
38,2.091480,Series RL,0.668074,0.000108744709347,,171.417953,80.297645,20.000000,0.007853,100.000000,0,88.879699,50000,0,0,34.169689,34.163158,20.000000,0.268329,0.668074,1000000
39,2.147147,Series RL,0.528098,0.00010991311353,,-50.863494,-141.739700,20.000000,0.007850,100.000000,0,89.123794,50000,0,0,34.534263,34.530223,20.000000,0.271094,0.528098,1000000
40,2.202079,Series RL,0.646099,0.000109918190573,,-175.344635,93.583480,20.000000,0.007852,100.000000,0,88.928100,50000,0,0,34.537864,34.531818,20.000000,0.271204,0.646099,1000000
41,2.255040,Series RL,0.344942,0.000108120958843,,-3.102621,-93.684448,20.000000,0.007849,100.000000,0,89.418167,50000,0,0,33.968952,33.967201,20.000000,0.266606,0.344942,1000000
42,2.309849,Series RL,0.511850,0.000108228200627,,101.338684,10.476215,20.000000,0.007849,100.000000,0,89.137527,50000,0,0,34.004745,34.000892,20.000000,0.266917,0.511850,1000000
43,2.366383,Series RL,0.367319,0.000108158805888,,-111.210594,158.170043,20.000000,0.007852,100.000000,0,89.380645,50000,0,0,33.981075,33.979091,20.000000,0.266818,0.367319,1000000
44,2.421570,Series RL,0.420402,0.000109525704934,,-160.717758,108.582244,20.000000,0.007851,100.000000,0,89.299995,50000,0,0,34.411083,34.408515,20.000000,0.270175,0.420402,1000000
45,2.475322,Series RL,0.323244,0.000108082952643,,-131.797378,137.657165,20.000000,0.007854,100.000000,0,89.454574,50000,0,0,33.956798,33.955261,20.000000,0.266705,0.323244,1000000
46,2.529373,Series RL,0.316447,0.000108005409171,,84.806571,-5.727770,20.000000,0.007851,100.000000,0,89.465660,50000,0,0,33.932376,33.930900,20.000000,0.266411,0.316447,1000000
47,2.592048,Series RL,0.653134,0.000109750333038,,-47.759956,-138.845184,20.000000,0.007852,100.000000,0,88.914779,50000,0,0,34.485271,34.479084,20.000000,0.270786,0.653134,1000000
48,2.650951,Series RL,0.345330,0.000108081507516,,-4.460925,-95.043617,20.000000,0.007848,100.000000,0,89.417304,50000,0,0,33.956562,33.954807,20.000000,0.266498,0.345330,1000000
49,2.705974,Series RL,0.691546,0.000109581526939,,-118.642013,150.207168,20.000000,0.007853,100.000000,0,88.849205,50000,0,0,34.432998,34.426052,20.000000,0.270394,0.691546,1000000
50,2.759598,Series RL,0.487686,0.000109595357503,,73.520103,-17.291402,20.000000,0.007850,100.000000,0,89.188491,50000,0,0,34.433849,34.430397,20.000000,0.270310,0.487686,1000000
51,2.812317,Series RL,0.366867,0.000108570549275,,178.257171,87.640922,20.000000,0.007851,100.000000,0,89.383750,50000,0,0,34.110416,34.108444,20.000000,0.267817,0.366867,1000000
52,2.864212,Series RL,0.685787,0.000109668963481,,-154.914169,113.945533,20.000000,0.007853,100.000000,0,88.859695,50000,0,0,34.460346,34.453521,20.000000,0.270620,0.685787,1000000
53,2.916958,Series RL,0.466366,0.000109591104883,,-142.221496,127.002433,20.000000,0.007851,100.000000,0,89.223937,50000,0,0,34.432220,34.429061,20.000000,0.270329,0.466366,1000000
54,2.970632,Series RL,0.358204,0.000108109652476,,-77.571594,-168.175842,20.000000,0.007850,100.000000,0,89.395736,50000,0,0,33.965538,33.963649,20.000000,0.266624,0.358204,1000000
55,3.024710,Series RL,0.712271,0.000109647837254,,-10.707267,-101.891822,20.000000,0.007853,100.000000,0,88.815437,50000,0,0,34.454246,34.446884,20.000000,0.270572,0.712271,1000000
56,3.079182,Series RL,0.369737,0.000108321042071,,159.528533,68.906044,20.000000,0.007853,100.000000,0,89.377502,50000,0,0,34.032066,34.030059,20.000000,0.267239,0.369737,1000000
57,3.133618,Series RL,0.469045,0.000109599387306,,163.400009,72.619552,20.000000,0.007853,100.000000,0,89.219535,50000,0,0,34.434856,34.431663,20.000000,0.270428,0.469045,1000000
58,3.188493,Series RL,0.561583,0.000108316636662,,155.022369,64.076889,20.000000,0.007852,100.000000,0,89.054512,50000,0,0,34.033309,34.028675,20.000000,0.267221,0.561583,1000000
59,3.243189,Series RL,0.718267,0.00010914509862,,62.444408,-28.755624,20.000000,0.007852,100.000000,0,88.799964,50000,0,0,34.296466,34.288944,20.000000,0.269286,0.718267,1000000
60,3.298449,Series RL,0.377135,0.000108809743239,,-36.990825,-127.622932,20.000000,0.007852,100.000000,0,89.367897,50000,0,0,34.185668,34.183589,20.000000,0.268437,0.377135,1000000
61,3.351377,Series RL,0.381857,0.000108394141937,,-128.181198,141.176315,20.000000,0.007852,100.000000,0,89.357536,50000,0,0,34.055168,34.053024,20.000000,0.267405,0.381857,1000000
62,3.404565,Series RL,0.500801,0.000108216531386,,119.376373,28.532428,20.000000,0.007855,100.000000,0,89.156051,50000,0,0,34.000915,33.997226,20.000000,0.267071,0.500801,1000000
63,3.456330,Series RL,0.375798,0.000108623672012,,-127.355316,142.013732,20.000000,0.007852,100.000000,0,89.369064,50000,0,0,34.127204,34.125133,20.000000,0.267969,0.375798,1000000
64,3.508612,Series RL,0.312605,0.000108112154391,,-59.588924,-150.116256,20.000000,0.007854,100.000000,0,89.472671,50000,0,0,33.965873,33.964435,20.000000,0.266783,0.312605,1000000
65,3.562324,Series RL,0.412866,0.000109034880639,,-54.323974,-145.014526,20.000000,0.007850,100.000000,0,89.309448,50000,0,0,34.256805,34.254318,20.000000,0.268912,0.412866,1000000
66,3.615711,Series RL,0.376832,0.000108310283197,,69.456352,-21.178144,20.000000,0.007851,100.000000,0,89.365501,50000,0,0,34.028766,34.026679,20.000000,0.267172,0.376832,1000000
67,3.668216,Series RL,0.633726,0.000109937690237,,-157.500228,111.448577,20.000000,0.007853,100.000000,0,88.948814,50000,0,0,34.543758,34.537944,20.000000,0.271283,0.633726,1000000
68,3.722208,Series RL,0.330191,0.000108138819211,,32.402854,-58.153999,20.000000,0.007849,100.000000,0,89.443145,50000,0,0,33.974414,33.972812,20.000000,0.266667,0.330191,1000000
69,3.774271,Series RL,0.290279,0.000108011603482,,-95.261741,174.248092,20.000000,0.007852,100.000000,0,89.509864,50000,0,0,33.934085,33.932846,20.000000,0.266449,0.290279,1000000
70,3.828485,Series RL,0.497189,0.000108221013189,,-78.655578,-169.493408,20.000000,0.007855,100.000000,0,89.162170,50000,0,0,34.002269,33.998634,20.000000,0.267092,0.497189,1000000
71,3.881979,Series RL,0.457712,0.00010934104382,,36.415412,-54.347995,20.000000,0.007850,100.000000,0,89.236595,50000,0,0,34.353549,34.350502,20.000000,0.269666,0.457712,1000000
72,3.935539,Series RL,0.474386,0.00010956141612,,91.315155,0.525537,20.000000,0.007850,100.000000,0,89.210372,50000,0,0,34.423004,34.419734,20.000000,0.270207,0.474386,1000000
73,3.988753,Series RL,0.358601,0.000108480913212,,52.155879,-38.446975,20.000000,0.007852,100.000000,0,89.397140,50000,0,0,34.082172,34.080284,20.000000,0.267622,0.358601,1000000
74,4.044049,Series RL,0.591630,0.00010995071866,,75.305976,-15.675280,20.000000,0.007849,100.000000,0,89.018745,50000,0,0,34.547103,34.542037,20.000000,0.271170,0.591630,1000000
75,4.099977,Series RL,0.688716,0.000109654442184,,7.135427,-84.009902,20.000000,0.007852,100.000000,0,88.854675,50000,0,0,34.455844,34.448959,20.000000,0.270544,0.688716,1000000
76,4.154612,Series RL,0.514242,0.000109738905713,,74.121612,-16.732957,20.000000,0.007846,100.000000,0,89.145423,50000,0,0,34.479328,34.475494,20.000000,0.270515,0.514242,1000000
77,4.208387,Series RL,0.655438,0.000109894014937,,95.832382,4.744754,20.000000,0.007854,100.000000,0,88.912376,50000,0,0,34.530445,34.524223,20.000000,0.271212,0.655438,1000000
78,4.261341,Series RL,0.311173,0.000108007217171,,-58.642364,-149.167785,20.000000,0.007849,100.000000,0,89.474578,50000,0,0,33.932895,33.931468,20.000000,0.266346,0.311173,1000000
79,4.316776,Series RL,0.576072,0.000109868817527,,2.851801,-88.104370,20.000000,0.007846,100.000000,0,89.043830,50000,0,0,34.521114,34.516307,20.000000,0.270862,0.576072,1000000
80,4.373019,Series RL,0.688415,0.000109546446006,,43.519672,-47.626285,20.000000,0.007852,100.000000,0,88.854042,50000,0,0,34.421916,34.415031,20.000000,0.270291,0.688415,1000000
81,4.426959,Series RL,0.332805,0.000107994748973,,85.139793,-5.422222,20.000000,0.007849,100.000000,0,89.437980,50000,0,0,33.929183,33.927551,20.000000,0.266324,0.332805,1000000
82,4.479761,Series RL,0.424934,0.000109018013398,,-0.402016,-91.112861,20.000000,0.007850,100.000000,0,89.289154,50000,0,0,34.251655,34.249019,20.000000,0.268864,0.424934,1000000
83,4.537673,Series RL,0.366724,0.000108184038313,,-92.762664,176.619110,20.000000,0.007851,100.000000,0,89.381790,50000,0,0,33.988998,33.987018,20.000000,0.266831,0.366724,1000000
84,4.619534,Series RL,0.472865,0.000109543689443,,1.135738,-89.651481,20.000000,0.007850,100.000000,0,89.212783,50000,0,0,34.417415,34.414165,20.000000,0.270163,0.472865,1000000
85,4.677372,Series RL,0.675539,0.000109492400171,,-46.379558,-137.504638,20.000000,0.007855,100.000000,0,88.874916,50000,0,0,34.404682,34.398052,20.000000,0.270239,0.675539,1000000
86,4.731048,Series RL,0.636222,0.00010990637491,,131.443054,40.387424,20.000000,0.007854,100.000000,0,88.944374,50000,0,0,34.533969,34.528106,20.000000,0.271231,0.636222,1000000
87,4.784575,Series RL,0.616059,0.000109951266153,,22.091754,-68.930007,20.000000,0.007850,100.000000,0,88.978240,50000,0,0,34.547702,34.542209,20.000000,0.271196,0.616059,1000000
88,4.837595,Series RL,0.310575,0.000108200444005,,-3.187935,-93.711418,20.000000,0.007849,100.000000,0,89.476516,50000,0,0,33.993591,33.992172,20.000000,0.266825,0.310575,1000000
89,4.890877,Series RL,0.372062,0.000108534195103,,34.330600,-56.294578,20.000000,0.007851,100.000000,0,89.374824,50000,0,0,34.099052,34.097023,20.000000,0.267701,0.372062,1000000
90,4.943372,Series RL,0.353893,0.000108354410497,,15.399908,-75.195732,20.000000,0.007849,100.000000,0,89.404365,50000,0,0,34.042381,34.040542,20.000000,0.267206,0.353893,1000000
91,4.996765,Series RL,0.397511,0.000108635669112,,-19.549871,-110.217185,20.000000,0.007852,100.000000,0,89.332687,50000,0,0,34.131217,34.128902,20.000000,0.267990,0.397511,1000000
92,5.050833,Series RL,0.631715,0.000109954083196,,-67.600448,-158.648147,20.000000,0.007852,100.000000,0,88.952301,50000,0,0,34.548870,34.543094,20.000000,0.271286,0.631715,1000000
93,5.105742,Series RL,0.459905,0.000109265454771,,0.543679,-90.223915,20.000000,0.007851,100.000000,0,89.232406,50000,0,0,34.329837,34.326755,20.000000,0.269522,0.459905,1000000
94,5.160913,Series RL,0.678487,0.000108636907337,,-116.172966,152.688125,20.000000,0.007853,100.000000,0,88.861114,50000,0,0,34.136035,34.129291,20.000000,0.268061,0.678487,1000000
95,5.214942,Series RL,0.582640,0.000109978246099,,-104.213562,164.820327,20.000000,0.007851,100.000000,0,89.033889,50000,0,0,34.555599,34.550685,20.000000,0.271301,0.582640,1000000
96,5.269633,Series RL,0.671000,0.000108977008718,,8.995181,-82.127632,20.000000,0.007849,100.000000,0,88.877189,50000,0,0,34.242713,34.236137,20.000000,0.268762,0.671000,1000000
97,5.322156,Series RL,0.689649,0.00010875919563,,-116.559356,152.284317,20.000000,0.007853,100.000000,0,88.843681,50000,0,0,34.174667,34.167709,20.000000,0.268376,0.689649,1000000
98,5.375029,Series RL,0.454596,0.000109252486826,,54.466590,-36.292240,20.000000,0.007850,100.000000,0,89.241180,50000,0,0,34.325691,34.322681,20.000000,0.269460,0.454596,1000000
99,5.426146,Series RL,0.685118,0.000109884615246,,41.954322,-49.182640,20.000000,0.007851,100.000000,0,88.863037,50000,0,0,34.528068,34.521270,20.000000,0.271071,0.685118,1000000
100,5.478199,Series RL,0.361164,0.00010803827785,,138.434219,47.824569,20.000000,0.007855,100.000000,0,89.390350,50000,0,0,33.943149,33.941226,20.000000,0.266609,0.361164,1000000
101,5.531033,Series RL,0.655458,0.000108549346654,,-98.007286,170.891571,20.000000,0.007852,100.000000,0,88.898872,50000,0,0,34.108081,34.101783,20.000000,0.267830,0.655458,1000000
102,5.586480,Series RL,0.622642,0.000110075228755,,-13.404796,-104.436309,20.000000,0.007851,100.000000,0,88.968482,50000,0,0,34.586757,34.581153,20.000000,0.271532,0.622642,1000000
103,5.640360,Series RL,0.671150,0.000109942051082,,-174.727249,94.159515,20.000000,0.007855,100.000000,0,88.886802,50000,0,0,34.545833,34.539314,20.000000,0.271361,0.671150,1000000
104,5.697220,Series RL,0.653961,0.000109938444631,,40.687236,-50.397499,20.000000,0.007850,100.000000,0,88.915260,50000,0,0,34.544372,34.538181,20.000000,0.271178,0.653961,1000000
105,5.752546,Series RL,0.452743,0.000108133512985,,83.602905,-7.160652,20.000000,0.007855,100.000000,0,89.236450,50000,0,0,33.974163,33.971145,20.000000,0.266860,0.452743,1000000
106,5.807988,Series RL,0.315103,0.000108201026512,,14.301408,-76.229698,20.000000,0.007849,100.000000,0,89.468894,50000,0,0,33.993816,33.992355,20.000000,0.266805,0.315103,1000000
107,5.860175,Series RL,0.334615,0.0001080842036,,-167.189971,102.245452,20.000000,0.007853,100.000000,0,89.435401,50000,0,0,33.957302,33.955654,20.000000,0.266673,0.334615,1000000
108,5.911856,Series RL,0.356591,0.000108225020711,,-2.721981,-93.322883,20.000000,0.007851,100.000000,0,89.399101,50000,0,0,34.001766,33.999893,20.000000,0.266955,0.356591,1000000
109,5.963889,Series RL,0.634579,0.000109932056152,,-13.742897,-104.795555,20.000000,0.007852,100.000000,0,88.947349,50000,0,0,34.542003,34.536174,20.000000,0.271215,0.634579,1000000
110,6.016055,Series RL,0.402778,0.000109045868696,,-144.289566,125.036834,20.000000,0.007852,100.000000,0,89.326385,50000,0,0,34.260139,34.257770,20.000000,0.268998,0.402778,1000000
111,6.069635,Series RL,0.414860,0.000108787681181,,-36.978691,-127.674148,20.000000,0.007851,100.000000,0,89.304534,50000,0,0,34.179176,34.176658,20.000000,0.268346,0.414860,1000000
112,6.125249,Series RL,0.411915,0.000109383178499,,-17.218845,-107.905609,20.000000,0.007850,100.000000,0,89.313224,50000,0,0,34.366207,34.363739,20.000000,0.269785,0.411915,1000000
113,6.178067,Series RL,0.642797,0.000109942184772,,58.267356,-32.798824,20.000000,0.007852,100.000000,0,88.933815,50000,0,0,34.545337,34.539356,20.000000,0.271250,0.642797,1000000
114,6.232013,Series RL,0.363666,0.000108335213227,,-20.237396,-110.849601,20.000000,0.007850,100.000000,0,89.387802,50000,0,0,34.036453,34.034511,20.000000,0.267177,0.363666,1000000
115,6.285943,Series RL,0.389537,0.00010810633887,,-60.059978,-150.717102,20.000000,0.007851,100.000000,0,89.342864,50000,0,0,33.964839,33.962608,20.000000,0.266649,0.389537,1000000
116,6.337027,Series RL,0.406296,0.000109190012145,,162.396530,71.717926,20.000000,0.007854,100.000000,0,89.321395,50000,0,0,34.305461,34.303054,20.000000,0.269429,0.406296,1000000
117,6.390075,Series RL,0.562816,0.00010987383409,,-69.096611,-160.030731,20.000000,0.007847,100.000000,0,89.065864,50000,0,0,34.522472,34.517883,20.000000,0.270884,0.562816,1000000
118,6.443587,Series RL,0.329595,0.0001081267489,,102.237747,11.681831,20.000000,0.007852,100.000000,0,89.444084,50000,0,0,33.970619,33.969020,20.000000,0.266749,0.329595,1000000
119,6.496417,Series RL,0.666075,0.000109823127325,,-11.868460,-102.974441,20.000000,0.007851,100.000000,0,88.894020,50000,0,0,34.508380,34.501953,20.000000,0.270920,0.666075,1000000
120,6.574743,Series RL,0.384492,0.000108678679144,,16.688264,-73.956947,20.000000,0.007853,100.000000,0,89.354789,50000,0,0,34.144580,34.142414,20.000000,0.268151,0.384492,1000000
121,6.647246,Series RL,0.368343,0.000108436190673,,15.942577,-74.676918,20.000000,0.007849,100.000000,0,89.380508,50000,0,0,34.068225,34.066234,20.000000,0.267393,0.368343,1000000
122,6.701440,Series RL,0.433972,0.000109199217667,,36.218410,-54.506340,20.000000,0.007850,100.000000,0,89.275245,50000,0,0,34.308692,34.305946,20.000000,0.269315,0.433972,1000000
123,6.754189,Series RL,0.672022,0.000109843575553,,-83.860595,-174.976242,20.000000,0.007855,100.000000,0,88.884353,50000,0,0,34.514923,34.508377,20.000000,0.271100,0.672022,1000000
124,6.806145,Series RL,0.585022,0.000109992270833,,-104.230827,164.799270,20.000000,0.007851,100.000000,0,89.030059,50000,0,0,34.560043,34.555091,20.000000,0.271324,0.585022,1000000
125,6.858558,Series RL,0.690460,0.000109449692533,,61.423114,-29.727260,20.000000,0.007852,100.000000,0,88.849624,50000,0,0,34.391567,34.384635,20.000000,0.270036,0.690460,1000000
126,6.911515,Series RL,0.622482,0.000109957387252,,4.465792,-86.566574,20.000000,0.007851,100.000000,0,88.967636,50000,0,0,34.549739,34.544132,20.000000,0.271262,0.622482,1000000
127,6.967740,Series RL,0.698548,0.000109387622105,,97.890869,6.726364,20.000000,0.007853,100.000000,0,88.835487,50000,0,0,34.372234,34.365135,20.000000,0.269924,0.698548,1000000
128,7.020735,Series RL,0.667948,0.000108697036075,,-134.570373,134.309036,20.000000,0.007851,100.000000,0,88.879417,50000,0,0,34.154716,34.148181,20.000000,0.268137,0.667948,1000000
129,7.076030,Series RL,0.605264,0.000109968607676,,93.959854,2.956154,20.000000,0.007850,100.000000,0,88.996299,50000,0,0,34.552959,34.547657,20.000000,0.271225,0.605264,1000000
130,7.130423,Series RL,0.695090,0.000109715761401,,-119.381416,149.463272,20.000000,0.007850,100.000000,0,88.844718,50000,0,0,34.475231,34.468223,20.000000,0.270616,0.695090,1000000
131,7.183366,Series RL,0.277200,0.000108150367493,,158.415603,67.948165,20.000000,0.007851,100.000000,0,89.532562,50000,0,0,33.977569,33.976440,20.000000,0.266759,0.277200,1000000
132,7.236800,Series RL,0.681868,0.000109476491043,,-64.105888,-155.241668,20.000000,0.007853,100.000000,0,88.864212,50000,0,0,34.399814,34.393054,20.000000,0.270155,0.681868,1000000
133,7.291986,Series RL,0.323055,0.000108106351602,,-113.328285,156.126693,20.000000,0.007849,100.000000,0,89.455009,50000,0,0,33.964149,33.962612,20.000000,0.266582,0.323055,1000000
134,7.345495,Series RL,0.666407,0.000109790328675,,-47.486446,-138.593307,20.000000,0.007851,100.000000,0,88.893135,50000,0,0,34.498088,34.491649,20.000000,0.270857,0.666407,1000000
135,7.398987,Series RL,0.345873,0.000108091718897,,48.381893,-42.201663,20.000000,0.007853,100.000000,0,89.416435,50000,0,0,33.959777,33.958015,20.000000,0.266698,0.345873,1000000
136,7.454134,Series RL,0.290445,0.000108028346582,,-40.832687,-131.323013,20.000000,0.007850,100.000000,0,89.509666,50000,0,0,33.939350,33.938106,20.000000,0.266416,0.290445,1000000
137,7.506808,Series RL,0.432369,0.000109162096368,,144.117248,53.394916,20.000000,0.007852,100.000000,0,89.277671,50000,0,0,34.297008,34.294284,20.000000,0.269314,0.432369,1000000
138,7.561042,Series RL,0.645413,0.000108594470263,,-116.117225,152.798980,20.000000,0.007854,100.000000,0,88.916191,50000,0,0,34.122062,34.115959,20.000000,0.267985,0.645413,1000000
139,7.614354,Series RL,0.373144,0.000108401147937,,-110.244102,159.128112,20.000000,0.007852,100.000000,0,89.372230,50000,0,0,34.057270,34.055225,20.000000,0.267416,0.373144,1000000
140,7.666489,Series RL,0.447982,0.000108144017211,,-24.269243,-115.024696,20.000000,0.007853,100.000000,0,89.244544,50000,0,0,33.977397,33.974445,20.000000,0.266840,0.447982,1000000
141,7.719226,Series RL,0.698710,0.000109824788903,,-119.846725,148.993118,20.000000,0.007856,100.000000,0,88.839859,50000,0,0,34.509548,34.502475,20.000000,0.271115,0.698710,1000000
142,7.773186,Series RL,0.375172,0.000108313720944,,141.889205,51.257507,20.000000,0.007852,100.000000,0,89.368309,50000,0,0,34.029827,34.027759,20.000000,0.267208,0.375172,1000000
143,7.826126,Series RL,0.680418,0.000109554737979,,115.093742,23.961177,20.000000,0.007852,100.000000,0,88.867439,50000,0,0,34.424362,34.417636,20.000000,0.270296,0.680418,1000000
144,7.880663,Series RL,0.555315,0.000109964647901,,-158.521179,110.557884,20.000000,0.007847,100.000000,0,89.079078,50000,0,0,34.550876,34.546413,20.000000,0.271124,0.555315,1000000
145,7.934163,Series RL,0.303258,0.000108100061799,,-75.966461,-166.478088,20.000000,0.007849,100.000000,0,89.488380,50000,0,0,33.961990,33.960636,20.000000,0.266582,0.303258,1000000
146,7.985809,Series RL,0.691818,0.000109692314695,,-173.191970,95.657943,20.000000,0.007853,100.000000,0,88.849914,50000,0,0,34.467800,34.460857,20.000000,0.270658,0.691818,1000000
147,8.037640,Series RL,0.581999,0.000110019094807,,-122.307441,146.727859,20.000000,0.007849,100.000000,0,89.035308,50000,0,0,34.568420,34.563518,20.000000,0.271330,0.581999,1000000
148,8.089297,Series RL,0.460060,0.000109666245115,,-88.625320,-179.390365,20.000000,0.007849,100.000000,0,89.234947,50000,0,0,34.455738,34.452667,20.000000,0.270452,0.460060,1000000
149,8.142510,Series RL,0.460437,0.000109268345025,,-17.723125,-108.491592,20.000000,0.007850,100.000000,0,89.231529,50000,0,0,34.330749,34.327663,20.000000,0.269506,0.460437,1000000
150,8.196273,Series RL,0.630162,0.000108332396185,,172.444732,81.383972,20.000000,0.007855,100.000000,0,88.939239,50000,0,0,34.039459,34.033626,20.000000,0.267382,0.630162,1000000
151,8.250638,Series RL,0.704780,0.000109420516249,,-10.162521,-101.337059,20.000000,0.007851,100.000000,0,88.825454,50000,0,0,34.382694,34.375469,20.000000,0.269927,0.704780,1000000
152,8.307902,Series RL,0.524427,0.000109760022391,,110.523468,19.652139,20.000000,0.007849,100.000000,0,89.128669,50000,0,0,34.486118,34.482128,20.000000,0.270695,0.524427,1000000
153,8.362761,Series RL,0.385463,0.000108401147937,,70.106460,-20.542036,20.000000,0.007852,100.000000,0,89.351509,50000,0,0,34.057407,34.055225,20.000000,0.267414,0.385463,1000000
154,8.416983,Series RL,0.634054,0.000109914631868,,-66.662368,-157.714324,20.000000,0.007850,100.000000,0,88.948043,50000,0,0,34.536521,34.530700,20.000000,0.271120,0.634054,1000000
155,8.471191,Series RL,0.644419,0.000110036289907,,-66.841117,-157.909088,20.000000,0.007850,100.000000,0,88.932037,50000,0,0,34.574928,34.568920,20.000000,0.271403,0.644419,1000000
156,8.525790,Series RL,0.395593,0.000108842287242,,-72.791496,-163.454330,20.000000,0.007849,100.000000,0,89.337165,50000,0,0,34.196102,34.193813,20.000000,0.268420,0.395593,1000000
157,8.614125,Series RL,0.692281,0.000109820587213,,-47.746803,-138.896316,20.000000,0.007851,100.000000,0,88.850486,50000,0,0,34.508098,34.501155,20.000000,0.270935,0.692281,1000000
158,8.674120,Series RL,0.520465,0.000109835888369,,-123.343009,145.792831,20.000000,0.007847,100.000000,0,89.135848,50000,0,0,34.509887,34.505962,20.000000,0.270801,0.520465,1000000
159,8.729494,Series RL,0.610235,0.00011001077737,,-32.010307,-123.021873,20.000000,0.007851,100.000000,0,88.988433,50000,0,0,34.566291,34.560905,20.000000,0.271379,0.610235,1000000
160,8.782865,Series RL,0.295357,0.000108138055267,,-21.425876,-111.923988,20.000000,0.007849,100.000000,0,89.501884,50000,0,0,33.973857,33.972572,20.000000,0.266673,0.295357,1000000
161,8.838060,Series RL,0.647689,0.000109908513952,,-139.545761,129.379608,20.000000,0.007853,100.000000,0,88.925376,50000,0,0,34.534854,34.528778,20.000000,0.271197,0.647689,1000000
162,8.893808,Series RL,0.696801,0.000109622773534,,43.267990,-47.891109,20.000000,0.007851,100.000000,0,88.840904,50000,0,0,34.446056,34.439010,20.000000,0.270428,0.696801,1000000
163,8.950220,Series RL,0.622681,0.00010992044739,,94.527069,3.494040,20.000000,0.007851,100.000000,0,88.966972,50000,0,0,34.538139,34.532527,20.000000,0.271160,0.622681,1000000
164,9.002514,Series RL,0.462585,0.000109684627511,,163.947616,73.178504,20.000000,0.007847,100.000000,0,89.230880,50000,0,0,34.461547,34.458442,20.000000,0.270413,0.462585,1000000
165,9.056494,Series RL,0.358762,0.000108425298108,,70.036514,-20.566928,20.000000,0.007852,100.000000,0,89.396560,50000,0,0,34.064701,34.062812,20.000000,0.267467,0.358762,1000000
166,9.108648,Series RL,0.694491,0.000109826466396,,42.273761,-48.879356,20.000000,0.007851,100.000000,0,88.846885,50000,0,0,34.509990,34.503002,20.000000,0.270950,0.694491,1000000
167,9.163071,Series RL,0.357933,0.00010834015658,,-56.422489,-147.025009,20.000000,0.007851,100.000000,0,89.397483,50000,0,0,34.037944,34.036064,20.000000,0.267246,0.357933,1000000
168,9.216363,Series RL,0.459825,0.000109417734221,,73.220161,-17.546230,20.000000,0.007848,100.000000,0,89.233604,50000,0,0,34.377670,34.374595,20.000000,0.269805,0.459825,1000000
169,9.269378,Series RL,0.404508,0.00010923058074,,36.245491,-54.429866,20.000000,0.007850,100.000000,0,89.324638,50000,0,0,34.318183,34.315799,20.000000,0.269405,0.404508,1000000
170,9.324179,Series RL,0.472645,0.000109531861047,,-142.473007,126.740058,20.000000,0.007852,100.000000,0,89.213058,50000,0,0,34.413696,34.410449,20.000000,0.270205,0.472645,1000000
171,9.375684,Series RL,0.344924,0.000108117801209,,68.790397,-21.791416,20.000000,0.007848,100.000000,0,89.418190,50000,0,0,33.967960,33.966209,20.000000,0.266593,0.344924,1000000
172,9.428522,Series RL,0.316956,0.000108068806951,,139.801834,49.266952,20.000000,0.007851,100.000000,0,89.465118,50000,0,0,33.952297,33.950817,20.000000,0.266574,0.316956,1000000
173,9.486167,Series RL,0.674507,0.000109780419688,,-101.619476,167.260086,20.000000,0.007856,100.000000,0,88.879585,50000,0,0,34.495132,34.488536,20.000000,0.270977,0.674507,1000000
174,9.550864,Series RL,0.283495,0.000108105791377,,-76.704483,-167.182739,20.000000,0.007851,100.000000,0,89.521736,50000,0,0,33.963619,33.962436,20.000000,0.266658,0.283495,1000000
175,9.614571,Series RL,0.579740,0.000110031515259,,21.210704,-69.750137,20.000000,0.007849,100.000000,0,89.039161,50000,0,0,34.572280,34.567420,20.000000,0.271373,0.579740,1000000
176,9.675292,Series RL,0.318320,0.000107984900465,,-58.683719,-149.221328,20.000000,0.007851,100.000000,0,89.462394,50000,0,0,33.925949,33.924457,20.000000,0.266337,0.318320,1000000
177,9.739261,Series RL,0.674700,0.000109470045267,,-100.201576,168.674530,20.000000,0.007852,100.000000,0,88.876083,50000,0,0,34.397647,34.391029,20.000000,0.270085,0.674700,1000000
178,9.796298,Series RL,0.717324,0.000109533089723,,-82.388832,-173.583038,20.000000,0.007853,100.000000,0,88.805793,50000,0,0,34.418312,34.410835,20.000000,0.270290,0.717324,1000000
179,9.848081,Series RL,0.315929,0.000108101105855,,-76.761840,-167.294845,20.000000,0.007851,100.000000,0,89.467010,50000,0,0,33.962432,33.960964,20.000000,0.266641,0.315929,1000000
180,9.900428,Series RL,0.450641,0.000109464872732,,-107.082435,162.166793,20.000000,0.007848,100.000000,0,89.249229,50000,0,0,34.392356,34.389404,20.000000,0.269903,0.450641,1000000
181,9.952818,Series RL,0.657075,0.000109853058004,,-119.988594,148.920623,20.000000,0.007853,100.000000,0,88.909248,50000,0,0,34.517612,34.511356,20.000000,0.271054,0.657075,1000000
182,10.006251,Series RL,0.694770,0.000109339404524,,-171.972412,96.868881,20.000000,0.007852,100.000000,0,88.841278,50000,0,0,34.357013,34.349987,20.000000,0.269779,0.694770,1000000
183,10.061844,Series RL,0.692977,0.00010962087959,,-137.208557,131.638656,20.000000,0.007853,100.000000,0,88.847236,50000,0,0,34.445388,34.438415,20.000000,0.270506,0.692977,1000000
184,10.114633,Series RL,0.681759,0.000109633752042,,-82.814682,-173.948654,20.000000,0.007852,100.000000,0,88.866020,50000,0,0,34.449207,34.442459,20.000000,0.270503,0.681759,1000000
185,10.169736,Series RL,0.326876,0.00010811254273,,-77.344932,-167.896331,20.000000,0.007851,100.000000,0,89.448600,50000,0,0,33.966129,33.964557,20.000000,0.266673,0.326876,1000000
186,10.222807,Series RL,0.659512,0.000109884726655,,131.610366,40.515892,20.000000,0.007853,100.000000,0,88.905525,50000,0,0,34.527603,34.521305,20.000000,0.271151,0.659512,1000000
187,10.275396,Series RL,0.673160,0.00010991243553,,131.812805,40.695972,20.000000,0.007854,100.000000,0,88.883155,50000,0,0,34.536571,34.530010,20.000000,0.271234,0.673160,1000000
188,10.331268,Series RL,0.438314,0.00010811533749,,-168.480422,100.780212,20.000000,0.007853,100.000000,0,89.260650,50000,0,0,33.968261,33.965435,20.000000,0.266765,0.438314,1000000
189,10.385106,Series RL,0.341922,0.000108034222582,,-41.414344,-131.991546,20.000000,0.007850,100.000000,0,89.422798,50000,0,0,33.941677,33.939952,20.000000,0.266449,0.341922,1000000
190,10.438000,Series RL,0.650306,0.000109929812067,,130.885437,39.806674,20.000000,0.007853,100.000000,0,88.921234,50000,0,0,34.541591,34.535469,20.000000,0.271252,0.650306,1000000
191,10.490447,Series RL,0.678191,0.000109215878006,,44.343662,-46.788692,20.000000,0.007851,100.000000,0,88.867645,50000,0,0,34.317882,34.311180,20.000000,0.269439,0.678191,1000000
192,10.544150,Series RL,0.326402,0.000107978709338,,67.249275,-23.302009,20.000000,0.007850,100.000000,0,89.448715,50000,0,0,33.924083,33.922512,20.000000,0.266304,0.326402,1000000
193,10.601117,Series RL,0.312940,0.000108125959491,,-93.213523,176.258651,20.000000,0.007848,100.000000,0,89.472167,50000,0,0,33.970214,33.968772,20.000000,0.266584,0.312940,1000000
194,10.660276,Series RL,0.609449,0.000108410643121,,-43.594638,-134.619796,20.000000,0.007853,100.000000,0,88.974838,50000,0,0,34.063659,34.058208,20.000000,0.267514,0.609449,1000000
195,10.713612,Series RL,0.543759,0.000109881180683,,92.800521,1.898076,20.000000,0.007846,100.000000,0,89.097557,50000,0,0,34.524471,34.520191,20.000000,0.270891,0.543759,1000000
196,10.766069,Series RL,0.668038,0.000108616299955,,81.662307,-9.459259,20.000000,0.007851,100.000000,0,88.878433,50000,0,0,34.129356,34.122817,20.000000,0.267960,0.668038,1000000
197,10.819151,Series RL,0.518144,0.000109865344766,,-33.501338,-124.361396,20.000000,0.007846,100.000000,0,89.139938,50000,0,0,34.519104,34.515216,20.000000,0.270832,0.518144,1000000
198,10.871727,Series RL,0.467020,0.000109321346804,,-107.225105,161.995834,20.000000,0.007846,100.000000,0,89.220924,50000,0,0,34.347492,34.344314,20.000000,0.269503,0.467020,1000000
199,10.925136,Series RL,0.307583,0.000108099113235,,-165.477203,104.003883,20.000000,0.007848,100.000000,0,89.481079,50000,0,0,33.961730,33.960338,20.000000,0.266528,0.307583,1000000
200,10.978246,Series RL,0.314623,0.000108003028213,,-148.701980,120.766777,20.000000,0.007851,100.000000,0,89.468727,50000,0,0,33.931610,33.930152,20.000000,0.266411,0.314623,1000000
201,11.032397,Series RL,0.663718,0.000109119754787,,-45.422176,-136.531356,20.000000,0.007850,100.000000,0,88.890823,50000,0,0,34.287406,34.280982,20.000000,0.269169,0.663718,1000000
202,11.087907,Series RL,0.648663,0.000108661751424,,171.513763,80.425186,20.000000,0.007853,100.000000,0,88.911415,50000,0,0,34.143257,34.137096,20.000000,0.268131,0.648663,1000000
203,11.141823,Series RL,0.390071,0.000108696284864,,106.901954,16.247493,20.000000,0.007849,100.000000,0,89.345535,50000,0,0,34.150173,34.147945,20.000000,0.268055,0.390071,1000000
204,11.195643,Series RL,0.530270,0.000108258519643,,-6.882223,-97.775474,20.000000,0.007850,100.000000,0,89.106742,50000,0,0,34.014549,34.010417,20.000000,0.267017,0.530270,1000000
205,11.248133,Series RL,0.509633,0.000109812187015,,-69.566345,-160.412689,20.000000,0.007847,100.000000,0,89.153656,50000,0,0,34.502281,34.498516,20.000000,0.270732,0.509633,1000000
206,11.300783,Series RL,0.419962,0.0001089263497,,-54.621078,-145.324188,20.000000,0.007847,100.000000,0,89.296875,50000,0,0,34.222801,34.220222,20.000000,0.268557,0.419962,1000000
207,11.357425,Series RL,0.509847,0.000109914256263,,93.007797,2.161883,20.000000,0.007847,100.000000,0,89.154083,50000,0,0,34.534343,34.530582,20.000000,0.270979,0.509847,1000000
208,11.412996,Series RL,0.331644,0.000108120023012,,-41.905883,-132.465286,20.000000,0.007853,100.000000,0,89.440597,50000,0,0,33.968528,33.966907,20.000000,0.266749,0.331644,1000000
209,11.469110,Series RL,0.682554,0.000109746408277,,-137.516540,131.349349,20.000000,0.007851,100.000000,0,88.865867,50000,0,0,34.484607,34.477851,20.000000,0.270747,0.682554,1000000
210,11.524678,Series RL,0.369058,0.000108498544396,,-127.816520,141.563156,20.000000,0.007848,100.000000,0,89.379661,50000,0,0,34.087821,34.085823,20.000000,0.267522,0.369058,1000000
211,11.577525,Series RL,0.678526,0.000109494462819,,-82.548698,-173.678726,20.000000,0.007851,100.000000,0,88.869964,50000,0,0,34.405391,34.398700,20.000000,0.270126,0.678526,1000000
212,11.631407,Series RL,0.329300,0.000108231928035,,-93.079521,176.365585,20.000000,0.007850,100.000000,0,89.445121,50000,0,0,34.003658,34.002063,20.000000,0.266939,0.329300,1000000
213,11.683190,Series RL,0.678804,0.000109922124883,,23.265163,-67.860939,20.000000,0.007854,100.000000,0,88.873901,50000,0,0,34.539726,34.533054,20.000000,0.271276,0.678804,1000000
214,11.737600,Series RL,0.387105,0.000108709411963,,-55.081768,-145.731170,20.000000,0.007850,100.000000,0,89.350593,50000,0,0,34.154262,34.152069,20.000000,0.268121,0.387105,1000000
215,11.788971,Series RL,0.464998,0.000109604426152,,91.540748,0.767049,20.000000,0.007847,100.000000,0,89.226303,50000,0,0,34.436386,34.433246,20.000000,0.270239,0.464998,1000000
216,11.841980,Series RL,0.620904,0.000109877147696,,-67.290046,-158.320541,20.000000,0.007852,100.000000,0,88.969505,50000,0,0,34.524509,34.518924,20.000000,0.271097,0.620904,1000000
217,11.895325,Series RL,0.562070,0.000109929239109,,-69.076736,-160.009155,20.000000,0.007847,100.000000,0,89.067581,50000,0,0,34.539863,34.535289,20.000000,0.271041,0.562070,1000000
218,11.949746,Series RL,0.381636,0.000108745317318,,-73.159996,-163.800018,20.000000,0.007852,100.000000,0,89.359977,50000,0,0,34.165481,34.163349,20.000000,0.268253,0.381636,1000000
219,12.002575,Series RL,0.567092,0.000109906486318,,147.443084,56.502136,20.000000,0.007851,100.000000,0,89.059051,50000,0,0,34.532794,34.528141,20.000000,0.271103,0.567092,1000000
220,12.060536,Series RL,0.613761,0.000109921943447,,111.941612,20.923387,20.000000,0.007851,100.000000,0,88.981773,50000,0,0,34.538448,34.532997,20.000000,0.271165,0.613761,1000000
221,12.114638,Series RL,0.631705,0.000110012512158,,76.529884,-14.517237,20.000000,0.007852,100.000000,0,88.952873,50000,0,0,34.567222,34.561450,20.000000,0.271439,0.631705,1000000
222,12.168180,Series RL,0.458001,0.000108105100644,,-114.541847,154.685516,20.000000,0.007853,100.000000,0,89.227371,50000,0,0,33.965305,33.962219,20.000000,0.266721,0.458001,1000000
223,12.219441,Series RL,0.671928,0.000109009804186,,-170.991195,97.884811,20.000000,0.007855,100.000000,0,88.875976,50000,0,0,34.253032,34.246440,20.000000,0.269045,0.671928,1000000
224,12.270737,Series RL,0.371603,0.000108296236182,,87.377235,-3.248545,20.000000,0.007850,100.000000,0,89.374221,50000,0,0,34.024295,34.022266,20.000000,0.267079,0.371603,1000000
225,12.323188,Series RL,0.331909,0.00010802433906,,-76.483406,-167.043762,20.000000,0.007851,100.000000,0,89.439651,50000,0,0,33.938468,33.936847,20.000000,0.266444,0.331909,1000000
226,12.377364,Series RL,0.493179,0.000109824887579,,-15.646505,-106.465438,20.000000,0.007848,100.000000,0,89.181068,50000,0,0,34.506031,34.502506,20.000000,0.270809,0.493179,1000000
227,12.432044,Series RL,0.718644,0.000109167453523,,44.379291,-46.821121,20.000000,0.007851,100.000000,0,88.799583,50000,0,0,34.303497,34.295967,20.000000,0.269316,0.718644,1000000
228,12.489839,Series RL,0.308545,0.000107959572548,,-130.451416,139.027343,20.000000,0.007851,100.000000,0,89.478782,50000,0,0,33.917903,33.916500,20.000000,0.266274,0.308545,1000000
229,12.550997,Series RL,0.688164,0.000109461546393,,61.462650,-29.683780,20.000000,0.007851,100.000000,0,88.853576,50000,0,0,34.395240,34.388359,20.000000,0.270020,0.688164,1000000
230,12.632667,Series RL,0.560871,0.000108173037523,,101.183486,10.237955,20.000000,0.007848,100.000000,0,89.054466,50000,0,0,33.988189,33.983562,20.000000,0.266745,0.560871,1000000
231,12.684455,Series RL,0.545502,0.000109936318321,,20.802797,-70.102088,20.000000,0.007846,100.000000,0,89.095115,50000,0,0,34.541820,34.537513,20.000000,0.271018,0.545502,1000000
232,12.737314,Series RL,0.467088,0.000109467836197,,-70.766891,-161.545028,20.000000,0.007849,100.000000,0,89.221855,50000,0,0,34.393508,34.390335,20.000000,0.269949,0.467088,1000000
233,12.789357,Series RL,0.600479,0.000109996899059,,-32.183898,-123.179412,20.000000,0.007851,100.000000,0,89.004486,50000,0,0,34.561759,34.556545,20.000000,0.271337,0.600479,1000000
234,12.840782,Series RL,0.321768,0.000108006185847,,121.037940,30.494619,20.000000,0.007851,100.000000,0,89.456672,50000,0,0,33.932670,33.931144,20.000000,0.266418,0.321768,1000000
235,12.894801,Series RL,0.693181,0.000109642747479,,-100.825286,168.021820,20.000000,0.007852,100.000000,0,88.847129,50000,0,0,34.452259,34.445285,20.000000,0.270515,0.693181,1000000
236,12.948718,Series RL,0.715348,0.000109561661219,,-64.690650,-155.881271,20.000000,0.007851,100.000000,0,88.809387,50000,0,0,34.427242,34.419811,20.000000,0.270297,0.715348,1000000
237,13.002095,Series RL,0.472819,0.000108122037913,,119.463752,28.666255,20.000000,0.007852,100.000000,0,89.202507,50000,0,0,33.970829,33.967540,20.000000,0.266733,0.472819,1000000
238,13.057576,Series RL,0.300707,0.000108107456138,,140.191894,49.684612,20.000000,0.007846,100.000000,0,89.492713,50000,0,0,33.964290,33.962959,20.000000,0.266487,0.300707,1000000
239,13.111835,Series RL,0.400689,0.000108396873035,,51.748432,-38.925697,20.000000,0.007852,100.000000,0,89.325866,50000,0,0,34.056240,34.053882,20.000000,0.267402,0.400689,1000000
240,13.166839,Series RL,0.656838,0.000108346214017,,154.502563,63.397048,20.000000,0.007854,100.000000,0,88.894485,50000,0,0,34.044303,34.037967,20.000000,0.267369,0.656838,1000000
241,13.222524,Series RL,0.696726,0.000109533551273,,-172.558715,96.281364,20.000000,0.007849,100.000000,0,88.840072,50000,0,0,34.418033,34.410980,20.000000,0.270163,0.696726,1000000
242,13.278889,Series RL,0.322976,0.000107994761705,,31.514240,-59.031177,20.000000,0.007848,100.000000,0,89.454582,50000,0,0,33.929092,33.927555,20.000000,0.266279,0.322976,1000000
243,13.331608,Series RL,0.688024,0.000109663972382,,42.940120,-48.203956,20.000000,0.007851,100.000000,0,88.855918,50000,0,0,34.458824,34.451953,20.000000,0.270532,0.688024,1000000
244,13.383897,Series RL,0.646545,0.000109852717413,,-30.436332,-121.509605,20.000000,0.007852,100.000000,0,88.926727,50000,0,0,34.517303,34.511249,20.000000,0.271013,0.646545,1000000
245,13.436850,Series RL,0.645734,0.000110000565988,,40.680019,-50.390464,20.000000,0.007851,100.000000,0,88.929512,50000,0,0,34.563732,34.557697,20.000000,0.271359,0.645734,1000000
246,13.488112,Series RL,0.693657,0.000109669316805,,-65.134506,-156.287902,20.000000,0.007851,100.000000,0,88.846611,50000,0,0,34.460613,34.453632,20.000000,0.270535,0.693657,1000000
247,13.539488,Series RL,0.402848,0.000108805385577,,-54.932006,-145.607223,20.000000,0.007851,100.000000,0,89.324775,50000,0,0,34.184593,34.182220,20.000000,0.268375,0.402848,1000000
248,13.593317,Series RL,0.387681,0.000108544613386,,142.245407,51.594051,20.000000,0.007848,100.000000,0,89.348632,50000,0,0,34.102500,34.100296,20.000000,0.267633,0.387681,1000000
249,13.646422,Series RL,0.442087,0.000108908960431,,35.476699,-55.263580,20.000000,0.007848,100.000000,0,89.259719,50000,0,0,34.217617,34.214759,20.000000,0.268539,0.442087,1000000
250,13.700568,Series RL,0.593406,0.000109973767479,,75.557594,-15.426401,20.000000,0.007849,100.000000,0,89.016006,50000,0,0,34.554374,34.549278,20.000000,0.271221,0.593406,1000000
251,13.753588,Series RL,0.428060,0.000109229186543,,18.387456,-72.327232,20.000000,0.007850,100.000000,0,89.285308,50000,0,0,34.318031,34.315361,20.000000,0.269389,0.428060,1000000
252,13.807586,Series RL,0.675618,0.00010971635664,,-47.234691,-138.357604,20.000000,0.007853,100.000000,0,88.877082,50000,0,0,34.475028,34.468410,20.000000,0.270715,0.675618,1000000
253,13.863510,Series RL,0.489795,0.000109759875968,,-88.217803,-179.031600,20.000000,0.007848,100.000000,0,89.186203,50000,0,0,34.485561,34.482082,20.000000,0.270626,0.489795,1000000
254,13.917351,Series RL,0.415796,0.000108729993881,,-19.290678,-109.988075,20.000000,0.007850,100.000000,0,89.302597,50000,0,0,34.161064,34.158535,20.000000,0.268159,0.415796,1000000
255,13.970721,Series RL,0.592953,0.000108244689079,,-151.082199,117.918838,20.000000,0.007853,100.000000,0,89.001045,50000,0,0,34.011241,34.006072,20.000000,0.267076,0.592953,1000000
256,14.028419,Series RL,0.280648,0.000108004256889,,139.760955,49.287055,20.000000,0.007851,100.000000,0,89.526100,50000,0,0,33.931697,33.930538,20.000000,0.266389,0.280648,1000000
257,14.100540,Series RL,0.445049,0.000108185142848,,-168.385360,100.864425,20.000000,0.007852,100.000000,0,89.249771,50000,0,0,33.990280,33.987365,20.000000,0.266903,0.445049,1000000
258,14.175521,Series RL,0.375140,0.000108348862355,,-146.118179,123.250404,20.000000,0.007852,100.000000,0,89.368568,50000,0,0,34.040866,34.038799,20.000000,0.267290,0.375140,1000000
259,14.229590,Series RL,0.408314,0.000108713406752,,106.918495,16.233535,20.000000,0.007852,100.000000,0,89.315040,50000,0,0,34.155765,34.153324,20.000000,0.268205,0.408314,1000000
260,14.287978,Series RL,0.403184,0.000108120704195,,-168.306304,101.013603,20.000000,0.007852,100.000000,0,89.319938,50000,0,0,33.969512,33.967121,20.000000,0.266743,0.403184,1000000
261,14.344051,Series RL,0.693118,0.000109379960386,,97.835350,6.679817,20.000000,0.007851,100.000000,0,88.844467,50000,0,0,34.369720,34.362728,20.000000,0.269820,0.693118,1000000
262,14.400634,Series RL,0.609752,0.000108318664296,,-169.388977,99.584503,20.000000,0.007853,100.000000,0,88.973457,50000,0,0,34.034774,34.029312,20.000000,0.267282,0.609752,1000000
263,14.453598,Series RL,0.662790,0.00010946466583,,-100.270454,168.625396,20.000000,0.007852,100.000000,0,88.895866,50000,0,0,34.395725,34.389339,20.000000,0.270083,0.662790,1000000
264,14.510157,Series RL,0.321036,0.000108018342102,,-22.048017,-112.590034,20.000000,0.007849,100.000000,0,89.457977,50000,0,0,33.936481,33.934963,20.000000,0.266363,0.321036,1000000
265,14.571489,Series RL,0.545800,0.00010822182488,,65.113899,-25.805820,20.000000,0.007851,100.000000,0,89.080284,50000,0,0,34.003269,33.998889,20.000000,0.266950,0.545800,1000000
266,14.629069,Series RL,0.584800,0.000109894852092,,-104.301048,164.728546,20.000000,0.007850,100.000000,0,89.029579,50000,0,0,34.529441,34.524486,20.000000,0.271063,0.584800,1000000
267,14.685762,Series RL,0.398402,0.00010865985748,,16.772506,-73.896156,20.000000,0.007850,100.000000,0,89.331336,50000,0,0,34.138828,34.136501,20.000000,0.267986,0.398402,1000000
268,14.740939,Series RL,0.673042,0.000109927392912,,-66.231483,-157.347976,20.000000,0.007852,100.000000,0,88.883506,50000,0,0,34.541267,34.534709,20.000000,0.271219,0.673042,1000000
269,14.795530,Series RL,0.315601,0.00010826748325,,159.452545,68.920913,20.000000,0.007851,100.000000,0,89.468376,50000,0,0,34.014698,34.013233,20.000000,0.267052,0.315601,1000000
270,14.850721,Series RL,0.412079,0.000108044640865,,101.752639,11.057085,20.000000,0.007853,100.000000,0,89.304443,50000,0,0,33.945728,33.943225,20.000000,0.266585,0.412079,1000000
271,14.905679,Series RL,0.449888,0.000109309859,,36.427841,-54.322731,20.000000,0.007850,100.000000,0,89.249427,50000,0,0,34.343650,34.340705,20.000000,0.269589,0.449888,1000000
272,14.958889,Series RL,0.324136,0.000108172735129,,-3.568339,-94.114814,20.000000,0.007846,100.000000,0,89.453529,50000,0,0,33.985012,33.983467,20.000000,0.266641,0.324136,1000000
273,15.013715,Series RL,0.317751,0.000108018450327,,139.391479,48.854999,20.000000,0.007850,100.000000,0,89.463523,50000,0,0,33.936485,33.934997,20.000000,0.266402,0.317751,1000000
274,15.073257,Series RL,0.699933,0.000109482491184,,133.532730,42.366916,20.000000,0.007850,100.000000,0,88.834197,50000,0,0,34.402061,34.394939,20.000000,0.270068,0.699933,1000000
275,15.129445,Series RL,0.525645,0.000109762740757,,92.302917,1.429589,20.000000,0.007848,100.000000,0,89.126670,50000,0,0,34.486988,34.482982,20.000000,0.270665,0.525645,1000000
276,15.185681,Series RL,0.659646,0.000108616885646,,153.778167,62.670692,20.000000,0.007851,100.000000,0,88.892524,50000,0,0,34.129375,34.123001,20.000000,0.267958,0.659646,1000000
277,15.241084,Series RL,0.541129,0.000108293842491,,11.272624,-79.638618,20.000000,0.007849,100.000000,0,89.088752,50000,0,0,34.025817,34.021514,20.000000,0.267066,0.541129,1000000
278,15.297802,Series RL,0.718648,0.000109502197749,,-172.364776,96.438476,20.000000,0.007852,100.000000,0,88.803245,50000,0,0,34.408634,34.401130,20.000000,0.270162,0.718648,1000000
279,15.354615,Series RL,0.378944,0.000108573741924,,-163.332443,106.031021,20.000000,0.007852,100.000000,0,89.363487,50000,0,0,34.111553,34.109447,20.000000,0.267835,0.378944,1000000
280,15.411009,Series RL,0.320385,0.000108100510616,,-3.575839,-94.116348,20.000000,0.007849,100.000000,0,89.459480,50000,0,0,33.962287,33.960777,20.000000,0.266562,0.320385,1000000
281,15.467183,Series RL,0.371234,0.000108336550129,,-110.255218,159.119873,20.000000,0.007850,100.000000,0,89.375076,50000,0,0,34.036956,34.034931,20.000000,0.267182,0.371234,1000000
282,15.523166,Series RL,0.476991,0.000109791748337,,-159.706878,109.500823,20.000000,0.007849,100.000000,0,89.207702,50000,0,0,34.495395,34.492095,20.000000,0.270762,0.476991,1000000
283,15.583082,Series RL,0.691587,0.000109883497978,,113.121948,21.974241,20.000000,0.007851,100.000000,0,88.852294,50000,0,0,34.527847,34.520919,20.000000,0.271075,0.691587,1000000
284,15.640442,Series RL,0.683966,0.000109635206718,,-100.631454,168.230911,20.000000,0.007852,100.000000,0,88.862365,50000,0,0,34.449707,34.442916,20.000000,0.270503,0.683966,1000000
285,15.693936,Series RL,0.347962,0.000108072741261,,48.429103,-42.158077,20.000000,0.007849,100.000000,0,89.412818,50000,0,0,33.953838,33.952053,20.000000,0.266515,0.347962,1000000
286,15.746844,Series RL,0.634060,0.000109794383943,,-65.866447,-156.919555,20.000000,0.007851,100.000000,0,88.946891,50000,0,0,34.498752,34.492923,20.000000,0.270844,0.634060,1000000
287,15.798140,Series RL,0.624433,0.000110022347934,,-67.558486,-158.593460,20.000000,0.007852,100.000000,0,88.965019,50000,0,0,34.570182,34.564540,20.000000,0.271442,0.624433,1000000
288,15.852283,Series RL,0.423981,0.000108219265668,,173.513092,82.798606,20.000000,0.007853,100.000000,0,89.285514,50000,0,0,34.000728,33.998085,20.000000,0.267005,0.423981,1000000
289,15.906654,Series RL,0.307140,0.000108136852056,,-93.574943,175.907089,20.000000,0.007849,100.000000,0,89.482009,50000,0,0,33.973583,33.972194,20.000000,0.266644,0.307140,1000000
290,15.960198,Series RL,0.401479,0.0001080020701,,155.993942,65.316017,20.000000,0.007854,100.000000,0,89.322067,50000,0,0,33.932228,33.929851,20.000000,0.266497,0.401479,1000000
291,16.011433,Series RL,0.407499,0.00010866239441,,-19.454610,-110.138526,20.000000,0.007850,100.000000,0,89.316085,50000,0,0,34.139728,34.137298,20.000000,0.267992,0.407499,1000000
292,16.068520,Series RL,0.314440,0.000108076115346,,48.837791,-41.692813,20.000000,0.007850,100.000000,0,89.469398,50000,0,0,33.954570,33.953113,20.000000,0.266534,0.314440,1000000
293,16.123512,Series RL,0.369753,0.00010845451259,,-109.771659,159.606552,20.000000,0.007852,100.000000,0,89.378242,50000,0,0,34.073997,34.071990,20.000000,0.267539,0.369753,1000000
294,16.175377,Series RL,0.368701,0.000108229028232,,33.223846,-57.397430,20.000000,0.007850,100.000000,0,89.378715,50000,0,0,34.003150,34.001152,20.000000,0.266924,0.368701,1000000
295,16.231437,Series RL,0.603287,0.000108311973423,,82.652885,-8.362836,20.000000,0.007850,100.000000,0,88.984283,50000,0,0,34.032558,34.027210,20.000000,0.267144,0.603287,1000000
296,16.287499,Series RL,0.684217,0.000109208579161,,-99.655334,169.202178,20.000000,0.007851,100.000000,0,88.857513,50000,0,0,34.315708,34.308887,20.000000,0.269396,0.684217,1000000
297,16.342406,Series RL,0.691247,0.000109636362183,,115.010826,23.861093,20.000000,0.007853,100.000000,0,88.850273,50000,0,0,34.450214,34.443279,20.000000,0.270551,0.691247,1000000
298,16.395104,Series RL,0.684236,0.000109322744184,,-64.051055,-155.192382,20.000000,0.007852,100.000000,0,88.858665,50000,0,0,34.351570,34.344753,20.000000,0.269732,0.684236,1000000
299,16.448457,Series RL,0.689230,0.000109471904197,,169.507171,78.359085,20.000000,0.007851,100.000000,0,88.851905,50000,0,0,34.398521,34.391613,20.000000,0.270062,0.689230,1000000
300,16.500653,Series RL,0.653168,0.000109954630689,,-138.622467,130.294265,20.000000,0.007854,100.000000,0,88.916740,50000,0,0,34.549442,34.543266,20.000000,0.271350,0.653168,1000000
301,16.590692,Series RL,0.497332,0.000109677427341,,-177.628372,91.544670,20.000000,0.007845,100.000000,0,89.173065,50000,0,0,34.459770,34.456180,20.000000,0.270346,0.497332,1000000
302,16.642108,Series RL,0.693683,0.000109844508201,,-65.798652,-156.950241,20.000000,0.007850,100.000000,0,88.848411,50000,0,0,34.515644,34.508670,20.000000,0.270940,0.693683,1000000
303,16.702405,Series RL,0.379926,0.000108689568525,,88.927330,-1.710156,20.000000,0.007850,100.000000,0,89.362518,50000,0,0,34.147949,34.145835,20.000000,0.268058,0.379926,1000000
304,16.756150,Series RL,0.681894,0.000109051601457,,26.935176,-64.205070,20.000000,0.007851,100.000000,0,88.859748,50000,0,0,34.266357,34.259571,20.000000,0.269038,0.681894,1000000
305,16.811321,Series RL,0.597350,0.000109876141837,,-49.766105,-140.757522,20.000000,0.007848,100.000000,0,89.008583,50000,0,0,34.523777,34.518608,20.000000,0.270953,0.597350,1000000
306,16.865858,Series RL,0.616984,0.000109997965397,,-31.914678,-122.937545,20.000000,0.007850,100.000000,0,88.977142,50000,0,0,34.562385,34.556880,20.000000,0.271313,0.616984,1000000
307,16.921387,Series RL,0.604340,0.000108406937994,,28.489927,-62.526679,20.000000,0.007851,100.000000,0,88.983398,50000,0,0,34.062408,34.057044,20.000000,0.267416,0.604340,1000000
308,16.978086,Series RL,0.650477,0.00010998583779,,76.640304,-14.438183,20.000000,0.007852,100.000000,0,88.921508,50000,0,0,34.559192,34.553070,20.000000,0.271370,0.650477,1000000
309,17.058219,Series RL,0.343268,0.000108055412471,,-131.456604,137.964035,20.000000,0.007852,100.000000,0,89.420646,50000,0,0,33.948345,33.946609,20.000000,0.266578,0.343268,1000000
310,17.113952,Series RL,0.319661,0.000108007608692,,49.493446,-41.046306,20.000000,0.007848,100.000000,0,89.460250,50000,0,0,33.933097,33.931591,20.000000,0.266295,0.319661,1000000
311,17.168695,Series RL,0.700146,0.000109780203237,,96.464263,5.301264,20.000000,0.007851,100.000000,0,88.837005,50000,0,0,34.495574,34.488468,20.000000,0.270836,0.700146,1000000
312,17.220558,Series RL,0.310136,0.000108197260906,,14.636237,-75.886520,20.000000,0.007848,100.000000,0,89.477249,50000,0,0,33.992588,33.991172,20.000000,0.266781,0.310136,1000000
313,17.274128,Series RL,0.430544,0.000109157799184,,-53.883605,-144.602920,20.000000,0.007853,100.000000,0,89.280693,50000,0,0,34.295639,34.292934,20.000000,0.269321,0.430544,1000000
314,17.326814,Series RL,0.616893,0.000109936891279,,94.613784,3.590497,20.000000,0.007849,100.000000,0,88.976722,50000,0,0,34.543205,34.537693,20.000000,0.271124,0.616893,1000000
315,17.381414,Series RL,0.364529,0.00010846650014,,-109.752738,159.634353,20.000000,0.007852,100.000000,0,89.387092,50000,0,0,34.077705,34.075756,20.000000,0.267575,0.364529,1000000
316,17.435677,Series RL,0.300573,0.000108112857856,,-59.597831,-150.104873,20.000000,0.007851,100.000000,0,89.492965,50000,0,0,33.965988,33.964656,20.000000,0.266674,0.300573,1000000
317,17.489708,Series RL,0.503082,0.000109686970272,,74.058029,-16.778400,20.000000,0.007847,100.000000,0,89.163574,50000,0,0,34.462852,34.459178,20.000000,0.270421,0.503082,1000000
318,17.546607,Series RL,0.665241,0.000110007011764,,41.149425,-49.953334,20.000000,0.007852,100.000000,0,88.897239,50000,0,0,34.566123,34.559722,20.000000,0.271407,0.665241,1000000
319,17.602559,Series RL,0.427473,0.000108943882209,,-144.198455,125.085983,20.000000,0.007850,100.000000,0,89.284423,50000,0,0,34.228401,34.225730,20.000000,0.268677,0.427473,1000000
320,17.657643,Series RL,0.368318,0.000108970986295,,-54.452651,-145.069061,20.000000,0.007850,100.000000,0,89.383583,50000,0,0,34.236225,34.234245,20.000000,0.268746,0.368318,1000000
321,17.711209,Series RL,0.685145,0.000109851902539,,-65.695884,-156.833236,20.000000,0.007852,100.000000,0,88.862663,50000,0,0,34.517795,34.510993,20.000000,0.271029,0.685145,1000000
322,17.764669,Series RL,0.468195,0.000109322222156,,54.838233,-35.942794,20.000000,0.007849,100.000000,0,89.218971,50000,0,0,34.347782,34.344589,20.000000,0.269587,0.468195,1000000
323,17.818158,Series RL,0.331978,0.000107986103677,,139.406906,48.846252,20.000000,0.007850,100.000000,0,89.439331,50000,0,0,33.926460,33.924835,20.000000,0.266329,0.331978,1000000
324,17.871808,Series RL,0.674808,0.000109800699211,,149.946121,58.825405,20.000000,0.007852,100.000000,0,88.879287,50000,0,0,34.501506,34.494907,20.000000,0.270904,0.674808,1000000
325,17.924520,Series RL,0.655492,0.000109899575811,,58.599086,-32.488567,20.000000,0.007853,100.000000,0,88.912338,50000,0,0,34.532192,34.525970,20.000000,0.271198,0.655492,1000000
326,17.977178,Series RL,0.355588,0.000108336731565,,87.614051,-2.984539,20.000000,0.007855,100.000000,0,89.401412,50000,0,0,34.036846,34.034988,20.000000,0.267354,0.355588,1000000
327,18.032138,Series RL,0.585163,0.000108382023879,,-169.376220,99.639228,20.000000,0.007854,100.000000,0,89.015426,50000,0,0,34.054244,34.049217,20.000000,0.267471,0.585163,1000000
328,18.089927,Series RL,0.620506,0.000109967840549,,76.109153,-14.919832,20.000000,0.007853,100.000000,0,88.971023,50000,0,0,34.552989,34.547416,20.000000,0.271350,0.620506,1000000
329,18.147421,Series RL,0.423090,0.00010955766643,,109.306465,18.602191,20.000000,0.007852,100.000000,0,89.295722,50000,0,0,34.421154,34.418556,20.000000,0.270273,0.423090,1000000
330,18.202719,Series RL,0.698872,0.000108946931617,,-117.134315,151.695907,20.000000,0.007854,100.000000,0,88.830245,50000,0,0,34.233821,34.226688,20.000000,0.268866,0.698872,1000000
331,18.255896,Series RL,0.377361,0.000108054113767,,101.914863,11.277963,20.000000,0.007854,100.000000,0,89.363098,50000,0,0,33.948299,33.946201,20.000000,0.266628,0.377361,1000000
332,18.309617,Series RL,0.678494,0.000109171228679,,80.374114,-10.759218,20.000000,0.007852,100.000000,0,88.866668,50000,0,0,34.303863,34.297153,20.000000,0.269369,0.678494,1000000
333,18.364355,Series RL,0.651731,0.000109290260661,,-63.901561,-154.989013,20.000000,0.007853,100.000000,0,88.912551,50000,0,0,34.340732,34.334548,20.000000,0.269673,0.651731,1000000
334,18.418263,Series RL,0.428769,0.000109078603685,,-36.151985,-126.868850,20.000000,0.007850,100.000000,0,89.283142,50000,0,0,34.270736,34.268054,20.000000,0.269019,0.428769,1000000
335,18.471381,Series RL,0.657274,0.00010996683469,,-49.541404,-140.631347,20.000000,0.007853,100.000000,0,88.910057,50000,0,0,34.553352,34.547100,20.000000,0.271363,0.657274,1000000
336,18.525557,Series RL,0.488132,0.00010966514058,,127.870048,37.058311,20.000000,0.007850,100.000000,0,89.188262,50000,0,0,34.455780,34.452320,20.000000,0.270471,0.488132,1000000
337,18.583603,Series RL,0.304433,0.000108096089292,,-112.835807,156.650573,20.000000,0.007854,100.000000,0,89.486381,50000,0,0,33.960754,33.959388,20.000000,0.266720,0.304433,1000000
338,18.642386,Series RL,0.679285,0.000108968035563,,26.974687,-64.162071,20.000000,0.007852,100.000000,0,88.863235,50000,0,0,34.240055,34.233318,20.000000,0.268868,0.679285,1000000
339,18.697154,Series RL,0.356598,0.000107984076043,,-149.070083,120.327659,20.000000,0.007853,100.000000,0,89.397750,50000,0,0,33.926071,33.924198,20.000000,0.266433,0.356598,1000000
340,18.751525,Series RL,0.700734,0.000109739609178,,132.489440,41.325035,20.000000,0.007853,100.000000,0,88.835594,50000,0,0,34.482837,34.475715,20.000000,0.270791,0.700734,1000000
341,18.804285,Series RL,0.477346,0.000108267811109,,-132.532638,136.663314,20.000000,0.007855,100.000000,0,89.195960,50000,0,0,34.016685,34.013336,20.000000,0.267196,0.477346,1000000
342,18.857966,Series RL,0.677600,0.000108804328788,,153.339279,62.203639,20.000000,0.007855,100.000000,0,88.864349,50000,0,0,34.188602,34.181888,20.000000,0.268568,0.677600,1000000
343,18.911364,Series RL,0.318103,0.00010815307631,,157.088272,66.551864,20.000000,0.007850,100.000000,0,89.463600,50000,0,0,33.978778,33.977291,20.000000,0.266740,0.318103,1000000
344,18.965510,Series RL,0.472174,0.000109805785803,,-69.857383,-160.641571,20.000000,0.007851,100.000000,0,89.215805,50000,0,0,34.499736,34.496505,20.000000,0.270843,0.472174,1000000
345,19.019200,Series RL,0.521813,0.000109901374262,,-51.515399,-142.381271,20.000000,0.007850,100.000000,0,89.134132,50000,0,0,34.530479,34.526535,20.000000,0.271057,0.521813,1000000
346,19.077188,Series RL,0.673508,0.0001098375022,,-119.725021,149.156768,20.000000,0.007853,100.000000,0,88.881828,50000,0,0,34.513042,34.506469,20.000000,0.271026,0.673508,1000000
347,19.149488,Series RL,0.492661,0.000109779146449,,74.106185,-16.712228,20.000000,0.007848,100.000000,0,89.181579,50000,0,0,34.491653,34.488136,20.000000,0.270698,0.492661,1000000
348,19.216011,Series RL,0.309614,0.00010805054233,,-112.354072,157.123336,20.000000,0.007851,100.000000,0,89.477416,50000,0,0,33.946491,33.945079,20.000000,0.266511,0.309614,1000000
349,19.277597,Series RL,0.397769,0.000108714886893,,-1.171521,-91.838783,20.000000,0.007851,100.000000,0,89.332740,50000,0,0,34.156105,34.153789,20.000000,0.268152,0.397769,1000000
350,19.338787,Series RL,0.607645,0.000108342327453,,-97.440101,171.537109,20.000000,0.007855,100.000000,0,88.977226,50000,0,0,34.042171,34.036746,20.000000,0.267389,0.607645,1000000
351,19.395497,Series RL,0.538623,0.000109957094407,,-51.184101,-142.077407,20.000000,0.007849,100.000000,0,89.106697,50000,0,0,34.548240,34.544040,20.000000,0.271176,0.538623,1000000
352,19.449476,Series RL,0.646652,0.000109992732382,,-12.942175,-104.014259,20.000000,0.007854,100.000000,0,88.927909,50000,0,0,34.561286,34.555236,20.000000,0.271444,0.646652,1000000
353,19.503396,Series RL,0.614468,0.000108343046834,,-97.557365,171.408386,20.000000,0.007855,100.000000,0,88.965751,50000,0,0,34.042518,34.036972,20.000000,0.267396,0.614468,1000000
354,19.559814,Series RL,0.548544,0.000109969139253,,20.960533,-69.949127,20.000000,0.007849,100.000000,0,89.090339,50000,0,0,34.552181,34.547824,20.000000,0.271209,0.548544,1000000
355,19.617473,Series RL,0.681625,0.000108649257761,,-170.313156,98.542831,20.000000,0.007854,100.000000,0,88.855979,50000,0,0,34.139976,34.133171,20.000000,0.268144,0.681625,1000000
356,19.669170,Series RL,0.430286,0.0001081330769,,-150.270416,119.003890,20.000000,0.007856,100.000000,0,89.274314,50000,0,0,33.973735,33.971008,20.000000,0.266900,0.430286,1000000
357,19.725625,Series RL,0.697608,0.000109825457354,,-83.116989,-174.275299,20.000000,0.007853,100.000000,0,88.841697,50000,0,0,34.509738,34.502685,20.000000,0.271012,0.697608,1000000
358,19.780621,Series RL,0.609080,0.000109927953137,,39.416854,-51.593544,20.000000,0.007848,100.000000,0,88.989593,50000,0,0,34.540256,34.534885,20.000000,0.271086,0.609080,1000000
359,19.834660,Series RL,0.682644,0.00010970274571,,-119.247451,149.617782,20.000000,0.007855,100.000000,0,88.865264,50000,0,0,34.470893,34.464134,20.000000,0.270757,0.682644,1000000
360,19.889658,Series RL,0.333966,0.000108036711765,,102.957496,12.393741,20.000000,0.007850,100.000000,0,89.436248,50000,0,0,33.942378,33.940734,20.000000,0.266464,0.333966,1000000
361,19.945244,Series RL,0.640434,0.00010991271246,,113.357589,22.295030,20.000000,0.007853,100.000000,0,88.937446,50000,0,0,34.536037,34.530097,20.000000,0.271228,0.640434,1000000
362,20.000711,Series RL,0.690236,0.00010935899968,,133.952377,42.801425,20.000000,0.007853,100.000000,0,88.849044,50000,0,0,34.363075,34.356143,20.000000,0.269844,0.690236,1000000
363,20.058974,Series RL,0.345601,0.000108360674835,,-92.399993,177.018325,20.000000,0.007853,100.000000,0,89.418350,50000,0,0,34.044265,34.042510,20.000000,0.267359,0.345601,1000000
364,20.116480,Series RL,0.693822,0.000109281666294,,26.171482,-64.986274,20.000000,0.007852,100.000000,0,88.842254,50000,0,0,34.338859,34.331848,20.000000,0.269623,0.693822,1000000
365,20.172679,Series RL,0.480959,0.000109637005169,,91.572303,0.772290,20.000000,0.007850,100.000000,0,89.199989,50000,0,0,34.446838,34.443481,20.000000,0.270423,0.480959,1000000
366,20.231575,Series RL,0.660515,0.000109744307431,,60.497890,-30.599649,20.000000,0.007852,100.000000,0,88.902458,50000,0,0,34.483516,34.477191,20.000000,0.270771,0.660515,1000000
367,20.287595,Series RL,0.633755,0.000109908548967,,-85.734016,-176.785537,20.000000,0.007854,100.000000,0,88.948486,50000,0,0,34.534603,34.528789,20.000000,0.271234,0.633755,1000000
368,20.342257,Series RL,0.354059,0.000108246414318,,-146.623748,122.779747,20.000000,0.007855,100.000000,0,89.403488,50000,0,0,34.008457,34.006614,20.000000,0.267149,0.354059,1000000
369,20.395113,Series RL,0.495775,0.000109783905181,,-106.003471,163.172973,20.000000,0.007848,100.000000,0,89.176452,50000,0,0,34.493194,34.489631,20.000000,0.270692,0.495775,1000000
370,20.446477,Series RL,0.671745,0.000109792782844,,24.567581,-66.548118,20.000000,0.007851,100.000000,0,88.884292,50000,0,0,34.498962,34.492420,20.000000,0.270858,0.671745,1000000
371,20.499568,Series RL,0.367637,0.00010909957394,,-89.991088,179.394393,20.000000,0.007854,100.000000,0,89.385452,50000,0,0,34.276615,34.274642,20.000000,0.269201,0.367637,1000000
372,20.581816,Series RL,0.663366,0.000109991226776,,76.523544,-14.576259,20.000000,0.007853,100.000000,0,88.900192,50000,0,0,34.561130,34.554763,20.000000,0.271414,0.663366,1000000
373,20.651092,Series RL,0.411721,0.000108957703224,,35.550514,-55.138607,20.000000,0.007852,100.000000,0,89.310874,50000,0,0,34.232547,34.230072,20.000000,0.268778,0.411721,1000000
374,20.705831,Series RL,0.331326,0.000108160165072,,86.615394,-3.943270,20.000000,0.007852,100.000000,0,89.441337,50000,0,0,33.981132,33.979518,20.000000,0.266824,0.331326,1000000
375,20.759848,Series RL,0.672164,0.000109849973581,,132.129272,41.013446,20.000000,0.007853,100.000000,0,88.884178,50000,0,0,34.516933,34.510387,20.000000,0.271049,0.672164,1000000
376,20.812177,Series RL,0.680253,0.000109847592623,,131.423324,40.294044,20.000000,0.007852,100.000000,0,88.870735,50000,0,0,34.516345,34.509639,20.000000,0.271029,0.680253,1000000
377,20.866252,Series RL,0.665716,0.000109069219909,,116.691131,25.578100,20.000000,0.007852,100.000000,0,88.886978,50000,0,0,34.271572,34.265106,20.000000,0.269085,0.665716,1000000
378,20.920121,Series RL,0.652478,0.000109995307509,,22.998561,-68.083152,20.000000,0.007852,100.000000,0,88.918281,50000,0,0,34.562206,34.556045,20.000000,0.271398,0.652478,1000000
379,20.971718,Series RL,0.503249,0.000109828420819,,110.408813,19.573186,20.000000,0.007848,100.000000,0,89.164375,50000,0,0,34.507286,34.503616,20.000000,0.270808,0.503249,1000000
380,21.024463,Series RL,0.708781,0.000108751849037,,-80.433502,-171.621963,20.000000,0.007855,100.000000,0,88.811538,50000,0,0,34.172752,34.165401,20.000000,0.268422,0.708781,1000000
381,21.081376,Series RL,0.718374,0.000109429101067,,97.468025,6.270934,20.000000,0.007854,100.000000,0,88.802909,50000,0,0,34.385669,34.378166,20.000000,0.270064,0.718374,1000000
382,21.135282,Series RL,0.500601,0.000108118991688,,-150.560516,118.595123,20.000000,0.007857,100.000000,0,89.155632,50000,0,0,33.970272,33.966583,20.000000,0.266891,0.500601,1000000
383,21.189137,Series RL,0.379452,0.000108754277742,,-37.142349,-127.778656,20.000000,0.007852,100.000000,0,89.363693,50000,0,0,34.168273,34.166164,20.000000,0.268291,0.379452,1000000
384,21.243750,Series RL,0.565639,0.000109990523312,,39.413761,-51.524051,20.000000,0.007849,100.000000,0,89.062179,50000,0,0,34.559169,34.554542,20.000000,0.271261,0.565639,1000000
385,21.299833,Series RL,0.345979,0.000108421936756,,-73.877624,-164.459579,20.000000,0.007854,100.000000,0,89.418045,50000,0,0,34.063514,34.061756,20.000000,0.267524,0.345979,1000000
386,21.354116,Series RL,0.271517,0.000108079721797,,-130.887741,138.654067,20.000000,0.007851,100.000000,0,89.541839,50000,0,0,33.955333,33.954246,20.000000,0.266574,0.271517,1000000
387,21.407193,Series RL,0.419816,0.000109165352678,,-71.893714,-162.595046,20.000000,0.007850,100.000000,0,89.298667,50000,0,0,34.297878,34.295307,20.000000,0.269238,0.419816,1000000
388,21.461327,Series RL,0.361013,0.000108362205906,,15.626316,-74.981262,20.000000,0.007850,100.000000,0,89.392425,50000,0,0,34.044906,34.042991,20.000000,0.267267,0.361013,1000000
389,21.515127,Series RL,0.527430,0.000109881069274,,-105.191246,163.933441,20.000000,0.007850,100.000000,0,89.124649,50000,0,0,34.524185,34.520156,20.000000,0.271029,0.527430,1000000
390,21.571655,Series RL,0.663837,0.000109927322884,,95.363716,4.262492,20.000000,0.007855,100.000000,0,88.898773,50000,0,0,34.541069,34.534687,20.000000,0.271321,0.663837,1000000
391,21.625442,Series RL,0.571109,0.000108347792834,,28.816417,-62.144821,20.000000,0.007853,100.000000,0,89.038757,50000,0,0,34.043254,34.038463,20.000000,0.267341,0.571109,1000000
392,21.680052,Series RL,0.302270,0.000108110260448,,-166.546737,102.943351,20.000000,0.007852,100.000000,0,89.490089,50000,0,0,33.965183,33.963840,20.000000,0.266686,0.302270,1000000
393,21.734267,Series RL,0.341717,0.00010798999979,,49.154449,-41.422634,20.000000,0.007851,100.000000,0,89.422904,50000,0,0,33.927780,33.926059,20.000000,0.266364,0.341717,1000000
394,21.789039,Series RL,0.670385,0.000109784331717,,-173.749023,95.137420,20.000000,0.007853,100.000000,0,88.886466,50000,0,0,34.496280,34.489765,20.000000,0.270915,0.670385,1000000
395,21.842101,Series RL,0.320291,0.000108012634806,,-76.304298,-166.845108,20.000000,0.007852,100.000000,0,89.459213,50000,0,0,33.934680,33.933170,20.000000,0.266460,0.320291,1000000
396,21.895248,Series RL,0.714463,0.000109625555562,,7.196181,-83.992263,20.000000,0.007853,100.000000,0,88.811553,50000,0,0,34.447296,34.439884,20.000000,0.270512,0.714463,1000000
397,21.949035,Series RL,0.658071,0.000109974143085,,76.580116,-14.511089,20.000000,0.007851,100.000000,0,88.908798,50000,0,0,34.555664,34.549396,20.000000,0.271313,0.658071,1000000
398,22.001787,Series RL,0.659367,0.000108480426197,,-151.916748,116.974830,20.000000,0.007855,100.000000,0,88.891609,50000,0,0,34.086509,34.080131,20.000000,0.267746,0.659367,1000000
399,22.057497,Series RL,0.409558,0.000108712919738,,34.895614,-55.791435,20.000000,0.007850,100.000000,0,89.312957,50000,0,0,34.155628,34.153171,20.000000,0.268136,0.409558,1000000
400,22.112466,Series RL,0.721341,0.000109635862436,,61.245048,-29.954727,20.000000,0.007853,100.000000,0,88.800224,50000,0,0,34.450675,34.443122,20.000000,0.270540,0.721341,1000000
401,22.166234,Series RL,0.370801,0.000108580541023,,-37.520782,-128.143585,20.000000,0.007853,100.000000,0,89.377204,50000,0,0,34.113597,34.111583,20.000000,0.267900,0.370801,1000000
402,22.219498,Series RL,0.681050,0.000109836712791,,78.150009,-12.980694,20.000000,0.007850,100.000000,0,88.869293,50000,0,0,34.512943,34.506221,20.000000,0.270927,0.681050,1000000
403,22.273857,Series RL,0.457749,0.000109574349051,,109.219535,18.457687,20.000000,0.007851,100.000000,0,89.238159,50000,0,0,34.426841,34.423797,20.000000,0.270302,0.457749,1000000
404,22.327808,Series RL,0.536826,0.000109843779271,,-68.849525,-159.740768,20.000000,0.007848,100.000000,0,89.108757,50000,0,0,34.512615,34.508441,20.000000,0.270862,0.536826,1000000
405,22.383590,Series RL,0.462900,0.00010969581292,,-106.344993,162.885421,20.000000,0.007849,100.000000,0,89.230430,50000,0,0,34.465065,34.461956,20.000000,0.270505,0.462900,1000000
406,22.437618,Series RL,0.462085,0.00010943172394,,36.834541,-53.935520,20.000000,0.007850,100.000000,0,89.229942,50000,0,0,34.382095,34.378990,20.000000,0.269899,0.462085,1000000
407,22.491417,Series RL,0.319911,0.000108083875741,,-112.819862,156.640335,20.000000,0.007854,100.000000,0,89.460197,50000,0,0,33.957057,33.955551,20.000000,0.266710,0.319911,1000000
408,22.577038,Series RL,0.353073,0.000108020331539,,84.731605,-5.864498,20.000000,0.007849,100.000000,0,89.403900,50000,0,0,33.937423,33.935588,20.000000,0.266385,0.353073,1000000
409,22.648880,Series RL,0.702909,0.000109376910978,,-136.164260,132.663833,20.000000,0.007851,100.000000,0,88.828109,50000,0,0,34.368961,34.361770,20.000000,0.269845,0.702909,1000000
410,22.703819,Series RL,0.511103,0.000109762960391,,55.979637,-34.869537,20.000000,0.007848,100.000000,0,89.150825,50000,0,0,34.486839,34.483051,20.000000,0.270660,0.511103,1000000
411,22.756580,Series RL,0.684987,0.000109521407751,,115.233306,24.092798,20.000000,0.007851,100.000000,0,88.859481,50000,0,0,34.413982,34.407165,20.000000,0.270190,0.684987,1000000
412,22.811524,Series RL,0.663853,0.000109655849114,,96.948425,5.844448,20.000000,0.007853,100.000000,0,88.896018,50000,0,0,34.455795,34.449401,20.000000,0.270591,0.663853,1000000
413,22.864522,Series RL,0.331247,0.00010799972734,,103.181327,12.621970,20.000000,0.007851,100.000000,0,89.440643,50000,0,0,33.930732,33.929115,20.000000,0.266379,0.331247,1000000
414,22.918939,Series RL,0.443818,0.000108137106703,,-42.342586,-133.091064,20.000000,0.007853,100.000000,0,89.251525,50000,0,0,33.975173,33.972274,20.000000,0.266806,0.443818,1000000
415,22.973177,Series RL,0.302035,0.00010802633168,,-147.574478,121.915596,20.000000,0.007851,100.000000,0,89.490089,50000,0,0,33.938816,33.937473,20.000000,0.266463,0.302035,1000000
416,23.028568,Series RL,0.474741,0.000108184366172,,-114.465110,154.734634,20.000000,0.007851,100.000000,0,89.199729,50000,0,0,33.990436,33.987121,20.000000,0.266858,0.474741,1000000
417,23.085466,Series RL,0.534074,0.000109960955506,,-158.655517,110.458740,20.000000,0.007849,100.000000,0,89.114265,50000,0,0,34.549381,34.545253,20.000000,0.271170,0.534074,1000000
418,23.139409,Series RL,0.584530,0.000109971883085,,57.330215,-33.639083,20.000000,0.007848,100.000000,0,89.030700,50000,0,0,34.553630,34.548686,20.000000,0.271173,0.584530,1000000
419,23.194145,Series RL,0.366170,0.000108664154664,,-145.226150,124.159271,20.000000,0.007851,100.000000,0,89.385452,50000,0,0,34.139816,34.137851,20.000000,0.268018,0.366170,1000000
420,23.246978,Series RL,0.361302,0.000108463558957,,-145.844253,123.548263,20.000000,0.007852,100.000000,0,89.392501,50000,0,0,34.076747,34.074832,20.000000,0.267586,0.361302,1000000
421,23.302211,Series RL,0.669600,0.000108965909253,,134.895599,43.775020,20.000000,0.007851,100.000000,0,88.879417,50000,0,0,34.239200,34.232650,20.000000,0.268820,0.669600,1000000
422,23.354891,Series RL,0.583252,0.000108290430209,,100.760269,9.778072,20.000000,0.007851,100.000000,0,89.017799,50000,0,0,34.025444,34.020442,20.000000,0.267142,0.583252,1000000
423,23.408424,Series RL,0.652069,0.000109955502858,,131.624404,40.542961,20.000000,0.007854,100.000000,0,88.918571,50000,0,0,34.549694,34.543540,20.000000,0.271339,0.652069,1000000
424,23.462875,Series RL,0.696109,0.000109505622763,,43.482334,-47.676856,20.000000,0.007852,100.000000,0,88.840805,50000,0,0,34.409248,34.402206,20.000000,0.270167,0.696109,1000000
425,23.516217,Series RL,0.704619,0.000109598295504,,43.287296,-47.885066,20.000000,0.007851,100.000000,0,88.827629,50000,0,0,34.438529,34.431320,20.000000,0.270372,0.704619,1000000
426,23.574701,Series RL,0.647887,0.000108355018468,,-151.647750,117.261856,20.000000,0.007853,100.000000,0,88.909637,50000,0,0,34.046897,34.040733,20.000000,0.267354,0.647887,1000000
427,23.628336,Series RL,0.549207,0.000109863632259,,-176.417221,92.671142,20.000000,0.007848,100.000000,0,89.088363,50000,0,0,34.519046,34.514678,20.000000,0.270907,0.549207,1000000
428,23.682877,Series RL,0.370064,0.000108069656839,,66.227821,-24.396675,20.000000,0.007853,100.000000,0,89.375503,50000,0,0,33.953102,33.951084,20.000000,0.266618,0.370064,1000000
429,23.735866,Series RL,0.684478,0.000109679165313,,-28.983425,-120.121452,20.000000,0.007854,100.000000,0,88.861968,50000,0,0,34.463523,34.456726,20.000000,0.270663,0.684478,1000000
430,23.791512,Series RL,0.477370,0.000108207946569,,-60.645759,-151.450286,20.000000,0.007853,100.000000,0,89.195472,50000,0,0,33.997882,33.994529,20.000000,0.266990,0.477370,1000000
431,23.845049,Series RL,0.401146,0.000108755054418,,88.894554,-1.778120,20.000000,0.007852,100.000000,0,89.327323,50000,0,0,34.168762,34.166408,20.000000,0.268307,0.401146,1000000
432,23.898229,Series RL,0.608054,0.000108397843881,,28.682786,-62.340152,20.000000,0.007851,100.000000,0,88.977066,50000,0,0,34.059616,34.054187,20.000000,0.267412,0.608054,1000000
433,23.952078,Series RL,0.371014,0.000108121188026,,-132.060195,137.313995,20.000000,0.007853,100.000000,0,89.374198,50000,0,0,33.969299,33.967273,20.000000,0.266758,0.371014,1000000
434,24.005345,Series RL,0.589034,0.00010992809956,,129.464202,38.487056,20.000000,0.007850,100.000000,0,89.022842,50000,0,0,34.539955,34.534931,20.000000,0.271134,0.589034,1000000
435,24.061302,Series RL,0.475939,0.00010965554672,,-142.394439,126.814041,20.000000,0.007849,100.000000,0,89.208473,50000,0,0,34.452594,34.449306,20.000000,0.270421,0.475939,1000000
436,24.114731,Series RL,0.669344,0.000109062576782,,-153.319610,115.561218,20.000000,0.007854,100.000000,0,88.880836,50000,0,0,34.269554,34.263019,20.000000,0.269152,0.669344,1000000
437,24.168609,Series RL,0.437723,0.000109591410461,,19.629249,-71.099159,20.000000,0.007848,100.000000,0,89.271591,50000,0,0,34.431938,34.429157,20.000000,0.270226,0.437723,1000000
438,24.221867,Series RL,0.324600,0.00010825702677,,87.005516,-3.541315,20.000000,0.007849,100.000000,0,89.453170,50000,0,0,34.011497,34.009948,20.000000,0.266950,0.324600,1000000
439,24.276433,Series RL,0.418825,0.000108850445525,,89.217201,-1.484498,20.000000,0.007851,100.000000,0,89.298294,50000,0,0,34.198940,34.196376,20.000000,0.268485,0.418825,1000000
440,24.331848,Series RL,0.401540,0.000108810122028,,142.891616,52.218624,20.000000,0.007852,100.000000,0,89.327003,50000,0,0,34.186065,34.183708,20.000000,0.268413,0.401540,1000000
441,24.386827,Series RL,0.620797,0.000109893053641,,130.609115,39.578948,20.000000,0.007851,100.000000,0,88.969833,50000,0,0,34.529502,34.523921,20.000000,0.271102,0.620797,1000000
442,24.440210,Series RL,0.517667,0.000109938988941,,-33.303260,-124.161964,20.000000,0.007850,100.000000,0,89.141296,50000,0,0,34.542232,34.538352,20.000000,0.271155,0.517667,1000000
443,24.493452,Series RL,0.418899,0.000109333598552,,-71.319129,-162.017868,20.000000,0.007848,100.000000,0,89.301269,50000,0,0,34.350719,34.348163,20.000000,0.269576,0.418899,1000000
444,24.564487,Series RL,0.416804,0.000109107894561,,-72.104515,-162.801177,20.000000,0.007853,100.000000,0,89.303329,50000,0,0,34.279788,34.277256,20.000000,0.269192,0.416804,1000000
445,24.642463,Series RL,0.392379,0.000108546274964,,70.503555,-20.155687,20.000000,0.007850,100.000000,0,89.340759,50000,0,0,34.103076,34.100818,20.000000,0.267724,0.392379,1000000
446,24.696881,Series RL,0.351617,0.000108048065879,,-77.437835,-168.031326,20.000000,0.007851,100.000000,0,89.406509,50000,0,0,33.946121,33.944301,20.000000,0.266518,0.351617,1000000
447,24.750578,Series RL,0.703375,0.000109762982672,,114.385177,23.216642,20.000000,0.007852,100.000000,0,88.831459,50000,0,0,34.490230,34.483058,20.000000,0.270831,0.703375,1000000
448,24.804221,Series RL,0.421858,0.000109104482279,,-161.991912,107.302940,20.000000,0.007852,100.000000,0,89.294860,50000,0,0,34.278781,34.276184,20.000000,0.269169,0.421858,1000000
449,24.859449,Series RL,0.411250,0.00010903856985,,71.704566,-18.983261,20.000000,0.007849,100.000000,0,89.312164,50000,0,0,34.257946,34.255477,20.000000,0.268878,0.411250,1000000
450,24.912723,Series RL,0.464199,0.00010816801141,,-168.491470,100.725914,20.000000,0.007853,100.000000,0,89.217376,50000,0,0,33.985153,33.981983,20.000000,0.266896,0.464199,1000000
451,24.968059,Series RL,0.644329,0.000110023076864,,94.804069,3.736124,20.000000,0.007853,100.000000,0,88.932060,50000,0,0,34.570774,34.564769,20.000000,0.271488,0.644329,1000000
452,25.022854,Series RL,0.287216,0.000108072422951,,158.381988,67.897308,20.000000,0.007848,100.000000,0,89.515319,50000,0,0,33.953170,33.951953,20.000000,0.266464,0.287216,1000000
453,25.080844,Series RL,0.320523,0.000108033751483,,66.797157,-23.743925,20.000000,0.007850,100.000000,0,89.458915,50000,0,0,33.941318,33.939804,20.000000,0.266427,0.320523,1000000
454,25.136108,Series RL,0.411280,0.000108971896662,,-36.415184,-127.103477,20.000000,0.007850,100.000000,0,89.311698,50000,0,0,34.237003,34.234531,20.000000,0.268761,0.411280,1000000
455,25.192296,Series RL,0.669734,0.000109157958339,,-117.715835,151.165328,20.000000,0.007849,100.000000,0,88.881164,50000,0,0,34.299522,34.292984,20.000000,0.269232,0.669734,1000000
456,25.248387,Series RL,0.539041,0.000110010414496,,3.172735,-87.720832,20.000000,0.007848,100.000000,0,89.106437,50000,0,0,34.564994,34.560791,20.000000,0.271276,0.539041,1000000
457,25.303611,Series RL,0.387519,0.000108917497502,,17.242607,-73.406250,20.000000,0.007851,100.000000,0,89.351142,50000,0,0,34.219635,34.217441,20.000000,0.268645,0.387519,1000000
458,25.360092,Series RL,0.400802,0.000109115117012,,-35.956958,-126.626838,20.000000,0.007850,100.000000,0,89.330116,50000,0,0,34.281867,34.279525,20.000000,0.269104,0.400802,1000000
459,25.414531,Series RL,0.366392,0.000108529799244,,-37.585136,-128.200820,20.000000,0.007851,100.000000,0,89.384323,50000,0,0,34.097610,34.095642,20.000000,0.267717,0.366392,1000000
460,25.469162,Series RL,0.640745,0.000109880012485,,113.248847,22.185464,20.000000,0.007852,100.000000,0,88.936614,50000,0,0,34.525772,34.519824,20.000000,0.271084,0.640745,1000000
461,25.525326,Series RL,0.349735,0.000108384038781,,-110.154335,159.257202,20.000000,0.007851,100.000000,0,89.411514,50000,0,0,34.051647,34.049850,20.000000,0.267337,0.349735,1000000
462,25.583074,Series RL,0.472621,0.000108240878909,,-132.555572,136.648132,20.000000,0.007853,100.000000,0,89.203720,50000,0,0,34.008159,34.004875,20.000000,0.267050,0.472621,1000000
463,25.641096,Series RL,0.665215,0.000109875400175,,113.552879,22.448850,20.000000,0.007851,100.000000,0,88.895973,50000,0,0,34.524784,34.518375,20.000000,0.271042,0.665215,1000000
464,25.696142,Series RL,0.377190,0.000108247713023,,-2.786129,-93.421607,20.000000,0.007851,100.000000,0,89.364524,50000,0,0,34.009113,34.007022,20.000000,0.266992,0.377190,1000000
465,25.750293,Series RL,0.583224,0.000108179098144,,-168.822265,100.194572,20.000000,0.007853,100.000000,0,89.016838,50000,0,0,33.990470,33.985466,20.000000,0.266942,0.583224,1000000
466,25.804619,Series RL,0.325920,0.000108299575252,,-74.589393,-165.138229,20.000000,0.007851,100.000000,0,89.451156,50000,0,0,34.024875,34.023315,20.000000,0.267139,0.325920,1000000
467,25.857866,Series RL,0.695771,0.000109799193605,,24.363912,-66.791618,20.000000,0.007853,100.000000,0,88.844467,50000,0,0,34.501449,34.494434,20.000000,0.270946,0.695771,1000000
468,25.911953,Series RL,0.381866,0.000108651902916,,-1.592274,-92.233230,20.000000,0.007852,100.000000,0,89.359039,50000,0,0,34.136138,34.134002,20.000000,0.268033,0.381866,1000000
469,25.965406,Series RL,0.381310,0.000108394469796,,-2.393575,-93.035125,20.000000,0.007850,100.000000,0,89.358451,50000,0,0,34.055263,34.053127,20.000000,0.267345,0.381310,1000000
470,26.016730,Series RL,0.366642,0.000108308112324,,-56.473930,-147.091293,20.000000,0.007851,100.000000,0,89.382644,50000,0,0,34.027973,34.025997,20.000000,0.267142,0.366642,1000000
471,26.075391,Series RL,0.712877,0.000109755722024,,-11.254778,-102.439178,20.000000,0.007852,100.000000,0,88.815597,50000,0,0,34.488147,34.480777,20.000000,0.270817,0.712877,1000000
472,26.130156,Series RL,0.445418,0.000109304008465,,72.759620,-17.983541,20.000000,0.007851,100.000000,0,89.256835,50000,0,0,34.341754,34.338867,20.000000,0.269604,0.445418,1000000
473,26.186082,Series RL,0.610532,0.000109997494298,,-139.946914,129.040893,20.000000,0.007851,100.000000,0,88.987823,50000,0,0,34.562126,34.556732,20.000000,0.271348,0.610532,1000000
474,26.242329,Series RL,0.667402,0.000108813228733,,153.177444,62.058967,20.000000,0.007853,100.000000,0,88.881523,50000,0,0,34.191200,34.184684,20.000000,0.268492,0.667402,1000000
475,26.299482,Series RL,0.613426,0.000110007925313,,-157.120635,111.862487,20.000000,0.007853,100.000000,0,88.983123,50000,0,0,34.565452,34.560009,20.000000,0.271455,0.613426,1000000
476,26.353831,Series RL,0.303879,0.000108079053346,,48.521492,-41.991279,20.000000,0.007850,100.000000,0,89.487236,50000,0,0,33.955394,33.954036,20.000000,0.266539,0.303879,1000000
477,26.410753,Series RL,0.307487,0.000108142330169,,68.348937,-22.169618,20.000000,0.007849,100.000000,0,89.481445,50000,0,0,33.975307,33.973915,20.000000,0.266664,0.307487,1000000
478,26.466414,Series RL,0.607544,0.000108403248782,,100.341644,9.319617,20.000000,0.007853,100.000000,0,88.977973,50000,0,0,34.061305,34.055885,20.000000,0.267481,0.607544,1000000
479,26.519036,Series RL,0.381406,0.000108459615097,,-164.272399,105.086265,20.000000,0.007851,100.000000,0,89.358680,50000,0,0,34.075729,34.073593,20.000000,0.267541,0.381406,1000000
480,26.611058,Series RL,0.349869,0.000108672787228,,16.556167,-74.030975,20.000000,0.007851,100.000000,0,89.412857,50000,0,0,34.142356,34.140563,20.000000,0.268042,0.349869,1000000
481,26.674137,Series RL,0.567226,0.000109913307699,,147.244598,56.303482,20.000000,0.007847,100.000000,0,89.058883,50000,0,0,34.534942,34.530284,20.000000,0.271013,0.567226,1000000
482,26.728174,Series RL,0.701070,0.000109590414151,,-28.816209,-119.982765,20.000000,0.007851,100.000000,0,88.833450,50000,0,0,34.435981,34.428844,20.000000,0.270367,0.701070,1000000
483,26.782010,Series RL,0.342692,0.000108214917555,,-23.758975,-114.336517,20.000000,0.007850,100.000000,0,89.422470,50000,0,0,33.998447,33.996719,20.000000,0.266878,0.342692,1000000
484,26.835789,Series RL,0.648807,0.000109931801504,,76.835144,-14.241105,20.000000,0.007851,100.000000,0,88.923744,50000,0,0,34.542186,34.536094,20.000000,0.271191,0.648807,1000000
485,26.891235,Series RL,0.474220,0.00010956400398,,19.397245,-71.392082,20.000000,0.007848,100.000000,0,89.210662,50000,0,0,34.423812,34.420547,20.000000,0.270155,0.474220,1000000
486,26.946535,Series RL,0.657819,0.000109784901491,,-102.079109,166.828216,20.000000,0.007852,100.000000,0,88.907341,50000,0,0,34.496215,34.489944,20.000000,0.270868,0.657819,1000000
487,27.002320,Series RL,0.655168,0.000109956352745,,-66.312072,-157.398635,20.000000,0.007854,100.000000,0,88.913436,50000,0,0,34.550018,34.543807,20.000000,0.271344,0.655168,1000000
488,27.059891,Series RL,0.514804,0.000109906301699,,20.884248,-69.969955,20.000000,0.007846,100.000000,0,89.145797,50000,0,0,34.531921,34.528083,20.000000,0.270930,0.514804,1000000
489,27.114458,Series RL,0.690499,0.000109625154492,,-28.942218,-120.090812,20.000000,0.007850,100.000000,0,88.851402,50000,0,0,34.446678,34.439758,20.000000,0.270392,0.690499,1000000
490,27.171192,Series RL,0.693715,0.000109527296483,,133.641326,42.486343,20.000000,0.007853,100.000000,0,88.845016,50000,0,0,34.416007,34.409015,20.000000,0.270273,0.693715,1000000
491,27.224324,Series RL,0.481103,0.000109637988746,,163.657592,72.857337,20.000000,0.007846,100.000000,0,89.199760,50000,0,0,34.447151,34.443790,20.000000,0.270280,0.481103,1000000
492,27.279274,Series RL,0.637795,0.000109815659776,,-174.020278,94.920593,20.000000,0.007852,100.000000,0,88.940887,50000,0,0,34.505500,34.499607,20.000000,0.270941,0.637795,1000000
493,27.334401,Series RL,0.514442,0.000109779690758,,-123.886741,145.258651,20.000000,0.007849,100.000000,0,89.145416,50000,0,0,34.492145,34.488307,20.000000,0.270723,0.514442,1000000
494,27.388624,Series RL,0.574164,0.000109851078117,,-105.064155,163.982666,20.000000,0.007849,100.000000,0,89.046836,50000,0,0,34.515510,34.510734,20.000000,0.270917,0.574164,1000000
495,27.441615,Series RL,0.666250,0.000109867557019,,-155.947677,112.946479,20.000000,0.007852,100.000000,0,88.894172,50000,0,0,34.522338,34.515911,20.000000,0.271086,0.666250,1000000
496,27.494804,Series RL,0.471413,0.000109553426542,,109.392288,18.607553,20.000000,0.007849,100.000000,0,89.215270,50000,0,0,34.420455,34.417224,20.000000,0.270167,0.471413,1000000
497,27.554166,Series RL,0.482933,0.0001096189379,,109.562797,18.759363,20.000000,0.007849,100.000000,0,89.196571,50000,0,0,34.441192,34.437805,20.000000,0.270322,0.482933,1000000
498,27.608609,Series RL,0.617940,0.000110013400243,,-139.403472,129.572235,20.000000,0.007850,100.000000,0,88.975692,50000,0,0,34.567253,34.561729,20.000000,0.271338,0.617940,1000000
499,27.663257,Series RL,0.300700,0.000108075691994,,-22.644380,-113.151794,20.000000,0.007850,100.000000,0,89.492576,50000,0,0,33.954311,33.952980,20.000000,0.266526,0.300700,1000000
500,27.718347,Series RL,0.691904,0.00010938625019,,115.882873,24.729421,20.000000,0.007851,100.000000,0,88.846557,50000,0,0,34.371669,34.364704,20.000000,0.269867,0.691904,1000000
501,27.772394,Series RL,0.368878,0.000108311827,,-146.092025,123.286849,20.000000,0.007852,100.000000,0,89.378890,50000,0,0,34.029163,34.027164,20.000000,0.267191,0.368878,1000000
502,27.826066,Series RL,0.647058,0.00010988243164,,-12.934292,-104.008132,20.000000,0.007850,100.000000,0,88.926162,50000,0,0,34.526649,34.520584,20.000000,0.271043,0.647058,1000000
503,27.880452,Series RL,0.479491,0.000108138733267,,173.590606,82.781990,20.000000,0.007853,100.000000,0,89.191383,50000,0,0,33.976169,33.972785,20.000000,0.266805,0.479491,1000000
504,27.932287,Series RL,0.432203,0.000109289703618,,-143.616058,125.662704,20.000000,0.007852,100.000000,0,89.278793,50000,0,0,34.337093,34.334373,20.000000,0.269629,0.432203,1000000
505,27.986346,Series RL,0.670794,0.000109298823196,,-153.870941,115.009880,20.000000,0.007852,100.000000,0,88.880836,50000,0,0,34.343788,34.337238,20.000000,0.269656,0.670794,1000000
506,28.038685,Series RL,0.609904,0.000108432208616,,-169.732986,99.241302,20.000000,0.007853,100.000000,0,88.974273,50000,0,0,34.070442,34.064983,20.000000,0.267563,0.609904,1000000
507,28.095408,Series RL,0.346870,0.000108148728197,,-167.664566,101.750488,20.000000,0.007852,100.000000,0,89.415069,50000,0,0,33.977695,33.975925,20.000000,0.266803,0.346870,1000000
508,28.152295,Series RL,0.696366,0.000108716233344,,-44.512577,-135.680618,20.000000,0.007851,100.000000,0,88.831962,50000,0,0,34.161312,34.154212,20.000000,0.268184,0.696366,1000000
509,28.206346,Series RL,0.424608,0.000109332602242,,-107.631294,161.660430,20.000000,0.007852,100.000000,0,89.291740,50000,0,0,34.350475,34.347850,20.000000,0.269721,0.424608,1000000
510,28.260840,Series RL,0.537062,0.000109865176061,,-15.501611,-106.393074,20.000000,0.007847,100.000000,0,89.108543,50000,0,0,34.519340,34.515163,20.000000,0.270890,0.537062,1000000
511,28.315684,Series RL,0.413302,0.000108808750113,,143.167953,52.475231,20.000000,0.007851,100.000000,0,89.307281,50000,0,0,34.185775,34.183277,20.000000,0.268390,0.413302,1000000
512,28.378572,Series RL,0.671047,0.000108463972759,,10.387617,-80.740577,20.000000,0.007853,100.000000,0,88.871803,50000,0,0,34.081569,34.074962,20.000000,0.267647,0.671047,1000000
513,28.446868,Series RL,0.606062,0.000109928109109,,-176.555694,92.438903,20.000000,0.007850,100.000000,0,88.994606,50000,0,0,34.540252,34.534934,20.000000,0.271156,0.606062,1000000
514,28.507693,Series RL,0.683138,0.000109792649154,,-119.615707,149.249649,20.000000,0.007851,100.000000,0,88.865379,50000,0,0,34.499141,34.492378,20.000000,0.270845,0.683138,1000000
515,28.564853,Series RL,0.320347,0.000108077936079,,-77.339828,-167.880386,20.000000,0.007850,100.000000,0,89.459442,50000,0,0,33.955196,33.953685,20.000000,0.266540,0.320347,1000000
516,28.620690,Series RL,0.551744,0.000109831989073,,111.370292,20.454185,20.000000,0.007848,100.000000,0,89.083900,50000,0,0,34.509147,34.504737,20.000000,0.270824,0.551744,1000000
517,28.675676,Series RL,0.653030,0.000108337339537,,154.430313,63.331115,20.000000,0.007853,100.000000,0,88.900810,50000,0,0,34.041442,34.035179,20.000000,0.267344,0.653030,1000000
518,28.730197,Series RL,0.661647,0.000109960398464,,94.519752,3.422495,20.000000,0.007851,100.000000,0,88.902740,50000,0,0,34.551414,34.545078,20.000000,0.271254,0.661647,1000000
519,28.783559,Series RL,0.685697,0.000109243513671,,62.157848,-28.986749,20.000000,0.007852,100.000000,0,88.855400,50000,0,0,34.326709,34.319862,20.000000,0.269521,0.685697,1000000
520,28.837321,Series RL,0.395913,0.000108046280161,,-150.003433,119.328308,20.000000,0.007852,100.000000,0,89.331741,50000,0,0,33.946048,33.943740,20.000000,0.266552,0.395913,1000000
521,28.891558,Series RL,0.616744,0.000109994177509,,166.546234,75.523735,20.000000,0.007853,100.000000,0,88.977500,50000,0,0,34.561195,34.555690,20.000000,0.271421,0.616744,1000000
522,28.946169,Series RL,0.464034,0.000109627860126,,109.393539,18.621608,20.000000,0.007848,100.000000,0,89.228073,50000,0,0,34.443733,34.440608,20.000000,0.270320,0.464034,1000000
523,29.003797,Series RL,0.573924,0.000108322172071,,-7.121080,-98.087280,20.000000,0.007855,100.000000,0,89.033790,50000,0,0,34.035251,34.030414,20.000000,0.267363,0.573924,1000000
524,29.061896,Series RL,0.677839,0.000109590328207,,-118.989463,149.882614,20.000000,0.007855,100.000000,0,88.872093,50000,0,0,34.435489,34.428817,20.000000,0.270475,0.677839,1000000
525,29.116992,Series RL,0.409283,0.000108691841258,,-37.497173,-128.183883,20.000000,0.007852,100.000000,0,89.313278,50000,0,0,34.149002,34.146549,20.000000,0.268133,0.409283,1000000
526,29.173954,Series RL,0.319718,0.000108069157092,,-59.691967,-150.231506,20.000000,0.007852,100.000000,0,89.460449,50000,0,0,33.952434,33.950927,20.000000,0.266583,0.319718,1000000
527,29.229744,Series RL,0.570284,0.000109889959669,,-140.767227,128.286376,20.000000,0.007850,100.000000,0,89.053619,50000,0,0,34.527656,34.522949,20.000000,0.271041,0.570284,1000000
528,29.285228,Series RL,0.524334,0.000109219882345,,26.399730,-64.475746,20.000000,0.007850,100.000000,0,89.124519,50000,0,0,34.316444,34.312438,20.000000,0.269369,0.524334,1000000
529,29.339822,Series RL,0.308931,0.000108011202411,,-76.252403,-166.774017,20.000000,0.007848,100.000000,0,89.478378,50000,0,0,33.934127,33.932720,20.000000,0.266323,0.308931,1000000
530,29.395268,Series RL,0.642493,0.000108490188762,,-25.621187,-116.701126,20.000000,0.007850,100.000000,0,88.920059,50000,0,0,34.089256,34.083198,20.000000,0.267604,0.642493,1000000
531,29.450558,Series RL,0.412650,0.00010945100397,,162.938400,72.250839,20.000000,0.007851,100.000000,0,89.312431,50000,0,0,34.387523,34.385047,20.000000,0.269975,0.412650,1000000
532,29.505662,Series RL,0.386433,0.000108651005282,,106.711524,16.062889,20.000000,0.007851,100.000000,0,89.351371,50000,0,0,34.135906,34.133720,20.000000,0.267985,0.386433,1000000
533,29.562278,Series RL,0.681022,0.000109844097581,,-156.375579,112.493843,20.000000,0.007855,100.000000,0,88.869422,50000,0,0,34.515258,34.508541,20.000000,0.271105,0.681022,1000000
534,29.618046,Series RL,0.683475,0.000108996253734,,116.798500,25.655027,20.000000,0.007850,100.000000,0,88.856521,50000,0,0,34.249004,34.242183,20.000000,0.268857,0.683475,1000000
535,29.673813,Series RL,0.419245,0.000108126968534,,-168.123046,101.169815,20.000000,0.007855,100.000000,0,89.292892,50000,0,0,33.971675,33.969089,20.000000,0.266850,0.419245,1000000
536,29.730931,Series RL,0.657931,0.000108451539575,,-25.901355,-117.007644,20.000000,0.007850,100.000000,0,88.893722,50000,0,0,34.077407,34.071056,20.000000,0.267515,0.657931,1000000
537,29.785684,Series RL,0.474650,0.000109623381506,,-142.310272,126.900085,20.000000,0.007852,100.000000,0,89.210380,50000,0,0,34.442474,34.439201,20.000000,0.270436,0.474650,1000000
538,29.841010,Series RL,0.696201,0.000108887273978,,152.989669,61.823745,20.000000,0.007854,100.000000,0,88.834068,50000,0,0,34.215030,34.207946,20.000000,0.268725,0.696201,1000000
539,29.895988,Series RL,0.498003,0.000109696771033,,19.793693,-71.034217,20.000000,0.007848,100.000000,0,89.172088,50000,0,0,34.465854,34.462257,20.000000,0.270477,0.498003,1000000
540,29.948088,Series RL,0.418954,0.000108085148981,,-6.195848,-96.902740,20.000000,0.007853,100.000000,0,89.293106,50000,0,0,33.958538,33.955951,20.000000,0.266673,0.418954,1000000
541,30.003329,Series RL,0.334467,0.000108456237829,,-91.822357,177.615219,20.000000,0.007850,100.000000,0,89.437583,50000,0,0,34.074172,34.072532,20.000000,0.267494,0.334467,1000000
542,30.060900,Series RL,0.700451,0.000109678009848,,79.034729,-12.129857,20.000000,0.007851,100.000000,0,88.835411,50000,0,0,34.463481,34.456363,20.000000,0.270576,0.700451,1000000
543,30.116899,Series RL,0.685329,0.000109333076523,,80.083145,-11.059898,20.000000,0.007852,100.000000,0,88.856956,50000,0,0,34.354835,34.347999,20.000000,0.269745,0.685329,1000000
544,30.173871,Series RL,0.432787,0.000109115069265,,-89.990425,179.286209,20.000000,0.007849,100.000000,0,89.276664,50000,0,0,34.282241,34.279510,20.000000,0.269088,0.432787,1000000
545,30.228755,Series RL,0.620391,0.000109999958017,,112.754432,21.725942,20.000000,0.007852,100.000000,0,88.971504,50000,0,0,34.563076,34.557506,20.000000,0.271378,0.620391,1000000
546,30.283627,Series RL,0.349323,0.000108472910901,,33.972248,-56.615066,20.000000,0.007849,100.000000,0,89.412689,50000,0,0,34.079563,34.077770,20.000000,0.267496,0.349323,1000000
547,30.339011,Series RL,0.319509,0.0001080848816,,67.038108,-23.501005,20.000000,0.007849,100.000000,0,89.460891,50000,0,0,33.957370,33.955867,20.000000,0.266545,0.319509,1000000
548,30.397119,Series RL,0.658231,0.000108709058639,,-8.352200,-99.456359,20.000000,0.007854,100.000000,0,88.895843,50000,0,0,34.158302,34.151958,20.000000,0.268264,0.658231,1000000
549,30.455231,Series RL,0.312852,0.000108225724176,,-3.916295,-94.443489,20.000000,0.007849,100.000000,0,89.472808,50000,0,0,34.001556,34.000114,20.000000,0.266871,0.312852,1000000
550,30.511739,Series RL,0.616645,0.000108279855955,,-79.437171,-170.475692,20.000000,0.007850,100.000000,0,88.961479,50000,0,0,34.022708,34.017120,20.000000,0.267089,0.616645,1000000
551,30.612751,Series RL,0.378736,0.000108242432262,,105.516006,14.877891,20.000000,0.007851,100.000000,0,89.361892,50000,0,0,34.007472,34.005363,20.000000,0.266978,0.378736,1000000
552,30.672127,Series RL,0.441834,0.000109282404773,,-125.583740,143.678909,20.000000,0.007851,100.000000,0,89.262672,50000,0,0,34.334922,34.332080,20.000000,0.269550,0.441834,1000000
553,30.726382,Series RL,0.689298,0.000109819871015,,-137.652725,131.202713,20.000000,0.007851,100.000000,0,88.855430,50000,0,0,34.507816,34.500930,20.000000,0.270919,0.689298,1000000
554,30.779457,Series RL,0.656563,0.000108440258673,,64.102325,-27.001766,20.000000,0.007852,100.000000,0,88.895912,50000,0,0,34.073837,34.067512,20.000000,0.267550,0.656563,1000000
555,30.832478,Series RL,0.619694,0.0001100255183,,94.434394,3.407304,20.000000,0.007853,100.000000,0,88.972908,50000,0,0,34.571090,34.565536,20.000000,0.271493,0.619694,1000000
556,30.886919,Series RL,0.668804,0.00010987469671,,95.745399,4.635412,20.000000,0.007851,100.000000,0,88.890007,50000,0,0,34.524631,34.518154,20.000000,0.271067,0.668804,1000000
557,30.940780,Series RL,0.650286,0.000109515032004,,-28.626714,-119.709526,20.000000,0.007851,100.000000,0,88.917182,50000,0,0,34.411308,34.405162,20.000000,0.270177,0.650286,1000000
558,30.995581,Series RL,0.579863,0.000109995406185,,165.703948,74.742591,20.000000,0.007849,100.000000,0,89.038642,50000,0,0,34.560939,34.556076,20.000000,0.271262,0.579863,1000000
559,31.053782,Series RL,0.406434,0.000109117338815,,17.986835,-72.692443,20.000000,0.007848,100.000000,0,89.320716,50000,0,0,34.282634,34.280223,20.000000,0.269050,0.406434,1000000
560,31.108609,Series RL,0.343157,0.000108193899553,,-20.675670,-111.254104,20.000000,0.007851,100.000000,0,89.421569,50000,0,0,33.991847,33.990116,20.000000,0.266856,0.343157,1000000
561,31.163278,Series RL,0.693220,0.000109096674137,,134.541610,43.382896,20.000000,0.007852,100.000000,0,88.841285,50000,0,0,34.280742,34.273731,20.000000,0.269186,0.693220,1000000
562,31.215987,Series RL,0.506707,0.00010991090446,,146.883926,56.043193,20.000000,0.007850,100.000000,0,89.159271,50000,0,0,34.533248,34.529529,20.000000,0.271069,0.506707,1000000
563,31.272288,Series RL,0.488780,0.000109720290951,,-88.363723,-179.176132,20.000000,0.007849,100.000000,0,89.187591,50000,0,0,34.473110,34.469646,20.000000,0.270592,0.488780,1000000
564,31.327216,Series RL,0.298702,0.000108117365124,,-39.963001,-130.466857,20.000000,0.007849,100.000000,0,89.496139,50000,0,0,33.967384,33.966072,20.000000,0.266624,0.298702,1000000
565,31.382613,Series RL,0.680928,0.000109318370607,,44.113361,-47.022499,20.000000,0.007850,100.000000,0,88.864135,50000,0,0,34.350128,34.343379,20.000000,0.269661,0.680928,1000000
566,31.439288,Series RL,0.598616,0.000108271478039,,-133.264968,135.726760,20.000000,0.007855,100.000000,0,88.991760,50000,0,0,34.019756,34.014488,20.000000,0.267241,0.598616,1000000
567,31.493199,Series RL,0.665001,0.000108686678271,,-26.135345,-117.251098,20.000000,0.007851,100.000000,0,88.884254,50000,0,0,34.151405,34.144927,20.000000,0.268128,0.665001,1000000
568,31.551090,Series RL,0.317320,0.000108021910356,,-57.924011,-148.459747,20.000000,0.007851,100.000000,0,89.464271,50000,0,0,33.937568,33.936084,20.000000,0.266437,0.317320,1000000
569,31.605193,Series RL,0.367193,0.000108427873235,,-38.182819,-128.800430,20.000000,0.007853,100.000000,0,89.382392,50000,0,0,34.065601,34.063621,20.000000,0.267500,0.367193,1000000
570,31.660518,Series RL,0.331236,0.000108051551372,,30.826623,-59.732448,20.000000,0.007850,100.000000,0,89.440925,50000,0,0,33.947013,33.945396,20.000000,0.266476,0.331236,1000000
571,31.714959,Series RL,0.679937,0.000108663136072,,135.540512,44.399467,20.000000,0.007852,100.000000,0,88.858955,50000,0,0,34.144302,34.137531,20.000000,0.268088,0.679937,1000000
572,31.767841,Series RL,0.389856,0.000109197237779,,-143.817169,125.531715,20.000000,0.007850,100.000000,0,89.348899,50000,0,0,34.307540,34.305324,20.000000,0.269302,0.389856,1000000
573,31.820759,Series RL,0.266938,0.000108153098592,,-147.547378,122.002502,20.000000,0.007850,100.000000,0,89.549873,50000,0,0,33.978347,33.977298,20.000000,0.266732,0.266938,1000000
574,31.876549,Series RL,0.414829,0.000109078641882,,-144.022338,125.284095,20.000000,0.007849,100.000000,0,89.306449,50000,0,0,34.270576,34.268066,20.000000,0.268993,0.414829,1000000
575,31.930764,Series RL,0.558609,0.000109904528713,,129.068695,38.141792,20.000000,0.007847,100.000000,0,89.073104,50000,0,0,34.532047,34.527526,20.000000,0.270982,0.558609,1000000
576,31.984108,Series RL,0.582111,0.000108237355219,,46.948680,-44.032073,20.000000,0.007849,100.000000,0,89.019248,50000,0,0,34.008750,34.003768,20.000000,0.266944,0.582111,1000000
577,32.041414,Series RL,0.669445,0.000109933940546,,-30.216493,-121.326957,20.000000,0.007852,100.000000,0,88.889541,50000,0,0,34.543254,34.536766,20.000000,0.271219,0.669445,1000000
578,32.096439,Series RL,0.510262,0.000109805798535,,56.221988,-34.625453,20.000000,0.007847,100.000000,0,89.152557,50000,0,0,34.500282,34.496509,20.000000,0.270739,0.510262,1000000
579,32.153222,Series RL,0.402553,0.000108790791069,,-72.799087,-163.473907,20.000000,0.007850,100.000000,0,89.325187,50000,0,0,34.180007,34.177635,20.000000,0.268325,0.402553,1000000
580,32.207980,Series RL,0.649371,0.000108500425608,,-7.943775,-99.035171,20.000000,0.007851,100.000000,0,88.908607,50000,0,0,34.092597,34.086414,20.000000,0.267676,0.649371,1000000
581,32.263563,Series RL,0.622053,0.000109867786203,,-30.649707,-121.682197,20.000000,0.007851,100.000000,0,88.967514,50000,0,0,34.521587,34.515983,20.000000,0.271029,0.622053,1000000
582,32.317995,Series RL,0.676821,0.000109454877801,,7.741349,-83.386253,20.000000,0.007852,100.000000,0,88.872390,50000,0,0,34.392925,34.386264,20.000000,0.270070,0.676821,1000000
583,32.375288,Series RL,0.534976,0.000109760579433,,-123.638801,145.472320,20.000000,0.007847,100.000000,0,89.111152,50000,0,0,34.486454,34.482303,20.000000,0.270621,0.534976,1000000
584,32.430185,Series RL,0.382428,0.000108659978438,,16.747135,-73.894721,20.000000,0.007848,100.000000,0,89.358146,50000,0,0,34.138683,34.136539,20.000000,0.267913,0.382428,1000000
585,32.484294,Series RL,0.421386,0.000109069971121,,89.864730,-0.839845,20.000000,0.007850,100.000000,0,89.295417,50000,0,0,34.267936,34.265342,20.000000,0.269017,0.421386,1000000
586,32.549658,Series RL,0.357256,0.000108134108224,,-111.210487,158.187011,20.000000,0.007850,100.000000,0,89.397476,50000,0,0,33.973209,33.971332,20.000000,0.266698,0.357256,1000000
587,32.638687,Series RL,0.708142,0.000108996460636,,-117.016395,151.798873,20.000000,0.007851,100.000000,0,88.815261,50000,0,0,34.249568,34.242248,20.000000,0.268904,0.708142,1000000
588,32.692316,Series RL,0.595913,0.000109970377479,,-140.115203,128.896621,20.000000,0.007849,100.000000,0,89.011817,50000,0,0,34.553352,34.548213,20.000000,0.271199,0.595913,1000000
589,32.747466,Series RL,0.672360,0.000109173425017,,-63.441066,-154.564132,20.000000,0.007850,100.000000,0,88.876937,50000,0,0,34.304431,34.297843,20.000000,0.269305,0.672360,1000000
590,32.804873,Series RL,0.663686,0.000108465042281,,64.277175,-26.838642,20.000000,0.007850,100.000000,0,88.884185,50000,0,0,34.081760,34.075298,20.000000,0.267549,0.663686,1000000
591,32.862945,Series RL,0.717740,0.000109155068086,,170.571701,79.372665,20.000000,0.007851,100.000000,0,88.800956,50000,0,0,34.299587,34.292076,20.000000,0.269297,0.717740,1000000
592,32.919262,Series RL,0.354042,0.000108196557441,,51.122802,-39.473960,20.000000,0.007850,100.000000,0,89.403236,50000,0,0,33.992794,33.990951,20.000000,0.266839,0.354042,1000000
593,32.976364,Series RL,0.526366,0.000109867034991,,-15.437057,-106.310760,20.000000,0.007849,100.000000,0,89.126296,50000,0,0,34.519760,34.515747,20.000000,0.270942,0.526366,1000000
594,33.034647,Series RL,0.383894,0.000108478519521,,88.117721,-2.527678,20.000000,0.007853,100.000000,0,89.354606,50000,0,0,34.081695,34.079532,20.000000,0.267644,0.383894,1000000
595,33.093317,Series RL,0.302389,0.000108026755032,,104.262321,13.751822,20.000000,0.007849,100.000000,0,89.489494,50000,0,0,33.938953,33.937606,20.000000,0.266382,0.302389,1000000
596,33.150965,Series RL,0.270400,0.000108058703795,,68.018882,-22.437484,20.000000,0.007847,100.000000,0,89.543632,50000,0,0,33.948719,33.947643,20.000000,0.266399,0.270400,1000000
597,33.206304,Series RL,0.453459,0.000109376026076,,90.875129,0.119056,20.000000,0.007849,100.000000,0,89.243927,50000,0,0,34.364482,34.361492,20.000000,0.269742,0.453459,1000000
598,33.260561,Series RL,0.313184,0.000108008700495,,31.488204,-59.040603,20.000000,0.007850,100.000000,0,89.471183,50000,0,0,33.933380,33.931934,20.000000,0.266390,0.313184,1000000
599,33.315437,Series RL,0.520319,0.00010982415865,,110.408950,19.544952,20.000000,0.007847,100.000000,0,89.136001,50000,0,0,34.506198,34.502277,20.000000,0.270758,0.520319,1000000
600,33.368003,Series RL,0.479005,0.000109629684041,,55.426891,-35.369922,20.000000,0.007849,100.000000,0,89.203186,50000,0,0,34.444511,34.441181,20.000000,0.270347,0.479005,1000000
601,33.420527,Series RL,0.428115,0.00010913455938,,36.128982,-54.586414,20.000000,0.007848,100.000000,0,89.284599,50000,0,0,34.288303,34.285633,20.000000,0.269105,0.428115,1000000
602,33.473390,Series RL,0.691834,0.000109810328085,,78.074134,-13.074744,20.000000,0.007853,100.000000,0,88.851119,50000,0,0,34.504867,34.497932,20.000000,0.270972,0.691834,1000000
603,33.526998,Series RL,0.682550,0.000109574068938,,7.513282,-83.622619,20.000000,0.007853,100.000000,0,88.864089,50000,0,0,34.430477,34.423709,20.000000,0.270388,0.682550,1000000
604,33.583130,Series RL,0.489915,0.000109679989736,,-160.000793,109.184593,20.000000,0.007848,100.000000,0,89.185409,50000,0,0,34.460468,34.456985,20.000000,0.270437,0.489915,1000000
605,33.637879,Series RL,0.476718,0.000108162157691,,-114.361267,154.834945,20.000000,0.007853,100.000000,0,89.196228,50000,0,0,33.983489,33.980144,20.000000,0.266875,0.476718,1000000
606,33.692440,Series RL,0.695751,0.000109306182521,,169.949386,78.788665,20.000000,0.007852,100.000000,0,88.839286,50000,0,0,34.346595,34.339550,20.000000,0.269696,0.695751,1000000
607,33.745360,Series RL,0.686314,0.000108778319687,,27.458158,-63.692367,20.000000,0.007851,100.000000,0,88.849479,50000,0,0,34.180610,34.173717,20.000000,0.268367,0.686314,1000000
608,33.799189,Series RL,0.688643,0.000109741808699,,-173.255889,95.599830,20.000000,0.007853,100.000000,0,88.855705,50000,0,0,34.483283,34.476406,20.000000,0.270796,0.688643,1000000
609,33.852868,Series RL,0.660154,0.00010934864506,,-117.942649,150.956451,20.000000,0.007852,100.000000,0,88.899085,50000,0,0,34.359233,34.352890,20.000000,0.269786,0.660154,1000000
610,33.907064,Series RL,0.480711,0.000109846876426,,-87.481620,-178.279693,20.000000,0.007849,100.000000,0,89.201919,50000,0,0,34.512760,34.509414,20.000000,0.270881,0.480711,1000000
611,33.961080,Series RL,0.670553,0.000109886038091,,59.435234,-31.677549,20.000000,0.007852,100.000000,0,88.887214,50000,0,0,34.528228,34.521717,20.000000,0.271127,0.670553,1000000
612,34.015610,Series RL,0.357294,0.000108264615278,,177.476211,86.874343,20.000000,0.007852,100.000000,0,89.398139,50000,0,0,34.014209,34.012332,20.000000,0.267086,0.357294,1000000
613,34.072677,Series RL,0.318000,0.000108038351061,,85.919311,-4.617489,20.000000,0.007851,100.000000,0,89.463203,50000,0,0,33.942737,33.941249,20.000000,0.266469,0.318000,1000000
614,34.128653,Series RL,0.687783,0.00010973902667,,78.583961,-12.558928,20.000000,0.007854,100.000000,0,88.857101,50000,0,0,34.482391,34.475532,20.000000,0.270811,0.687783,1000000
615,34.181696,Series RL,0.633567,0.000108312931535,,154.410385,63.343700,20.000000,0.007852,100.000000,0,88.933319,50000,0,0,34.033409,34.027511,20.000000,0.267247,0.633567,1000000
616,34.235274,Series RL,0.370494,0.000108302755168,,-20.396278,-111.020149,20.000000,0.007853,100.000000,0,89.376121,50000,0,0,34.026332,34.024314,20.000000,0.267219,0.370494,1000000
617,34.291082,Series RL,0.428699,0.000109183493158,,-35.832389,-126.548439,20.000000,0.007850,100.000000,0,89.283935,50000,0,0,34.303688,34.301006,20.000000,0.269271,0.428699,1000000
618,34.346317,Series RL,0.534310,0.000108178951721,,-78.788505,-169.689224,20.000000,0.007852,100.000000,0,89.099281,50000,0,0,33.989620,33.985420,20.000000,0.266894,0.534310,1000000
619,34.401630,Series RL,0.601255,0.000110053774669,,-68.134468,-159.130752,20.000000,0.007850,100.000000,0,89.003715,50000,0,0,34.579639,34.574413,20.000000,0.271456,0.601255,1000000
620,34.455456,Series RL,0.644288,0.00010996904376,,-139.466415,129.465179,20.000000,0.007853,100.000000,0,88.931602,50000,0,0,34.553802,34.547794,20.000000,0.271366,0.644288,1000000
621,34.509571,Series RL,0.350802,0.000108392429429,,-128.203720,141.206039,20.000000,0.007854,100.000000,0,89.409767,50000,0,0,34.054290,34.052486,20.000000,0.267447,0.350802,1000000
622,34.567800,Series RL,0.676976,0.000109387173288,,-118.253608,150.617843,20.000000,0.007853,100.000000,0,88.871444,50000,0,0,34.371658,34.364994,20.000000,0.269918,0.676976,1000000
623,34.627878,Series RL,0.429280,0.000108051102555,,155.921356,65.196815,20.000000,0.007852,100.000000,0,89.275459,50000,0,0,33.947971,33.945255,20.000000,0.266559,0.429280,1000000
624,34.682790,Series RL,0.678106,0.000109636129817,,115.139991,24.012113,20.000000,0.007852,100.000000,0,88.872123,50000,0,0,34.449882,34.443206,20.000000,0.270488,0.678106,1000000
625,34.736677,Series RL,0.332050,0.000108140178394,,66.142929,-24.417058,20.000000,0.007852,100.000000,0,89.440017,50000,0,0,33.974861,33.973239,20.000000,0.266756,0.332050,1000000
626,34.789811,Series RL,0.672883,0.00010991497246,,95.437858,4.321502,20.000000,0.007852,100.000000,0,88.883644,50000,0,0,34.537364,34.530807,20.000000,0.271182,0.672883,1000000
627,34.843079,Series RL,0.430104,0.000109274306969,,162.442565,71.724754,20.000000,0.007851,100.000000,0,89.282188,50000,0,0,34.332229,34.329536,20.000000,0.269552,0.430104,1000000
628,34.898540,Series RL,0.370229,0.00010826349801,,177.406433,86.782768,20.000000,0.007851,100.000000,0,89.376335,50000,0,0,34.013996,34.011981,20.000000,0.267035,0.370229,1000000
629,34.954686,Series RL,0.325970,0.000108021827595,,-40.269119,-130.819458,20.000000,0.007851,100.000000,0,89.449661,50000,0,0,33.937622,33.936058,20.000000,0.266444,0.325970,1000000
630,35.008179,Series RL,0.636116,0.000108380881147,,154.322463,63.252159,20.000000,0.007855,100.000000,0,88.929695,50000,0,0,34.054801,34.048858,20.000000,0.267487,0.636116,1000000
631,35.064708,Series RL,0.672786,0.000108995308354,,-117.006683,151.867721,20.000000,0.007853,100.000000,0,88.874397,50000,0,0,34.248493,34.241886,20.000000,0.268949,0.672786,1000000
632,35.120151,Series RL,0.417111,0.000109250411446,,144.239822,53.543544,20.000000,0.007852,100.000000,0,89.303726,50000,0,0,34.324562,34.322029,20.000000,0.269506,0.417111,1000000
633,35.176851,Series RL,0.677199,0.000109685576074,,150.584930,59.459072,20.000000,0.007852,100.000000,0,88.874145,50000,0,0,34.465393,34.458740,20.000000,0.270631,0.677199,1000000
634,35.232598,Series RL,0.692820,0.000109398912557,,-172.349853,96.495277,20.000000,0.007851,100.000000,0,88.845153,50000,0,0,34.375667,34.368682,20.000000,0.269877,0.692820,1000000
635,35.291059,Series RL,0.685879,0.000109100656194,,8.666570,-82.479835,20.000000,0.007851,100.000000,0,88.853599,50000,0,0,34.281845,34.274982,20.000000,0.269159,0.685879,1000000
636,35.346046,Series RL,0.407421,0.000109011822271,,161.620376,70.938789,20.000000,0.007851,100.000000,0,89.318405,50000,0,0,34.249496,34.247074,20.000000,0.268892,0.407421,1000000
637,35.400025,Series RL,0.598798,0.00010839843912,,-43.478946,-134.486312,20.000000,0.007853,100.000000,0,88.992637,50000,0,0,34.059638,34.054374,20.000000,0.267482,0.598798,1000000
638,35.453565,Series RL,0.360001,0.000108214309583,,33.554325,-57.052383,20.000000,0.007852,100.000000,0,89.393302,50000,0,0,33.998435,33.996528,20.000000,0.266940,0.360001,1000000
639,35.508501,Series RL,0.683299,0.000108825833804,,171.248123,80.103149,20.000000,0.007853,100.000000,0,88.855026,50000,0,0,34.195472,34.188644,20.000000,0.268537,0.683299,1000000
640,35.565975,Series RL,0.500279,0.000109783163519,,-141.807678,127.361259,20.000000,0.007849,100.000000,0,89.168960,50000,0,0,34.493026,34.489398,20.000000,0.270722,0.500279,1000000
641,35.622617,Series RL,0.557216,0.000110034249541,,-50.666828,-141.590316,20.000000,0.007850,100.000000,0,89.076515,50000,0,0,34.572769,34.568279,20.000000,0.271380,0.557216,1000000
642,35.678055,Series RL,0.456898,0.000109525816342,,-160.633178,108.606033,20.000000,0.007851,100.000000,0,89.239234,50000,0,0,34.411582,34.408550,20.000000,0.270163,0.456898,1000000
643,35.734212,Series RL,0.354096,0.000108016664609,,12.742736,-77.855110,20.000000,0.007852,100.000000,0,89.402145,50000,0,0,33.936283,33.934436,20.000000,0.266477,0.354096,1000000
644,35.788448,Series RL,0.695450,0.000109554289162,,-46.714809,-137.872390,20.000000,0.007852,100.000000,0,88.842414,50000,0,0,34.424518,34.417495,20.000000,0.270284,0.695450,1000000
645,35.843293,Series RL,0.394870,0.000108730659148,,-144.893890,124.443832,20.000000,0.007850,100.000000,0,89.337699,50000,0,0,34.161026,34.158744,20.000000,0.268165,0.394870,1000000
646,35.897891,Series RL,0.688149,0.000108871928259,,-26.775659,-117.928260,20.000000,0.007851,100.000000,0,88.847389,50000,0,0,34.210044,34.203125,20.000000,0.268592,0.688149,1000000
647,35.951984,Series RL,0.336151,0.000108213727076,,104.592544,14.026035,20.000000,0.007848,100.000000,0,89.433486,50000,0,0,33.998008,33.996345,20.000000,0.266814,0.336151,1000000
648,36.006251,Series RL,0.347929,0.000108068889712,,84.553321,-6.033824,20.000000,0.007852,100.000000,0,89.412857,50000,0,0,33.952625,33.950843,20.000000,0.266601,0.347929,1000000
649,36.062422,Series RL,0.490195,0.000108160760311,,-168.671981,100.501502,20.000000,0.007853,100.000000,0,89.173500,50000,0,0,33.983238,33.979705,20.000000,0.266866,0.490195,1000000
650,36.117527,Series RL,0.442252,0.000109408019403,,-35.132213,-125.869392,20.000000,0.007848,100.000000,0,89.262817,50000,0,0,34.374389,34.371543,20.000000,0.269774,0.442252,1000000
651,36.171748,Series RL,0.666660,0.000109832087749,,-120.387626,148.505493,20.000000,0.007853,100.000000,0,88.893135,50000,0,0,34.511207,34.504768,20.000000,0.271008,0.666660,1000000
652,36.227542,Series RL,0.448308,0.00010959100939,,-16.587665,-107.333686,20.000000,0.007851,100.000000,0,89.253982,50000,0,0,34.431949,34.429031,20.000000,0.270321,0.448308,1000000
653,36.284724,Series RL,0.701081,0.000109122937886,,8.404174,-82.767387,20.000000,0.007851,100.000000,0,88.828437,50000,0,0,34.289150,34.281982,20.000000,0.269193,0.701081,1000000
654,36.340777,Series RL,0.461198,0.000109640999958,,-34.365264,-125.132385,20.000000,0.007850,100.000000,0,89.232879,50000,0,0,34.447822,34.444736,20.000000,0.270406,0.461198,1000000
655,36.395606,Series RL,0.504535,0.000108127977576,,155.471908,64.620971,20.000000,0.007852,100.000000,0,89.149070,50000,0,0,33.973152,33.969406,20.000000,0.266769,0.504535,1000000
656,36.451670,Series RL,0.659277,0.000109068115374,,-153.378555,115.519180,20.000000,0.007850,100.000000,0,88.897727,50000,0,0,34.271102,34.264759,20.000000,0.269044,0.659277,1000000
657,36.505617,Series RL,0.632842,0.000109946542435,,-13.661021,-104.710662,20.000000,0.007851,100.000000,0,88.950370,50000,0,0,34.546524,34.540725,20.000000,0.271228,0.632842,1000000
658,36.579165,Series RL,0.600774,0.000108453080195,,10.397128,-80.613052,20.000000,0.007852,100.000000,0,88.989814,50000,0,0,34.076835,34.071540,20.000000,0.267562,0.600774,1000000
659,36.635913,Series RL,0.635790,0.000109931425898,,-67.684730,-158.739395,20.000000,0.007852,100.000000,0,88.945327,50000,0,0,34.541828,34.535976,20.000000,0.271229,0.635790,1000000
660,36.696732,Series RL,0.381429,0.000108274963532,,51.546024,-39.096424,20.000000,0.007850,100.000000,0,89.357543,50000,0,0,34.017723,34.015583,20.000000,0.267049,0.381429,1000000
661,36.753971,Series RL,0.726616,0.00010960621187,,169.236328,78.027465,20.000000,0.007853,100.000000,0,88.791137,50000,0,0,34.441474,34.433807,20.000000,0.270468,0.726616,1000000
662,36.809907,Series RL,0.366993,0.000108565484965,,70.366767,-20.249713,20.000000,0.007850,100.000000,0,89.383514,50000,0,0,34.108825,34.106853,20.000000,0.267748,0.366993,1000000
663,36.892143,Series RL,0.501073,0.000109724747289,,146.071243,55.238445,20.000000,0.007851,100.000000,0,89.167205,50000,0,0,34.474689,34.471046,20.000000,0.270657,0.501073,1000000
664,36.950772,Series RL,0.394817,0.000108725184218,,-91.093978,178.243759,20.000000,0.007853,100.000000,0,89.337753,50000,0,0,34.159305,34.157024,20.000000,0.268253,0.394817,1000000
665,37.008232,Series RL,0.466082,0.000108215595555,,83.608360,-7.177095,20.000000,0.007852,100.000000,0,89.214553,50000,0,0,34.000129,33.996932,20.000000,0.266978,0.466082,1000000
666,37.068578,Series RL,0.619492,0.000108375539907,,-115.483108,153.474487,20.000000,0.007852,100.000000,0,88.957618,50000,0,0,34.052814,34.047180,20.000000,0.267368,0.619492,1000000
667,37.124717,Series RL,0.318998,0.0001079939341,,104.178619,13.639925,20.000000,0.007851,100.000000,0,89.461296,50000,0,0,33.928794,33.927295,20.000000,0.266376,0.318998,1000000
668,37.183676,Series RL,0.364630,0.000108472436619,,70.007446,-20.605598,20.000000,0.007852,100.000000,0,89.386955,50000,0,0,34.079570,34.077621,20.000000,0.267594,0.364630,1000000
669,37.244433,Series RL,0.354852,0.000108043354893,,-41.643932,-132.242904,20.000000,0.007852,100.000000,0,89.401023,50000,0,0,33.944675,33.942821,20.000000,0.266524,0.354852,1000000
670,37.304359,Series RL,0.331183,0.000108084553741,,-111.477775,157.963409,20.000000,0.007850,100.000000,0,89.441192,50000,0,0,33.957382,33.955764,20.000000,0.266567,0.331183,1000000
671,37.362554,Series RL,0.358573,0.000108391493598,,-2.120746,-92.724060,20.000000,0.007848,100.000000,0,89.396690,50000,0,0,34.054080,34.052192,20.000000,0.267255,0.358573,1000000
672,37.420750,Series RL,0.493282,0.000109705053456,,-51.946525,-142.766525,20.000000,0.007848,100.000000,0,89.180000,50000,0,0,34.468387,34.464859,20.000000,0.270524,0.493282,1000000
673,37.478979,Series RL,0.378988,0.000108542133752,,-37.752929,-128.389694,20.000000,0.007853,100.000000,0,89.363227,50000,0,0,34.101623,34.099517,20.000000,0.267797,0.378988,1000000
674,37.537529,Series RL,0.644920,0.000109874442062,,-30.535079,-121.605445,20.000000,0.007851,100.000000,0,88.929641,50000,0,0,34.524097,34.518074,20.000000,0.271062,0.644920,1000000
675,37.598763,Series RL,0.342316,0.000108303449084,,87.264533,-3.311893,20.000000,0.007850,100.000000,0,89.423568,50000,0,0,34.026256,34.024532,20.000000,0.267117,0.342316,1000000
676,37.657264,Series RL,0.318659,0.000107955781477,,-131.059005,138.402679,20.000000,0.007852,100.000000,0,89.461677,50000,0,0,33.916809,33.915309,20.000000,0.266311,0.318659,1000000
677,37.712710,Series RL,0.678013,0.000109292823055,,79.843017,-11.288244,20.000000,0.007852,100.000000,0,88.868743,50000,0,0,34.342048,34.335353,20.000000,0.269641,0.678013,1000000
678,37.768929,Series RL,0.638100,0.000108352930356,,-169.870574,99.055473,20.000000,0.007853,100.000000,0,88.926086,50000,0,0,34.046058,34.040077,20.000000,0.267371,0.638100,1000000
679,37.823164,Series RL,0.538507,0.000109849270116,,110.687782,19.793794,20.000000,0.007850,100.000000,0,89.106010,50000,0,0,34.514366,34.510166,20.000000,0.270921,0.538507,1000000
680,37.877848,Series RL,0.346203,0.000108270930546,,69.430946,-21.152200,20.000000,0.007848,100.000000,0,89.416854,50000,0,0,34.016078,34.014316,20.000000,0.266974,0.346203,1000000
681,37.930427,Series RL,0.675582,0.000109506023834,,-10.490610,-101.615623,20.000000,0.007853,100.000000,0,88.874984,50000,0,0,34.408966,34.402332,20.000000,0.270200,0.675582,1000000
682,37.986071,Series RL,0.408485,0.000108841424622,,-18.731925,-109.416358,20.000000,0.007849,100.000000,0,89.315559,50000,0,0,34.195983,34.193542,20.000000,0.268406,0.408485,1000000
683,38.041926,Series RL,0.668550,0.000109525571244,,-46.593330,-137.706436,20.000000,0.007849,100.000000,0,88.886886,50000,0,0,34.414966,34.408473,20.000000,0.270132,0.668550,1000000
684,38.096320,Series RL,0.500906,0.000109942512631,,-140.766510,128.402603,20.000000,0.007848,100.000000,0,89.169128,50000,0,0,34.543090,34.539459,20.000000,0.271088,0.500906,1000000
685,38.152435,Series RL,0.657195,0.000108555480485,,171.834716,80.730743,20.000000,0.007853,100.000000,0,88.896018,50000,0,0,34.110038,34.103710,20.000000,0.267856,0.657195,1000000
686,38.205108,Series RL,0.668793,0.000109127212788,,-171.386276,97.496116,20.000000,0.007854,100.000000,0,88.882431,50000,0,0,34.289848,34.283325,20.000000,0.269313,0.668793,1000000
687,38.260564,Series RL,0.323268,0.000108080014642,,-147.283920,122.170608,20.000000,0.007853,100.000000,0,89.454521,50000,0,0,33.955875,33.954338,20.000000,0.266664,0.323268,1000000
688,38.316078,Series RL,0.466463,0.000109552153302,,-142.302612,126.920860,20.000000,0.007854,100.000000,0,89.223495,50000,0,0,34.419982,34.416824,20.000000,0.270319,0.466463,1000000
689,38.370735,Series RL,0.555126,0.000109990074495,,-68.544189,-159.464584,20.000000,0.007849,100.000000,0,89.079605,50000,0,0,34.558860,34.554401,20.000000,0.271258,0.555126,1000000
690,38.425977,Series RL,0.383784,0.000108906302543,,179.376358,88.733680,20.000000,0.007855,100.000000,0,89.357330,50000,0,0,34.216079,34.213924,20.000000,0.268778,0.383784,1000000
691,38.480597,Series RL,0.472043,0.000108251440431,,47.446365,-43.348865,20.000000,0.007853,100.000000,0,89.204772,50000,0,0,34.011470,34.008193,20.000000,0.267077,0.472043,1000000
692,38.537034,Series RL,0.376065,0.000108574992881,,-73.643035,-164.274703,20.000000,0.007853,100.000000,0,89.368331,50000,0,0,34.111915,34.109840,20.000000,0.267891,0.376065,1000000
693,38.599231,Series RL,0.394168,0.000109102489659,,89.996734,-0.662139,20.000000,0.007851,100.000000,0,89.341125,50000,0,0,34.277824,34.275558,20.000000,0.269122,0.394168,1000000
694,38.662649,Series RL,0.307694,0.000108129604139,,-41.650489,-132.169448,20.000000,0.007852,100.000000,0,89.481033,50000,0,0,33.971313,33.969917,20.000000,0.266726,0.307694,1000000
695,38.722154,Series RL,0.699881,0.000109767719124,,150.127426,58.964744,20.000000,0.007855,100.000000,0,88.837303,50000,0,0,34.491649,34.484546,20.000000,0.270944,0.699881,1000000
696,38.780940,Series RL,0.560328,0.000110007463764,,57.291065,-33.637802,20.000000,0.007848,100.000000,0,89.071121,50000,0,0,34.564403,34.559864,20.000000,0.271249,0.560328,1000000
697,38.838490,Series RL,0.511226,0.000108235133416,,-132.634399,136.504241,20.000000,0.007854,100.000000,0,89.138633,50000,0,0,34.006916,34.003070,20.000000,0.267082,0.511226,1000000
698,38.892281,Series RL,0.687098,0.000108587852601,,-152.138778,116.707351,20.000000,0.007853,100.000000,0,88.846145,50000,0,0,34.120800,34.113880,20.000000,0.267949,0.687098,1000000
699,38.949278,Series RL,0.674490,0.000109868757048,,167.623413,76.503921,20.000000,0.007855,100.000000,0,88.880516,50000,0,0,34.522876,34.516288,20.000000,0.271189,0.674490,1000000
700,39.006012,Series RL,0.658737,0.00010989416136,,-102.426490,166.480438,20.000000,0.007852,100.000000,0,88.906906,50000,0,0,34.530551,34.524269,20.000000,0.271128,0.658737,1000000
701,39.069720,Series RL,0.357614,0.000108242384515,,-111.058799,158.338653,20.000000,0.007852,100.000000,0,89.397476,50000,0,0,34.007228,34.005348,20.000000,0.267011,0.357614,1000000
702,39.130739,Series RL,0.348927,0.0001084887691,,-73.694976,-164.281524,20.000000,0.007854,100.000000,0,89.413444,50000,0,0,34.084537,34.082752,20.000000,0.267709,0.348927,1000000
703,39.190472,Series RL,0.711578,0.000109880184373,,41.855899,-49.325016,20.000000,0.007854,100.000000,0,88.819091,50000,0,0,34.527210,34.519878,20.000000,0.271182,0.711578,1000000
704,39.248616,Series RL,0.340509,0.000108469826478,,-20.242687,-110.815193,20.000000,0.007852,100.000000,0,89.427490,50000,0,0,34.078502,34.076801,20.000000,0.267571,0.340509,1000000
705,39.309713,Series RL,0.404000,0.00010891494784,,107.400238,16.723770,20.000000,0.007853,100.000000,0,89.323532,50000,0,0,34.219024,34.216640,20.000000,0.268707,0.404000,1000000
706,39.369133,Series RL,0.412850,0.000109112774251,,107.824188,17.134147,20.000000,0.007851,100.000000,0,89.309959,50000,0,0,34.281276,34.278789,20.000000,0.269145,0.412850,1000000
707,39.427517,Series RL,0.711777,0.000108932177954,,116.969146,25.777631,20.000000,0.007851,100.000000,0,88.808486,50000,0,0,34.229454,34.222053,20.000000,0.268735,0.711777,1000000
708,39.486406,Series RL,0.318588,0.000108074450585,,-129.513015,139.949371,20.000000,0.007853,100.000000,0,89.462387,50000,0,0,33.954086,33.952590,20.000000,0.266634,0.318588,1000000
709,39.543858,Series RL,0.689479,0.00010958833877,,-46.572105,-137.719406,20.000000,0.007853,100.000000,0,88.852714,50000,0,0,34.435096,34.428192,20.000000,0.270403,0.689479,1000000
710,39.602250,Series RL,0.434821,0.000109062468557,,125.907447,35.180358,20.000000,0.007852,100.000000,0,89.272911,50000,0,0,34.265743,34.262985,20.000000,0.269066,0.434821,1000000
711,39.660888,Series RL,0.331580,0.000108076529149,,-149.724945,119.715515,20.000000,0.007854,100.000000,0,89.440483,50000,0,0,33.954864,33.953243,20.000000,0.266671,0.331580,1000000
712,39.719202,Series RL,0.449680,0.000108205384174,,-24.548492,-115.306373,20.000000,0.007853,100.000000,0,89.242118,50000,0,0,33.996700,33.993724,20.000000,0.266970,0.449680,1000000
713,39.775689,Series RL,0.695694,0.000109621767675,,151.114807,59.957527,20.000000,0.007854,100.000000,0,88.842727,50000,0,0,34.445720,34.438694,20.000000,0.270541,0.695694,1000000
714,39.831574,Series RL,0.578302,0.000110021268863,,93.634880,2.676335,20.000000,0.007854,100.000000,0,89.041458,50000,0,0,34.569038,34.564201,20.000000,0.271489,0.578302,1000000
715,39.888174,Series RL,0.429682,0.000109121588252,,35.934459,-54.783649,20.000000,0.007850,100.000000,0,89.281898,50000,0,0,34.284252,34.281558,20.000000,0.269132,0.429682,1000000
716,39.944303,Series RL,0.449396,0.000109511158172,,163.420730,72.672348,20.000000,0.007853,100.000000,0,89.251617,50000,0,0,34.406879,34.403945,20.000000,0.270185,0.449396,1000000
717,40.001920,Series RL,0.323899,0.000108128754252,,-167.678710,101.775016,20.000000,0.007853,100.000000,0,89.453704,50000,0,0,33.971195,33.969650,20.000000,0.266780,0.323899,1000000
718,40.063502,Series RL,0.314953,0.000108216423161,,-111.352096,158.117095,20.000000,0.007849,100.000000,0,89.469215,50000,0,0,33.998653,33.997192,20.000000,0.266869,0.314953,1000000
719,40.119131,Series RL,0.533175,0.000109863899639,,74.467773,-16.417251,20.000000,0.007850,100.000000,0,89.114982,50000,0,0,34.518878,34.514762,20.000000,0.270982,0.533175,1000000
720,40.177537,Series RL,0.532095,0.000109924903728,,-50.977748,-141.860488,20.000000,0.007848,100.000000,0,89.117256,50000,0,0,34.538024,34.533927,20.000000,0.271071,0.532095,1000000
721,40.234266,Series RL,0.471796,0.000108200504483,,83.486976,-7.308219,20.000000,0.007855,100.000000,0,89.204811,50000,0,0,33.995464,33.992191,20.000000,0.267048,0.471796,1000000
722,40.297007,Series RL,0.414278,0.00010908409453,,17.864725,-72.827880,20.000000,0.007851,100.000000,0,89.307395,50000,0,0,34.272281,34.269779,20.000000,0.269069,0.414278,1000000
723,40.358596,Series RL,0.297422,0.000108048186837,,140.214019,49.712005,20.000000,0.007851,100.000000,0,89.497978,50000,0,0,33.945644,33.944339,20.000000,0.266498,0.297422,1000000
724,40.418866,Series RL,0.366728,0.00010829762083,,159.094833,68.477279,20.000000,0.007850,100.000000,0,89.382438,50000,0,0,34.024677,34.022701,20.000000,0.267103,0.366728,1000000
725,40.475729,Series RL,0.679226,0.000108703860639,,153.301284,62.161861,20.000000,0.007854,100.000000,0,88.860572,50000,0,0,34.157077,34.150325,20.000000,0.268259,0.679226,1000000
726,40.538744,Series RL,0.483408,0.000108207691921,,-78.592262,-169.406967,20.000000,0.007853,100.000000,0,89.185295,50000,0,0,33.997886,33.994449,20.000000,0.266987,0.483408,1000000
727,40.626668,Series RL,0.365272,0.000108275982124,,-2.892228,-93.507469,20.000000,0.007850,100.000000,0,89.384757,50000,0,0,34.017864,34.015903,20.000000,0.267039,0.365272,1000000
728,40.684359,Series RL,0.373566,0.000108552068203,,-163.614700,105.757705,20.000000,0.007852,100.000000,0,89.372398,50000,0,0,34.104682,34.102638,20.000000,0.267802,0.373566,1000000
729,40.738521,Series RL,0.474029,0.000109632609309,,109.494956,18.706438,20.000000,0.007848,100.000000,0,89.211479,50000,0,0,34.445362,34.442100,20.000000,0.270336,0.474029,1000000
730,40.793539,Series RL,0.593045,0.000108285878378,,172.829910,81.831184,20.000000,0.007854,100.000000,0,89.001281,50000,0,0,34.024181,34.019012,20.000000,0.267230,0.593045,1000000
731,40.849826,Series RL,0.416874,0.000109181866595,,162.133941,71.437629,20.000000,0.007852,100.000000,0,89.303680,50000,0,0,34.303028,34.300495,20.000000,0.269340,0.416874,1000000
732,40.905771,Series RL,0.665264,0.000109711110893,,-65.068077,-156.173843,20.000000,0.007853,100.000000,0,88.894233,50000,0,0,34.473182,34.466762,20.000000,0.270707,0.665264,1000000
733,40.960485,Series RL,0.352737,0.000108484615155,,-73.869445,-164.462417,20.000000,0.007854,100.000000,0,89.407012,50000,0,0,34.083271,34.081447,20.000000,0.267682,0.352737,1000000
734,41.013905,Series RL,0.296846,0.000108142011859,,50.615745,-39.884868,20.000000,0.007848,100.000000,0,89.499389,50000,0,0,33.975112,33.973815,20.000000,0.266641,0.296846,1000000
735,41.069298,Series RL,0.384527,0.000108655108297,,52.850704,-37.794704,20.000000,0.007851,100.000000,0,89.354598,50000,0,0,34.137172,34.135009,20.000000,0.268011,0.384527,1000000
736,41.124484,Series RL,0.466622,0.000108104139349,,155.545623,64.758460,20.000000,0.007851,100.000000,0,89.212829,50000,0,0,33.965122,33.961917,20.000000,0.266667,0.466622,1000000
737,41.181946,Series RL,0.633467,0.000109944260153,,40.757472,-50.293228,20.000000,0.007851,100.000000,0,88.949310,50000,0,0,34.545818,34.540008,20.000000,0.271203,0.633467,1000000
738,41.238195,Series RL,0.560050,0.00010818108758,,-6.866001,-97.810081,20.000000,0.007852,100.000000,0,89.055923,50000,0,0,33.990703,33.986091,20.000000,0.266894,0.560050,1000000
739,41.295495,Series RL,0.686732,0.000109858886258,,-11.963447,-103.103347,20.000000,0.007852,100.000000,0,88.860092,50000,0,0,34.520019,34.513187,20.000000,0.271054,0.686732,1000000
740,41.351338,Series RL,0.600755,0.00010835296537,,-169.320358,99.668586,20.000000,0.007853,100.000000,0,88.988922,50000,0,0,34.045391,34.040088,20.000000,0.267352,0.600755,1000000
741,41.406596,Series RL,0.598722,0.000110068722501,,-158.059066,110.948974,20.000000,0.007852,100.000000,0,89.008041,50000,0,0,34.584293,34.579109,20.000000,0.271549,0.598722,1000000
742,41.460791,Series RL,0.413665,0.000108794056928,,17.009803,-73.683624,20.000000,0.007852,100.000000,0,89.306579,50000,0,0,34.181163,34.178661,20.000000,0.268386,0.413665,1000000
743,41.515641,Series RL,0.653059,0.000109919708911,,-102.815483,166.101089,20.000000,0.007851,100.000000,0,88.916572,50000,0,0,34.538471,34.532295,20.000000,0.271170,0.653059,1000000
744,41.575616,Series RL,0.392677,0.000108960701703,,143.558670,52.901435,20.000000,0.007851,100.000000,0,89.342765,50000,0,0,34.233264,34.231014,20.000000,0.268765,0.392677,1000000
745,41.631856,Series RL,0.388573,0.000108929239954,,-126.804893,142.544540,20.000000,0.007852,100.000000,0,89.349441,50000,0,0,34.223339,34.221130,20.000000,0.268712,0.388573,1000000
746,41.687417,Series RL,0.591762,0.000109964393253,,-157.951187,111.067436,20.000000,0.007852,100.000000,0,89.018646,50000,0,0,34.551399,34.546333,20.000000,0.271292,0.591762,1000000
747,41.741676,Series RL,0.304490,0.000107964184858,,121.616813,31.102470,20.000000,0.007849,100.000000,0,89.485649,50000,0,0,33.919319,33.917949,20.000000,0.266243,0.304490,1000000
748,41.796477,Series RL,0.326801,0.000108376424808,,87.775444,-2.774494,20.000000,0.007852,100.000000,0,89.450065,50000,0,0,34.049026,34.047458,20.000000,0.267363,0.326801,1000000
749,41.850001,Series RL,0.429530,0.000109235524092,,-53.763431,-144.480529,20.000000,0.007852,100.000000,0,89.282897,50000,0,0,34.320037,34.317352,20.000000,0.269486,0.429530,1000000
750,41.905056,Series RL,0.304287,0.000108090442474,,-130.877014,138.609573,20.000000,0.007850,100.000000,0,89.486595,50000,0,0,33.958980,33.957614,20.000000,0.266593,0.304287,1000000
751,41.957713,Series RL,0.322278,0.000108019554862,,-130.698196,138.757705,20.000000,0.007850,100.000000,0,89.455886,50000,0,0,33.936874,33.935344,20.000000,0.266404,0.322278,1000000
752,42.011803,Series RL,0.662298,0.000108833969805,,-152.637573,116.252685,20.000000,0.007853,100.000000,0,88.890296,50000,0,0,34.197612,34.191200,20.000000,0.268543,0.662298,1000000
753,42.068032,Series RL,0.274692,0.000108092931657,,-94.453727,175.082794,20.000000,0.007851,100.000000,0,89.536529,50000,0,0,33.959506,33.958396,20.000000,0.266601,0.274692,1000000
754,42.124857,Series RL,0.430300,0.000109226429979,,-35.594284,-126.312736,20.000000,0.007852,100.000000,0,89.281547,50000,0,0,34.317192,34.314495,20.000000,0.269444,0.430300,1000000
755,42.180233,Series RL,0.542742,0.000109885296429,,74.634788,-16.265937,20.000000,0.007849,100.000000,0,89.099273,50000,0,0,34.525749,34.521484,20.000000,0.270995,0.542742,1000000
756,42.235556,Series RL,0.393209,0.000108587024995,,-127.518127,141.821472,20.000000,0.007854,100.000000,0,89.339607,50000,0,0,34.115886,34.113620,20.000000,0.267940,0.393209,1000000
757,42.293569,Series RL,0.585530,0.000110016411455,,166.275039,75.304473,20.000000,0.007852,100.000000,0,89.029441,50000,0,0,34.567634,34.562675,20.000000,0.271415,0.585530,1000000
758,42.348764,Series RL,0.688375,0.000109328935312,,152.100357,60.952190,20.000000,0.007854,100.000000,0,88.851829,50000,0,0,34.353595,34.346698,20.000000,0.269811,0.688375,1000000
759,42.406959,Series RL,0.289144,0.000108118275491,,140.094955,49.607231,20.000000,0.007851,100.000000,0,89.512268,50000,0,0,33.967590,33.966358,20.000000,0.266669,0.289144,1000000
760,42.461890,Series RL,0.438196,0.000108184986877,,-78.280349,-169.019027,20.000000,0.007854,100.000000,0,89.261322,50000,0,0,33.990142,33.987316,20.000000,0.266959,0.438196,1000000
761,42.518969,Series RL,0.526802,0.000109834344566,,93.002807,2.128121,20.000000,0.007849,100.000000,0,89.125320,50000,0,0,34.509498,34.505477,20.000000,0.270859,0.526802,1000000
762,42.617992,Series RL,0.696000,0.000109658449706,,6.801627,-84.355766,20.000000,0.007851,100.000000,0,88.842597,50000,0,0,34.457248,34.450218,20.000000,0.270526,0.696000,1000000
763,42.677131,Series RL,0.374725,0.000108379267316,,-128.134979,141.234466,20.000000,0.007852,100.000000,0,89.369438,50000,0,0,34.050415,34.048351,20.000000,0.267373,0.374725,1000000
764,42.732146,Series RL,0.691879,0.000109196085498,,44.353580,-46.801837,20.000000,0.007852,100.000000,0,88.844581,50000,0,0,34.311939,34.304962,20.000000,0.269426,0.691879,1000000
765,42.787973,Series RL,0.697620,0.000109791156281,,42.685459,-48.473228,20.000000,0.007852,100.000000,0,88.841308,50000,0,0,34.498962,34.491909,20.000000,0.270890,0.697620,1000000
766,42.846490,Series RL,0.593521,0.000108225517274,,136.945983,45.945884,20.000000,0.007852,100.000000,0,88.999916,50000,0,0,34.005229,34.000049,20.000000,0.267022,0.593521,1000000
767,42.906201,Series RL,0.670363,0.000109328667931,,-81.825950,-172.944091,20.000000,0.007855,100.000000,0,88.881866,50000,0,0,34.353157,34.346614,20.000000,0.269851,0.670363,1000000
768,42.960375,Series RL,0.444988,0.000109510492905,,-106.984329,162.274597,20.000000,0.007853,100.000000,0,89.258956,50000,0,0,34.406612,34.403736,20.000000,0.270197,0.444988,1000000
769,43.014448,Series RL,0.599235,0.000109932750067,,94.188049,3.194015,20.000000,0.007851,100.000000,0,89.005973,50000,0,0,34.541591,34.536392,20.000000,0.271200,0.599235,1000000
770,43.071618,Series RL,0.580947,0.000109980614325,,3.349142,-87.614143,20.000000,0.007849,100.000000,0,89.036712,50000,0,0,34.556312,34.551429,20.000000,0.271249,0.580947,1000000
771,43.132392,Series RL,0.575305,0.000109918018686,,-122.788711,146.256835,20.000000,0.007849,100.000000,0,89.045524,50000,0,0,34.536556,34.531764,20.000000,0.271067,0.575305,1000000
772,43.192295,Series RL,0.616502,0.000109926616236,,-14.168903,-105.191619,20.000000,0.007849,100.000000,0,88.977279,50000,0,0,34.539966,34.534465,20.000000,0.271106,0.616502,1000000
773,43.250399,Series RL,0.478949,0.000109637368042,,91.495704,0.699039,20.000000,0.007851,100.000000,0,89.203330,50000,0,0,34.446926,34.443595,20.000000,0.270439,0.478949,1000000
774,43.311678,Series RL,0.395287,0.000109079517234,,-126.043403,143.295700,20.000000,0.007851,100.000000,0,89.339111,50000,0,0,34.270622,34.268341,20.000000,0.269071,0.395287,1000000
775,43.370879,Series RL,0.650487,0.000108474524732,,-97.779258,171.127212,20.000000,0.007853,100.000000,0,88.906471,50000,0,0,34.084484,34.078277,20.000000,0.267677,0.650487,1000000
776,43.429181,Series RL,0.673668,0.000109831358819,,-101.342628,167.538864,20.000000,0.007854,100.000000,0,88.881492,50000,0,0,34.511116,34.504539,20.000000,0.271048,0.673668,1000000
777,43.485590,Series RL,0.691938,0.000109275070913,,-117.851676,150.993621,20.000000,0.007855,100.000000,0,88.845321,50000,0,0,34.336750,34.329776,20.000000,0.269699,0.691938,1000000
778,43.543727,Series RL,0.657079,0.000109077610558,,-171.349502,97.551971,20.000000,0.007854,100.000000,0,88.901496,50000,0,0,34.274040,34.267742,20.000000,0.269183,0.657079,1000000
779,43.603694,Series RL,0.384483,0.000108843232623,,-162.630752,106.725044,20.000000,0.007853,100.000000,0,89.355781,50000,0,0,34.196269,34.194110,20.000000,0.268559,0.384483,1000000
780,43.660839,Series RL,0.418422,0.000109076977121,,89.914215,-0.785361,20.000000,0.007851,100.000000,0,89.300422,50000,0,0,34.270095,34.267543,20.000000,0.269055,0.418422,1000000
781,43.719785,Series RL,0.548713,0.000109823939016,,-177.323623,91.765228,20.000000,0.007848,100.000000,0,89.088859,50000,0,0,34.506572,34.502208,20.000000,0.270795,0.548713,1000000
782,43.778785,Series RL,0.309653,0.000108154543719,,-111.663459,157.814376,20.000000,0.007853,100.000000,0,89.477851,50000,0,0,33.979164,33.977752,20.000000,0.266836,0.309653,1000000
783,43.836592,Series RL,0.303697,0.000107982726409,,175.961364,85.448448,20.000000,0.007850,100.000000,0,89.487075,50000,0,0,33.925136,33.923774,20.000000,0.266310,0.303697,1000000
784,43.891911,Series RL,0.697174,0.000108925245165,,27.032222,-64.134925,20.000000,0.007851,100.000000,0,88.832847,50000,0,0,34.226978,34.219875,20.000000,0.268704,0.697174,1000000
785,43.946679,Series RL,0.693694,0.000109757058926,,42.846271,-48.306259,20.000000,0.007853,100.000000,0,88.847480,50000,0,0,34.488174,34.481197,20.000000,0.270824,0.693694,1000000
786,44.001886,Series RL,0.575261,0.000109891538486,,111.383750,20.429121,20.000000,0.007851,100.000000,0,89.045372,50000,0,0,34.528236,34.523445,20.000000,0.271071,0.575261,1000000
787,44.061909,Series RL,0.548396,0.000109991541903,,129.336929,38.427700,20.000000,0.007849,100.000000,0,89.090774,50000,0,0,34.559215,34.554862,20.000000,0.271259,0.548396,1000000
788,44.119011,Series RL,0.309113,0.000108053725429,,-22.234170,-112.755889,20.000000,0.007849,100.000000,0,89.478279,50000,0,0,33.947486,33.946079,20.000000,0.266458,0.309113,1000000
789,44.174103,Series RL,0.680621,0.000109882371162,,-84.338478,-175.468002,20.000000,0.007853,100.000000,0,88.870483,50000,0,0,34.527275,34.520565,20.000000,0.271138,0.680621,1000000
790,44.229295,Series RL,0.380820,0.000108629793111,,106.716186,16.076850,20.000000,0.007852,100.000000,0,89.360671,50000,0,0,34.129180,34.127056,20.000000,0.267994,0.380820,1000000
791,44.285279,Series RL,0.664783,0.000110011662271,,23.624162,-67.477790,20.000000,0.007853,100.000000,0,88.898048,50000,0,0,34.567577,34.561183,20.000000,0.271457,0.664783,1000000
792,44.339328,Series RL,0.671314,0.000109459712928,,79.801940,-11.316442,20.000000,0.007852,100.000000,0,88.881622,50000,0,0,34.394336,34.387783,20.000000,0.270068,0.671314,1000000
793,44.394419,Series RL,0.590676,0.000109978612156,,130.101531,39.122112,20.000000,0.007853,100.000000,0,89.020568,50000,0,0,34.555847,34.550800,20.000000,0.271353,0.590676,1000000
794,44.451355,Series RL,0.340829,0.000108178101834,,123.186553,32.611968,20.000000,0.007852,100.000000,0,89.425415,50000,0,0,33.986862,33.985153,20.000000,0.266853,0.340829,1000000
795,44.506492,Series RL,0.661730,0.000108898857275,,171.046707,79.938606,20.000000,0.007853,100.000000,0,88.891899,50000,0,0,34.217983,34.211585,20.000000,0.268707,0.661730,1000000
796,44.563464,Series RL,0.376136,0.000108075459628,,-149.813003,119.552268,20.000000,0.007855,100.000000,0,89.365295,50000,0,0,33.954990,33.952907,20.000000,0.266727,0.376136,1000000
797,44.621317,Series RL,0.652891,0.00010991017553,,77.216812,-13.866423,20.000000,0.007852,100.000000,0,88.916755,50000,0,0,34.535472,34.529300,20.000000,0.271168,0.652891,1000000
798,44.677283,Series RL,0.504332,0.000109770367462,,-159.904357,109.257751,20.000000,0.007849,100.000000,0,89.162132,50000,0,0,34.489067,34.485378,20.000000,0.270696,0.504332,1000000
799,44.733553,Series RL,0.654594,0.000108485563719,,46.182098,-44.918228,20.000000,0.007853,100.000000,0,88.899681,50000,0,0,34.088027,34.081745,20.000000,0.267694,0.654594,1000000
800,44.788344,Series RL,0.679051,0.000109294487816,,151.942550,60.809577,20.000000,0.007856,100.000000,0,88.867019,50000,0,0,34.342590,34.335876,20.000000,0.269807,0.679051,1000000
801,44.841665,Series RL,0.404207,0.000108922307164,,125.287712,34.610950,20.000000,0.007850,100.000000,0,89.323234,50000,0,0,34.221336,34.218952,20.000000,0.268638,0.404207,1000000
802,44.909419,Series RL,0.506798,0.000108162377325,,-132.608871,136.536651,20.000000,0.007853,100.000000,0,89.145523,50000,0,0,33.983993,33.980213,20.000000,0.266882,0.506798,1000000
803,44.993264,Series RL,0.365063,0.000108328267706,,-74.478034,-165.092636,20.000000,0.007854,100.000000,0,89.385414,50000,0,0,34.034286,34.032329,20.000000,0.267321,0.365063,1000000
804,45.061508,Series RL,0.673382,0.00010976202456,,114.411056,23.292327,20.000000,0.007853,100.000000,0,88.881263,50000,0,0,34.489334,34.482757,20.000000,0.270836,0.673382,1000000
805,45.123587,Series RL,0.467933,0.000109576462628,,127.475730,36.696960,20.000000,0.007848,100.000000,0,89.221221,50000,0,0,34.427642,34.424461,20.000000,0.270201,0.467933,1000000
806,45.178014,Series RL,0.703162,0.000109564490994,,-100.519882,168.309783,20.000000,0.007852,100.000000,0,88.829689,50000,0,0,34.427879,34.420700,20.000000,0.270339,0.703162,1000000
807,45.233299,Series RL,0.640451,0.000110028809625,,-49.542434,-140.603897,20.000000,0.007852,100.000000,0,88.938537,50000,0,0,34.572502,34.566570,20.000000,0.271465,0.640451,1000000
808,45.288916,Series RL,0.297705,0.000108122741378,,-112.970260,156.527557,20.000000,0.007849,100.000000,0,89.497848,50000,0,0,33.969066,33.967761,20.000000,0.266619,0.297705,1000000
809,45.342490,Series RL,0.662030,0.000108690224243,,9.643426,-81.467300,20.000000,0.007855,100.000000,0,88.889274,50000,0,0,34.152458,34.146041,20.000000,0.268255,0.662030,1000000
810,45.398169,Series RL,0.409792,0.000109258582461,,-71.553688,-162.237701,20.000000,0.007851,100.000000,0,89.315994,50000,0,0,34.327045,34.324596,20.000000,0.269515,0.409792,1000000
811,45.451858,Series RL,0.711568,0.000109613571195,,42.868972,-48.314788,20.000000,0.007848,100.000000,0,88.816238,50000,0,0,34.443470,34.436119,20.000000,0.270324,0.711568,1000000
812,45.508358,Series RL,0.524451,0.000109799422788,,92.425460,1.554406,20.000000,0.007848,100.000000,0,89.128944,50000,0,0,34.498493,34.494506,20.000000,0.270746,0.524451,1000000
813,45.565502,Series RL,0.681719,0.000109338102636,,61.920989,-29.215978,20.000000,0.007850,100.000000,0,88.863029,50000,0,0,34.356342,34.349578,20.000000,0.269707,0.681719,1000000
814,45.621889,Series RL,0.460802,0.000108195016821,,137.660430,46.883731,20.000000,0.007853,100.000000,0,89.223297,50000,0,0,33.993587,33.990467,20.000000,0.266958,0.460802,1000000
815,45.676339,Series RL,0.708699,0.000108949105674,,-62.758579,-153.944747,20.000000,0.007854,100.000000,0,88.813819,50000,0,0,34.234706,34.227371,20.000000,0.268891,0.708699,1000000
816,45.731481,Series RL,0.387386,0.000109109568871,,-162.006973,107.345550,20.000000,0.007849,100.000000,0,89.352500,50000,0,0,34.279968,34.277782,20.000000,0.269058,0.387386,1000000
817,45.786697,Series RL,0.307653,0.000108028445258,,68.009689,-22.509693,20.000000,0.007850,100.000000,0,89.480621,50000,0,0,33.939529,33.938137,20.000000,0.266442,0.307653,1000000
818,45.840206,Series RL,0.379988,0.000108832110875,,-1.019866,-91.656616,20.000000,0.007851,100.000000,0,89.363243,50000,0,0,34.192729,34.190616,20.000000,0.268448,0.379988,1000000
819,45.894113,Series RL,0.576180,0.000108236081979,,-79.122879,-170.093658,20.000000,0.007852,100.000000,0,89.029228,50000,0,0,34.008251,34.003368,20.000000,0.267049,0.576180,1000000
820,45.948405,Series RL,0.629901,0.000108419422108,,100.264656,9.205181,20.000000,0.007853,100.000000,0,88.940528,50000,0,0,34.066787,34.060966,20.000000,0.267517,0.629901,1000000
821,46.002917,Series RL,0.322588,0.000108274536997,,-2.751492,-93.294845,20.000000,0.007851,100.000000,0,89.456642,50000,0,0,34.016979,34.015449,20.000000,0.267072,0.322588,1000000
822,46.065412,Series RL,0.570365,0.00010983257158,,146.951965,56.004955,20.000000,0.007851,100.000000,0,89.052986,50000,0,0,34.509635,34.504920,20.000000,0.270933,0.570365,1000000
823,46.120789,Series RL,0.572406,0.000110018474103,,75.532585,-15.416208,20.000000,0.007850,100.000000,0,89.051200,50000,0,0,34.568065,34.563323,20.000000,0.271354,0.572406,1000000
824,46.174733,Series RL,0.455958,0.000109191495469,,90.273483,-0.488047,20.000000,0.007852,100.000000,0,89.238479,50000,0,0,34.306549,34.303520,20.000000,0.269383,0.455958,1000000
825,46.229738,Series RL,0.342958,0.000108356524074,,-164.379379,105.043403,20.000000,0.007853,100.000000,0,89.422775,50000,0,0,34.042934,34.041206,20.000000,0.267341,0.342958,1000000
826,46.284651,Series RL,0.308398,0.000108015646017,,121.735160,31.214450,20.000000,0.007850,100.000000,0,89.479301,50000,0,0,33.935516,33.934116,20.000000,0.266386,0.308398,1000000
827,46.339900,Series RL,0.554179,0.000108318457395,,-7.056804,-97.989807,20.000000,0.007854,100.000000,0,89.066993,50000,0,0,34.033760,34.029247,20.000000,0.267305,0.554179,1000000
828,46.395716,Series RL,0.650152,0.000108499855833,,-152.109130,116.798171,20.000000,0.007855,100.000000,0,88.907287,50000,0,0,34.092437,34.086235,20.000000,0.267786,0.650152,1000000
829,46.450869,Series RL,0.336531,0.000108079199769,,-40.930240,-131.498107,20.000000,0.007852,100.000000,0,89.432136,50000,0,0,33.955749,33.954082,20.000000,0.266612,0.336531,1000000
830,46.504995,Series RL,0.666809,0.000109893177782,,-66.913085,-158.019577,20.000000,0.007854,100.000000,0,88.893501,50000,0,0,34.530399,34.523960,20.000000,0.271186,0.666809,1000000
831,46.604229,Series RL,0.356640,0.000108050507316,,84.166229,-6.435725,20.000000,0.007854,100.000000,0,89.398048,50000,0,0,33.946941,33.945068,20.000000,0.266612,0.356640,1000000
832,46.665749,Series RL,0.537093,0.000109922936573,,110.789527,19.898475,20.000000,0.007848,100.000000,0,89.108947,50000,0,0,34.537487,34.533309,20.000000,0.271053,0.537093,1000000
833,46.722725,Series RL,0.562893,0.00010995076959,,-86.477363,-177.410980,20.000000,0.007851,100.000000,0,89.066390,50000,0,0,34.546638,34.542053,20.000000,0.271232,0.562893,1000000
834,46.777199,Series RL,0.493380,0.000108187549271,,65.398406,-25.433254,20.000000,0.007852,100.000000,0,89.168334,50000,0,0,33.991703,33.988121,20.000000,0.266906,0.493380,1000000
835,46.833066,Series RL,0.660792,0.000109984064804,,-138.733657,130.170730,20.000000,0.007856,100.000000,0,88.904388,50000,0,0,34.558830,34.552513,20.000000,0.271484,0.660792,1000000
836,46.888526,Series RL,0.690991,0.000108795950872,,81.333992,-9.824185,20.000000,0.007852,100.000000,0,88.841819,50000,0,0,34.186241,34.179256,20.000000,0.268413,0.690991,1000000
837,46.943527,Series RL,0.661084,0.000109597238715,,-11.017343,-102.117301,20.000000,0.007852,100.000000,0,88.900039,50000,0,0,34.437332,34.430988,20.000000,0.270388,0.661084,1000000
838,46.999417,Series RL,0.663820,0.000108906398036,,81.097747,-10.013770,20.000000,0.007852,100.000000,0,88.888481,50000,0,0,34.220394,34.213954,20.000000,0.268711,0.663820,1000000
839,47.057295,Series RL,0.699897,0.000109643209029,,133.218505,42.054466,20.000000,0.007853,100.000000,0,88.835968,50000,0,0,34.452541,34.445430,20.000000,0.270573,0.699897,1000000
840,47.115077,Series RL,0.665153,0.000110015536102,,-84.870277,-175.972793,20.000000,0.007854,100.000000,0,88.897476,50000,0,0,34.568801,34.562400,20.000000,0.271503,0.665153,1000000
841,47.171078,Series RL,0.674205,0.000108566115219,,9.991566,-81.140876,20.000000,0.007854,100.000000,0,88.867568,50000,0,0,34.113716,34.107051,20.000000,0.267922,0.674205,1000000
842,47.229366,Series RL,0.660959,0.000109792671436,,-119.932998,148.969177,20.000000,0.007853,100.000000,0,88.902206,50000,0,0,34.498718,34.492385,20.000000,0.270904,0.660959,1000000
843,47.287419,Series RL,0.718015,0.000108794591689,,-98.616340,170.180191,20.000000,0.007852,100.000000,0,88.796524,50000,0,0,34.186370,34.178829,20.000000,0.268440,0.718015,1000000
844,47.342824,Series RL,0.424803,0.000109099914532,,90.081390,-0.628700,20.000000,0.007850,100.000000,0,89.289901,50000,0,0,34.277381,34.274749,20.000000,0.269072,0.424803,1000000
845,47.398221,Series RL,0.329194,0.00010818647975,,-147.265426,122.179626,20.000000,0.007852,100.000000,0,89.445068,50000,0,0,33.989379,33.987785,20.000000,0.266875,0.329194,1000000
846,47.452577,Series RL,0.442967,0.000109337618805,,18.467987,-72.270851,20.000000,0.007851,100.000000,0,89.261161,50000,0,0,34.352279,34.349426,20.000000,0.269703,0.442967,1000000
847,47.506797,Series RL,0.662801,0.000110011140243,,-174.687683,94.213661,20.000000,0.007853,100.000000,0,88.901329,50000,0,0,34.567375,34.561019,20.000000,0.271466,0.662801,1000000
848,47.565221,Series RL,0.636024,0.000109984621846,,-31.714406,-122.768959,20.000000,0.007851,100.000000,0,88.945449,50000,0,0,34.558544,34.552688,20.000000,0.271319,0.636024,1000000
849,47.623529,Series RL,0.382689,0.00010821602209,,-146.426101,122.928947,20.000000,0.007852,100.000000,0,89.355072,50000,0,0,33.999221,33.997066,20.000000,0.266960,0.382689,1000000
850,47.678636,Series RL,0.652236,0.000109947564209,,-157.054840,111.863349,20.000000,0.007856,100.000000,0,88.918212,50000,0,0,34.547203,34.541046,20.000000,0.271414,0.652236,1000000
851,47.733980,Series RL,0.347723,0.000108067724698,,12.825264,-77.761543,20.000000,0.007848,100.000000,0,89.413192,50000,0,0,33.952259,33.950477,20.000000,0.266468,0.347723,1000000
852,47.789880,Series RL,0.579827,0.000109955770238,,147.516738,56.555099,20.000000,0.007850,100.000000,0,89.038360,50000,0,0,34.548488,34.543624,20.000000,0.271210,0.579827,1000000
853,47.845719,Series RL,0.701547,0.00010973690036,,42.708782,-48.457000,20.000000,0.007853,100.000000,0,88.834220,50000,0,0,34.482002,34.474864,20.000000,0.270777,0.701547,1000000
854,47.901088,Series RL,0.398792,0.000108168641664,,-78.190422,-168.862762,20.000000,0.007853,100.000000,0,89.327644,50000,0,0,33.984523,33.982181,20.000000,0.266886,0.398792,1000000
855,47.954666,Series RL,0.319418,0.000107954119899,,49.364288,-41.175327,20.000000,0.007850,100.000000,0,89.460388,50000,0,0,33.916290,33.914787,20.000000,0.266235,0.319418,1000000
856,48.009534,Series RL,0.641459,0.000108532530343,,82.270210,-8.807567,20.000000,0.007851,100.000000,0,88.922218,50000,0,0,34.102535,34.096500,20.000000,0.267747,0.641459,1000000
857,48.072344,Series RL,0.446960,0.000109583736009,,-106.490058,162.766113,20.000000,0.007850,100.000000,0,89.256179,50000,0,0,34.429649,34.426746,20.000000,0.270289,0.446960,1000000
858,48.128560,Series RL,0.335097,0.000108132494393,,32.758705,-57.806465,20.000000,0.007851,100.000000,0,89.434837,50000,0,0,33.972476,33.970825,20.000000,0.266707,0.335097,1000000
859,48.187080,Series RL,0.386710,0.000108644362155,,-109.507949,159.842895,20.000000,0.007853,100.000000,0,89.350868,50000,0,0,34.133823,34.131633,20.000000,0.268039,0.386710,1000000
860,48.242710,Series RL,0.334214,0.000108090735319,,-149.465423,119.970657,20.000000,0.007852,100.000000,0,89.436111,50000,0,0,33.959350,33.957706,20.000000,0.266661,0.334214,1000000
861,48.299745,Series RL,0.361736,0.000108714912358,,-1.105274,-91.712097,20.000000,0.007852,100.000000,0,89.393180,50000,0,0,34.155712,34.153797,20.000000,0.268191,0.361736,1000000
862,48.357104,Series RL,0.703276,0.000109936525222,,59.732906,-31.433629,20.000000,0.007854,100.000000,0,88.833473,50000,0,0,34.544738,34.537578,20.000000,0.271318,0.703276,1000000
863,48.412543,Series RL,0.382667,0.000108393413007,,-163.907470,105.448677,20.000000,0.007854,100.000000,0,89.356163,50000,0,0,34.054946,34.052795,20.000000,0.267463,0.382667,1000000
864,48.467271,Series RL,0.677113,0.000109461629154,,7.744596,-83.383422,20.000000,0.007852,100.000000,0,88.871978,50000,0,0,34.395050,34.388385,20.000000,0.270065,0.677113,1000000
865,48.522255,Series RL,0.421130,0.000108797953041,,-126.859962,142.434127,20.000000,0.007849,100.000000,0,89.294090,50000,0,0,34.182479,34.179885,20.000000,0.268312,0.421130,1000000
866,48.583808,Series RL,0.533562,0.000109987814494,,147.340621,56.455951,20.000000,0.007847,100.000000,0,89.115333,50000,0,0,34.557811,34.553691,20.000000,0.271185,0.533562,1000000
867,48.645162,Series RL,0.660863,0.000108654961874,,-26.187072,-117.296195,20.000000,0.007854,100.000000,0,88.890869,50000,0,0,34.141361,34.134963,20.000000,0.268138,0.660863,1000000
868,48.701125,Series RL,0.325547,0.000108108293293,,176.680694,86.131507,20.000000,0.007850,100.000000,0,89.450813,50000,0,0,33.964782,33.963222,20.000000,0.266630,0.325547,1000000
869,48.755649,Series RL,0.423166,0.000109332627706,,-179.363052,89.931091,20.000000,0.007853,100.000000,0,89.294151,50000,0,0,34.350463,34.347858,20.000000,0.269746,0.423166,1000000
870,48.811072,Series RL,0.714698,0.000109536912625,,43.418956,-47.770851,20.000000,0.007851,100.000000,0,88.810203,50000,0,0,34.419456,34.412036,20.000000,0.270243,0.714698,1000000
871,48.865807,Series RL,0.493817,0.000109795695379,,-16.111761,-106.931968,20.000000,0.007848,100.000000,0,89.179794,50000,0,0,34.496871,34.493335,20.000000,0.270730,0.493817,1000000
872,48.925101,Series RL,0.311794,0.000107947804631,,-58.589893,-149.116653,20.000000,0.007850,100.000000,0,89.473236,50000,0,0,33.914237,33.912803,20.000000,0.266229,0.311794,1000000
873,48.979967,Series RL,0.355452,0.000108056103204,,12.424357,-78.175559,20.000000,0.007852,100.000000,0,89.400077,50000,0,0,33.948688,33.946826,20.000000,0.266560,0.355452,1000000
874,49.036867,Series RL,0.659074,0.000109698034723,,-119.275894,149.628463,20.000000,0.007855,100.000000,0,88.904388,50000,0,0,34.468955,34.462654,20.000000,0.270741,0.659074,1000000
875,49.097167,Series RL,0.332404,0.000108055059147,,84.572982,-5.988038,20.000000,0.007851,100.000000,0,89.438972,50000,0,0,33.948123,33.946498,20.000000,0.266525,0.332404,1000000
876,49.156259,Series RL,0.692566,0.00010912437028,,80.711868,-10.445455,20.000000,0.007851,100.000000,0,88.842681,50000,0,0,34.289424,34.282432,20.000000,0.269217,0.692566,1000000
877,49.212851,Series RL,0.407465,0.000109144866254,,0.122866,-90.557968,20.000000,0.007850,100.000000,0,89.319160,50000,0,0,34.291290,34.288871,20.000000,0.269199,0.407465,1000000
878,49.268698,Series RL,0.374949,0.000108481603944,,-145.621200,123.748451,20.000000,0.007853,100.000000,0,89.369667,50000,0,0,34.082565,34.080501,20.000000,0.267636,0.374949,1000000
879,49.325997,Series RL,0.628287,0.000108565157106,,-97.630187,171.314437,20.000000,0.007852,100.000000,0,88.944656,50000,0,0,34.112537,34.106750,20.000000,0.267845,0.628287,1000000
880,49.382698,Series RL,0.360837,0.000108862490371,,-73.004302,-163.608795,20.000000,0.007853,100.000000,0,89.395507,50000,0,0,34.202064,34.200160,20.000000,0.268586,0.360837,1000000
881,49.437654,Series RL,0.374738,0.000108108949011,,30.068954,-60.563194,20.000000,0.007851,100.000000,0,89.367851,50000,0,0,33.965496,33.963428,20.000000,0.266677,0.374738,1000000
882,49.494280,Series RL,0.461364,0.00010954874102,,19.187026,-71.581016,20.000000,0.007849,100.000000,0,89.231956,50000,0,0,34.418846,34.415752,20.000000,0.270149,0.461364,1000000
883,49.551441,Series RL,0.527808,0.00010815855124,,173.391326,82.501388,20.000000,0.007854,100.000000,0,89.110076,50000,0,0,33.983112,33.979011,20.000000,0.266896,0.527808,1000000
884,49.605952,Series RL,0.696947,0.000108579474685,,-25.951412,-117.121887,20.000000,0.007852,100.000000,0,88.829513,50000,0,0,34.118366,34.111248,20.000000,0.267910,0.696947,1000000
885,49.665686,Series RL,0.692394,0.000109903790234,,113.698623,22.549797,20.000000,0.007854,100.000000,0,88.851165,50000,0,0,34.534236,34.527294,20.000000,0.271218,0.692394,1000000
886,49.728185,Series RL,0.558973,0.000109998805735,,3.306935,-87.619766,20.000000,0.007850,100.000000,0,89.073303,50000,0,0,34.561664,34.557144,20.000000,0.271322,0.558973,1000000
887,49.789661,Series RL,0.681554,0.000109469618732,,-172.209854,96.654792,20.000000,0.007854,100.000000,0,88.864662,50000,0,0,34.397647,34.390895,20.000000,0.270161,0.681554,1000000
888,49.847810,Series RL,0.460683,0.000109489398508,,109.460327,18.693004,20.000000,0.007850,100.000000,0,89.232681,50000,0,0,34.400196,34.397109,20.000000,0.270030,0.460683,1000000
889,49.907158,Series RL,0.427635,0.000109465818112,,54.997856,-35.714576,20.000000,0.007851,100.000000,0,89.287559,50000,0,0,34.392360,34.389701,20.000000,0.270025,0.427635,1000000
890,49.964608,Series RL,0.647694,0.00010861126111,,64.000915,-27.086547,20.000000,0.007854,100.000000,0,88.912528,50000,0,0,34.127384,34.121234,20.000000,0.268037,0.647694,1000000
891,50.026590,Series RL,0.405758,0.000108889823641,,-162.675689,106.644706,20.000000,0.007854,100.000000,0,89.320434,50000,0,0,34.211154,34.208747,20.000000,0.268684,0.405758,1000000
892,50.084116,Series RL,0.667071,0.000109218898767,,8.342065,-82.771697,20.000000,0.007852,100.000000,0,88.886238,50000,0,0,34.318614,34.312129,20.000000,0.269456,0.667071,1000000
893,50.141438,Series RL,0.646539,0.000109985290297,,94.531242,3.459273,20.000000,0.007853,100.000000,0,88.928024,50000,0,0,34.558948,34.552898,20.000000,0.271380,0.646539,1000000
894,50.197212,Series RL,0.308376,0.000108210910034,,140.964370,50.444656,20.000000,0.007851,100.000000,0,89.480278,50000,0,0,33.996856,33.995460,20.000000,0.266897,0.308376,1000000
895,50.251934,Series RL,0.440095,0.000109246840009,,-17.814788,-108.549446,20.000000,0.007851,100.000000,0,89.265335,50000,0,0,34.323730,34.320907,20.000000,0.269468,0.440095,1000000
896,50.308096,Series RL,0.610841,0.000108362072216,,-43.497928,-134.525894,20.000000,0.007856,100.000000,0,88.972038,50000,0,0,34.048427,34.042949,20.000000,0.267477,0.610841,1000000
897,50.364428,Series RL,0.482688,0.000109845358088,,-105.737724,163.460876,20.000000,0.007848,100.000000,0,89.198631,50000,0,0,34.512313,34.508937,20.000000,0.270859,0.482688,1000000
898,50.423952,Series RL,0.377034,0.000108726651627,,-91.192855,178.174713,20.000000,0.007853,100.000000,0,89.367584,50000,0,0,34.159568,34.157485,20.000000,0.268249,0.377034,1000000
899,50.479010,Series RL,0.350326,0.000108325778522,,-164.333999,105.076210,20.000000,0.007852,100.000000,0,89.410202,50000,0,0,34.033351,34.031547,20.000000,0.267237,0.350326,1000000
900,50.543067,Series RL,0.603334,0.000108287008378,,118.623771,27.607732,20.000000,0.007853,100.000000,0,88.983963,50000,0,0,34.024719,34.019367,20.000000,0.267197,0.603334,1000000
901,50.628373,Series RL,0.499679,0.000109847544877,,110.287948,19.458404,20.000000,0.007849,100.000000,0,89.170448,50000,0,0,34.513240,34.509624,20.000000,0.270906,0.499679,1000000
902,50.690363,Series RL,0.569439,0.000110005967707,,129.881469,38.937480,20.000000,0.007851,100.000000,0,89.056007,50000,0,0,34.564086,34.559394,20.000000,0.271372,0.569439,1000000
903,50.747431,Series RL,0.667119,0.000109010084299,,170.886520,79.770538,20.000000,0.007852,100.000000,0,88.884017,50000,0,0,34.253025,34.246528,20.000000,0.268966,0.667119,1000000
904,50.804591,Series RL,0.374459,0.000108396277796,,-74.366645,-164.996658,20.000000,0.007850,100.000000,0,89.369987,50000,0,0,34.055755,34.053695,20.000000,0.267339,0.374459,1000000
905,50.863620,Series RL,0.609199,0.000109979220127,,94.141166,3.131040,20.000000,0.007852,100.000000,0,88.989868,50000,0,0,34.556362,34.550991,20.000000,0.271331,0.609199,1000000
906,50.919214,Series RL,0.308194,0.000107999606382,,-76.485527,-167.005966,20.000000,0.007853,100.000000,0,89.479568,50000,0,0,33.930477,33.929077,20.000000,0.266469,0.308194,1000000
907,50.975920,Series RL,0.296546,0.000108157908255,,176.979278,86.479248,20.000000,0.007851,100.000000,0,89.499969,50000,0,0,33.980102,33.978809,20.000000,0.266778,0.296546,1000000
908,51.032511,Series RL,0.418810,0.000109136453324,,-107.994735,161.305419,20.000000,0.007851,100.000000,0,89.300163,50000,0,0,34.288784,34.286228,20.000000,0.269185,0.418810,1000000
909,51.089742,Series RL,0.601592,0.000109996278354,,-139.752944,129.249694,20.000000,0.007852,100.000000,0,89.002639,50000,0,0,34.561588,34.556350,20.000000,0.271373,0.601592,1000000
910,51.146198,Series RL,0.399511,0.000108372248583,,51.737644,-38.934661,20.000000,0.007850,100.000000,0,89.327697,50000,0,0,34.048492,34.046146,20.000000,0.267297,0.399511,1000000
911,51.203982,Series RL,0.388670,0.00010873367036,,17.094003,-73.557884,20.000000,0.007850,100.000000,0,89.348106,50000,0,0,34.161903,34.159690,20.000000,0.268163,0.388670,1000000
912,51.258124,Series RL,0.570872,0.000108286788744,,64.911125,-26.050262,20.000000,0.007854,100.000000,0,89.038619,50000,0,0,34.024085,34.019298,20.000000,0.267220,0.570872,1000000
913,51.314715,Series RL,0.547845,0.000109838011496,,128.877822,37.968242,20.000000,0.007848,100.000000,0,89.090415,50000,0,0,34.510978,34.506629,20.000000,0.270839,0.547845,1000000
914,51.370765,Series RL,0.367212,0.000108088962333,,-113.825660,155.554763,20.000000,0.007853,100.000000,0,89.380432,50000,0,0,33.959136,33.957149,20.000000,0.266696,0.367212,1000000
915,51.425384,Series RL,0.330415,0.000108214771133,,13.999732,-76.557113,20.000000,0.007849,100.000000,0,89.443153,50000,0,0,33.998279,33.996673,20.000000,0.266838,0.330415,1000000
916,51.480539,Series RL,0.503512,0.000108168460227,,173.425186,82.576293,20.000000,0.007852,100.000000,0,89.151107,50000,0,0,33.985855,33.982124,20.000000,0.266872,0.503512,1000000
917,51.536940,Series RL,0.349239,0.000108230326937,,-128.675659,140.735824,20.000000,0.007852,100.000000,0,89.411514,50000,0,0,34.003353,34.001560,20.000000,0.267008,0.349239,1000000
918,51.596502,Series RL,0.441014,0.000108136766112,,119.627044,28.883291,20.000000,0.007852,100.000000,0,89.256240,50000,0,0,33.975028,33.972167,20.000000,0.266787,0.441014,1000000
919,51.655700,Series RL,0.410536,0.000108720715147,,52.600936,-38.087703,20.000000,0.007851,100.000000,0,89.311363,50000,0,0,34.158088,34.155620,20.000000,0.268164,0.410536,1000000
920,51.711812,Series RL,0.328322,0.00010816488879,,-3.196596,-93.750167,20.000000,0.007849,100.000000,0,89.446426,50000,0,0,33.982589,33.981002,20.000000,0.266726,0.328322,1000000
921,51.766855,Series RL,0.305275,0.00010807593391,,-59.483638,-149.998779,20.000000,0.007852,100.000000,0,89.484863,50000,0,0,33.954429,33.953056,20.000000,0.266624,0.305275,1000000
922,51.820820,Series RL,0.325549,0.000108074148191,,-131.489532,137.961135,20.000000,0.007852,100.000000,0,89.450645,50000,0,0,33.954055,33.952495,20.000000,0.266615,0.325549,1000000
923,51.875176,Series RL,0.633376,0.000110083049629,,-121.206138,147.744628,20.000000,0.007855,100.000000,0,88.950775,50000,0,0,34.589408,34.583610,20.000000,0.271692,0.633376,1000000
924,51.929372,Series RL,0.545467,0.000109951800914,,-86.510276,-177.414978,20.000000,0.007849,100.000000,0,89.095298,50000,0,0,34.546684,34.542377,20.000000,0.271165,0.545467,1000000
925,51.984773,Series RL,0.331794,0.000107967243816,,-148.640380,120.799133,20.000000,0.007851,100.000000,0,89.439544,50000,0,0,33.920536,33.918910,20.000000,0.266302,0.331794,1000000
926,52.040552,Series RL,0.467396,0.000109516986426,,-107.003105,162.218551,20.000000,0.007850,100.000000,0,89.221694,50000,0,0,34.408950,34.405776,20.000000,0.270126,0.467396,1000000
927,52.096581,Series RL,0.713492,0.000109279272603,,80.210426,-10.980165,20.000000,0.007850,100.000000,0,88.809410,50000,0,0,34.338508,34.331096,20.000000,0.269545,0.713492,1000000
928,52.152866,Series RL,0.447794,0.000109474441127,,-124.962944,144.291107,20.000000,0.007852,100.000000,0,89.254035,50000,0,0,34.395324,34.392410,20.000000,0.270055,0.447794,1000000
929,52.208898,Series RL,0.601375,0.000108464080985,,-43.433914,-134.445007,20.000000,0.007851,100.000000,0,88.988914,50000,0,0,34.080303,34.074996,20.000000,0.267578,0.601375,1000000
930,52.263634,Series RL,0.514889,0.000108244106572,,-24.607007,-115.474464,20.000000,0.007853,100.000000,0,89.132537,50000,0,0,34.009788,34.005889,20.000000,0.267062,0.514889,1000000
931,52.320422,Series RL,0.316545,0.00010816195079,,-57.220096,-147.753829,20.000000,0.007852,100.000000,0,89.466270,50000,0,0,33.981555,33.980079,20.000000,0.266823,0.316545,1000000
932,52.377122,Series RL,0.396081,0.000108698675371,,124.828216,34.163696,20.000000,0.007852,100.000000,0,89.335472,50000,0,0,34.150993,34.148696,20.000000,0.268152,0.396081,1000000
933,52.431669,Series RL,0.492283,0.000109731594135,,-34.198699,-125.016845,20.000000,0.007849,100.000000,0,89.181861,50000,0,0,34.476711,34.473197,20.000000,0.270611,0.492283,1000000
934,52.486180,Series RL,0.390869,0.000109205908541,,108.329444,17.676706,20.000000,0.007850,100.000000,0,89.347251,50000,0,0,34.310276,34.308048,20.000000,0.269331,0.390869,1000000
935,52.543916,Series RL,0.318599,0.000108052293034,,84.865097,-5.672646,20.000000,0.007849,100.000000,0,89.462257,50000,0,0,33.947124,33.945629,20.000000,0.266463,0.318599,1000000
936,52.609302,Series RL,0.680316,0.000109993474044,,59.864948,-31.262931,20.000000,0.007852,100.000000,0,88.872123,50000,0,0,34.562168,34.555469,20.000000,0.271383,0.680316,1000000
937,52.673945,Series RL,0.360197,0.000108054247457,,-147.020263,122.371795,20.000000,0.007855,100.000000,0,89.392066,50000,0,0,33.948154,33.946243,20.000000,0.266652,0.360197,1000000
938,52.729272,Series RL,0.650110,0.00010972214988,,-101.090438,167.829071,20.000000,0.007853,100.000000,0,88.919525,50000,0,0,34.476360,34.470230,20.000000,0.270755,0.650110,1000000
939,52.786054,Series RL,0.714305,0.000109175770961,,8.550099,-82.642982,20.000000,0.007850,100.000000,0,88.806922,50000,0,0,34.306018,34.298580,20.000000,0.269318,0.714305,1000000
940,52.840967,Series RL,0.356546,0.000108579073614,,-37.503570,-128.102432,20.000000,0.007851,100.000000,0,89.401138,50000,0,0,34.112983,34.111122,20.000000,0.267837,0.356546,1000000
941,52.897708,Series RL,0.668966,0.000108690396131,,63.603622,-27.518735,20.000000,0.007851,100.000000,0,88.877639,50000,0,0,34.152648,34.146095,20.000000,0.268139,0.668966,1000000
942,52.952544,Series RL,0.452308,0.000109346493285,,90.624801,-0.129559,20.000000,0.007851,100.000000,0,89.245635,50000,0,0,34.355194,34.352214,20.000000,0.269708,0.452308,1000000
943,53.008610,Series RL,0.737364,0.00010899862196,,-153.138778,115.627624,20.000000,0.007853,100.000000,0,88.766426,50000,0,0,34.250865,34.242927,20.000000,0.268957,0.737364,1000000
944,53.066485,Series RL,0.384779,0.0001090471674,,143.663558,53.020057,20.000000,0.007849,100.000000,0,89.356491,50000,0,0,34.260337,34.258178,20.000000,0.268892,0.384779,1000000
945,53.121986,Series RL,0.676075,0.000109830642622,,114.403007,23.280502,20.000000,0.007852,100.000000,0,88.877494,50000,0,0,34.510936,34.504314,20.000000,0.270981,0.676075,1000000
946,53.178147,Series RL,0.442007,0.000109414442896,,-143.179229,126.084022,20.000000,0.007850,100.000000,0,89.263275,50000,0,0,34.376403,34.373561,20.000000,0.269855,0.442007,1000000
947,53.233977,Series RL,0.492477,0.000108142365183,,-150.555892,118.613609,20.000000,0.007853,100.000000,0,89.169509,50000,0,0,33.977497,33.973926,20.000000,0.266813,0.492477,1000000
948,53.289106,Series RL,0.416524,0.000108893735669,,125.452735,34.755161,20.000000,0.007851,100.000000,0,89.302421,50000,0,0,34.212512,34.209976,20.000000,0.268587,0.416524,1000000
949,53.345079,Series RL,0.290514,0.000108049485541,,31.319818,-59.170536,20.000000,0.007848,100.000000,0,89.509643,50000,0,0,33.945991,33.944747,20.000000,0.266413,0.290514,1000000
950,53.400981,Series RL,0.376353,0.000108563043528,,124.249847,33.617610,20.000000,0.007850,100.000000,0,89.367782,50000,0,0,34.108161,34.106086,20.000000,0.267759,0.376353,1000000
951,53.456198,Series RL,0.556720,0.000109952603055,,21.134317,-69.789039,20.000000,0.007849,100.000000,0,89.076652,50000,0,0,34.547115,34.542629,20.000000,0.271172,0.556720,1000000
952,53.511298,Series RL,0.586737,0.000108282975392,,-79.055831,-170.043960,20.000000,0.007850,100.000000,0,89.011871,50000,0,0,34.023159,34.018100,20.000000,0.267090,0.586737,1000000
953,53.569058,Series RL,0.497335,0.000109961611225,,-105.184440,163.990768,20.000000,0.007848,100.000000,0,89.175193,50000,0,0,34.549037,34.545459,20.000000,0.271149,0.497335,1000000
954,53.624024,Series RL,0.650073,0.000110034637879,,-85.447189,-176.524551,20.000000,0.007853,100.000000,0,88.922653,50000,0,0,34.574512,34.568401,20.000000,0.271512,0.650073,1000000
955,53.679052,Series RL,0.684771,0.000109838800904,,131.753997,40.617130,20.000000,0.007850,100.000000,0,88.863143,50000,0,0,34.513671,34.506877,20.000000,0.270941,0.684771,1000000
956,53.733410,Series RL,0.437266,0.000109392950613,,-143.344055,125.926963,20.000000,0.007850,100.000000,0,89.271041,50000,0,0,34.369590,34.366809,20.000000,0.269797,0.437266,1000000
957,53.789617,Series RL,0.546123,0.000109884895359,,39.272541,-51.633796,20.000000,0.007848,100.000000,0,89.093658,50000,0,0,34.525676,34.521358,20.000000,0.270947,0.546123,1000000
958,53.844274,Series RL,0.657127,0.000108395271937,,-115.954002,152.940490,20.000000,0.007851,100.000000,0,88.894500,50000,0,0,34.059715,34.053379,20.000000,0.267402,0.657127,1000000
959,53.900484,Series RL,0.462742,0.000108168313805,,-168.592422,100.627380,20.000000,0.007854,100.000000,0,89.219833,50000,0,0,33.985229,33.982078,20.000000,0.266911,0.462742,1000000
960,53.954238,Series RL,0.693213,0.000108981331367,,44.943443,-46.216476,20.000000,0.007850,100.000000,0,88.840072,50000,0,0,34.244514,34.237495,20.000000,0.268810,0.693213,1000000
961,54.009144,Series RL,0.664190,0.000109758392644,,132.436614,41.333106,20.000000,0.007853,100.000000,0,88.896492,50000,0,0,34.488014,34.481616,20.000000,0.270843,0.664190,1000000
962,54.069445,Series RL,0.711988,0.000109815780733,,24.478534,-66.703742,20.000000,0.007852,100.000000,0,88.817726,50000,0,0,34.506992,34.499645,20.000000,0.270953,0.711988,1000000
963,54.126128,Series RL,0.332959,0.000108261702742,,51.314041,-39.246845,20.000000,0.007850,100.000000,0,89.439109,50000,0,0,34.013046,34.011417,20.000000,0.266991,0.332959,1000000
964,54.180568,Series RL,0.322105,0.000108051382668,,121.384513,30.840847,20.000000,0.007850,100.000000,0,89.456336,50000,0,0,33.946868,33.945343,20.000000,0.266478,0.322105,1000000
965,54.234905,Series RL,0.408467,0.000109142755859,,-143.871978,125.445480,20.000000,0.007851,100.000000,0,89.317481,50000,0,0,34.290641,34.288208,20.000000,0.269202,0.408467,1000000
966,54.289686,Series RL,0.365403,0.000108024679652,,138.830688,48.213806,20.000000,0.007851,100.000000,0,89.383110,50000,0,0,33.938922,33.936954,20.000000,0.266465,0.365403,1000000
967,54.345860,Series RL,0.557998,0.00010815254155,,173.069534,82.128662,20.000000,0.007852,100.000000,0,89.059127,50000,0,0,33.981704,33.977123,20.000000,0.266827,0.557998,1000000
968,54.402469,Series RL,0.571353,0.000108362486018,,-97.312675,171.725814,20.000000,0.007855,100.000000,0,89.038482,50000,0,0,34.047874,34.043079,20.000000,0.267452,0.571353,1000000
969,54.457314,Series RL,0.346034,0.000108168775354,,68.847869,-21.735546,20.000000,0.007848,100.000000,0,89.416587,50000,0,0,33.983985,33.982223,20.000000,0.266704,0.346034,1000000
970,54.512283,Series RL,0.558798,0.000108214140879,,-97.060142,171.998153,20.000000,0.007853,100.000000,0,89.058311,50000,0,0,34.001068,33.996475,20.000000,0.267009,0.558798,1000000
971,54.616873,Series RL,0.369458,0.000108237151501,,-57.218643,-147.841140,20.000000,0.007848,100.000000,0,89.377487,50000,0,0,34.005710,34.003704,20.000000,0.266871,0.369458,1000000
972,54.679891,Series RL,0.374053,0.000108100437405,,84.083831,-6.547216,20.000000,0.007852,100.000000,0,89.368957,50000,0,0,33.962814,33.960754,20.000000,0.266685,0.374053,1000000
973,54.736234,Series RL,0.402866,0.000108165850086,,11.834295,-78.844947,20.000000,0.007851,100.000000,0,89.320755,50000,0,0,33.983692,33.981304,20.000000,0.266808,0.402866,1000000
974,54.790249,Series RL,0.335328,0.000108003540692,,31.376491,-59.189735,20.000000,0.007851,100.000000,0,89.433769,50000,0,0,33.931968,33.930313,20.000000,0.266384,0.335328,1000000
975,54.846798,Series RL,0.346617,0.000108526313751,,124.552589,33.970127,20.000000,0.007852,100.000000,0,89.417526,50000,0,0,34.096309,34.094547,20.000000,0.267722,0.346617,1000000
976,54.903417,Series RL,0.656512,0.000110011786412,,-67.247779,-158.336029,20.000000,0.007852,100.000000,0,88.911758,50000,0,0,34.567455,34.561222,20.000000,0.271416,0.656512,1000000
977,54.960225,Series RL,0.434162,0.00010814027707,,11.661944,-79.070228,20.000000,0.007852,100.000000,0,89.267822,50000,0,0,33.976043,33.973270,20.000000,0.266775,0.434162,1000000
978,55.016829,Series RL,0.404553,0.000108995769903,,-108.351058,160.972045,20.000000,0.007851,100.000000,0,89.323104,50000,0,0,34.244422,34.242031,20.000000,0.268849,0.404553,1000000
979,55.073803,Series RL,0.554585,0.000109962133253,,-14.335306,-105.255035,20.000000,0.007848,100.000000,0,89.080261,50000,0,0,34.550075,34.545623,20.000000,0.271141,0.554585,1000000
980,55.134208,Series RL,0.696971,0.000109532020202,,151.430099,60.269752,20.000000,0.007855,100.000000,0,88.839660,50000,0,0,34.417556,34.410499,20.000000,0.270353,0.696971,1000000
981,55.193670,Series RL,0.419350,0.000109209027978,,-143.822875,125.476844,20.000000,0.007850,100.000000,0,89.299720,50000,0,0,34.311592,34.309028,20.000000,0.269339,0.419350,1000000
982,55.252342,Series RL,0.313488,0.000108055231035,,13.016419,-77.512680,20.000000,0.007848,100.000000,0,89.470893,50000,0,0,33.947998,33.946552,20.000000,0.266419,0.313488,1000000
983,55.314269,Series RL,0.444583,0.000109443186279,,18.796600,-71.944221,20.000000,0.007849,100.000000,0,89.259178,50000,0,0,34.385463,34.382591,20.000000,0.269890,0.444583,1000000
984,55.372870,Series RL,0.461553,0.00010808054622,,173.833877,83.055076,20.000000,0.007854,100.000000,0,89.221206,50000,0,0,33.957641,33.954505,20.000000,0.266695,0.461553,1000000
985,55.431777,Series RL,0.604737,0.000108357969201,,-79.315216,-170.332946,20.000000,0.007853,100.000000,0,88.982269,50000,0,0,34.047031,34.041660,20.000000,0.267380,0.604737,1000000
986,55.489909,Series RL,0.423636,0.000109214127302,,-71.792602,-162.500000,20.000000,0.007851,100.000000,0,89.292594,50000,0,0,34.313243,34.310630,20.000000,0.269389,0.423636,1000000
987,55.550407,Series RL,0.453588,0.000109637915535,,-88.438896,-179.193389,20.000000,0.007850,100.000000,0,89.245521,50000,0,0,34.446754,34.443767,20.000000,0.270396,0.453588,1000000
988,55.609357,Series RL,0.497628,0.000109702767991,,56.101242,-34.725997,20.000000,0.007847,100.000000,0,89.172760,50000,0,0,34.467735,34.464141,20.000000,0.270454,0.497628,1000000
989,55.668526,Series RL,0.647568,0.000109913138995,,-84.381927,-175.456314,20.000000,0.007852,100.000000,0,88.925613,50000,0,0,34.536304,34.530231,20.000000,0.271167,0.647568,1000000
990,55.727057,Series RL,0.513460,0.000109829999636,,-159.325973,109.821441,20.000000,0.007851,100.000000,0,89.147438,50000,0,0,34.507934,34.504112,20.000000,0.270908,0.513460,1000000
991,55.785555,Series RL,0.439707,0.000109285902998,,162.622741,71.888992,20.000000,0.007849,100.000000,0,89.266250,50000,0,0,34.335994,34.333179,20.000000,0.269493,0.439707,1000000
992,55.843232,Series RL,0.674046,0.000109447181068,,151.613052,60.489990,20.000000,0.007850,100.000000,0,88.876937,50000,0,0,34.390453,34.383846,20.000000,0.269981,0.674046,1000000
993,55.901219,Series RL,0.546057,0.000109936257842,,165.467041,74.561248,20.000000,0.007848,100.000000,0,89.094192,50000,0,0,34.541812,34.537494,20.000000,0.271072,0.546057,1000000
994,55.958585,Series RL,0.658068,0.00010863778269,,-44.072353,-135.176971,20.000000,0.007853,100.000000,0,88.895385,50000,0,0,34.135910,34.129566,20.000000,0.268061,0.658068,1000000
995,56.018859,Series RL,0.521796,0.000109780992646,,74.244331,-16.622461,20.000000,0.007848,100.000000,0,89.133209,50000,0,0,34.492664,34.488716,20.000000,0.270707,0.521796,1000000
996,56.082249,Series RL,0.366729,0.000108104311236,,140.978561,50.359901,20.000000,0.007850,100.000000,0,89.381332,50000,0,0,33.963951,33.961971,20.000000,0.266631,0.366729,1000000
997,56.141714,Series RL,0.606503,0.000108434309461,,-169.516159,99.463829,20.000000,0.007851,100.000000,0,88.980018,50000,0,0,34.071041,34.065643,20.000000,0.267500,0.606503,1000000
998,56.197458,Series RL,0.540828,0.000108210935498,,83.233825,-7.677609,20.000000,0.007853,100.000000,0,89.088569,50000,0,0,33.999771,33.995468,20.000000,0.267002,0.540828,1000000
999,56.253572,Series RL,0.422290,0.000109205529752,,-17.670316,-108.375526,20.000000,0.007849,100.000000,0,89.294792,50000,0,0,34.310527,34.307929,20.000000,0.269298,0.422290,1000000
1000,56.311708,Series RL,0.676200,0.000109644132127,,60.972164,-30.152454,20.000000,0.007853,100.000000,0,88.875373,50000,0,0,34.452358,34.445720,20.000000,0.270554,0.676200,1000000
