index,elapsed_s,model,series_r,series_l,series_c,impedance_imag_ohm,phase_diff_deg,current_phase_deg,sample_rate_hz,current_amplitude_a,samples_per_period,voltage_pga,impedance_mag_ohm,voltage_amplitude_v,shunt_resistance_ohm,voltage_phase_deg,current_pga,dds_frequency_hz,shunt_range,impedance_real_ohm,captured_cycles
1,0.202428,Series RC,-1.043635,,5.35368701975e-07,-2.972810,-109.344146,-177.450653,1000000,0.009000,10.000000,1,3.150678,0.028357,100.000000,-106.794792,0,100000,0,-1.043635,50.000000
2,0.375856,Series RC,-0.935867,,5.16426972037e-07,-3.081848,-106.891990,25.594417,1000000,0.009025,10.000000,1,3.220812,0.029067,100.000000,98.702438,0,100000,0,-0.935867,50.000000
3,0.549622,Series RC,-0.894741,,5.72190853399e-07,-2.781501,-107.831718,48.573802,1000000,0.009028,10.000000,1,2.921868,0.026380,100.000000,120.742080,0,100000,0,-0.894741,50.000000
4,0.722861,Series RC,-1.071545,,5.20743339557e-07,-3.056303,-109.320755,-36.710758,1000000,0.008997,10.000000,1,3.238703,0.029137,100.000000,33.968486,0,100000,0,-1.071545,50.000000
5,0.895419,Series RC,-0.870440,,5.26655913575e-07,-3.021991,-106.068260,130.707382,1000000,0.009029,10.000000,1,3.144853,0.028396,100.000000,-155.360870,0,100000,0,-0.870440,50.000000
6,1.066676,Series RC,-0.962818,,5.62701303425e-07,-2.828409,-108.799057,-136.336120,1000000,0.009014,10.000000,1,2.987795,0.026931,100.000000,-65.135169,0,100000,0,-0.962818,50.000000
7,1.239061,Series RC,-0.989616,,5.53900686906e-07,-2.873348,-109.004325,-102.029731,1000000,0.009006,10.000000,1,3.038991,0.027370,100.000000,-31.034057,0,100000,0,-0.989616,50.000000
8,1.411299,Series RC,-1.053226,,5.11931486916e-07,-3.108911,-108.715179,175.615310,1000000,0.009003,10.000000,1,3.282470,0.029552,100.000000,-113.099876,0,100000,0,-1.053226,50.000000
9,1.585237,Series RC,-0.871651,,5.59554954366e-07,-2.844313,-107.037887,-126.625968,1000000,0.009045,10.000000,1,2.974877,0.026908,100.000000,-53.663864,0,100000,0,-0.871651,50.000000
10,1.758052,Series RC,-1.047857,,5.11263487001e-07,-3.112973,-108.603729,175.295318,1000000,0.009010,10.000000,1,3.284602,0.029594,100.000000,-113.308433,0,100000,0,-1.047857,50.000000
11,1.928947,Series RC,-0.969005,,5.61401018328e-07,-2.834960,-108.870704,79.251731,1000000,0.009013,10.000000,1,2.995992,0.027002,100.000000,150.381042,0,100000,0,-0.969005,50.000000
12,2.101877,Series RC,-0.887526,,5.69244861368e-07,-2.795896,-107.611457,-165.739410,1000000,0.009034,10.000000,1,2.933383,0.026500,100.000000,-93.350883,0,100000,0,-0.887526,50.000000
13,2.274942,Series RC,-0.919030,,5.70759185089e-07,-2.788478,-108.241241,118.240150,1000000,0.009021,10.000000,1,2.936022,0.026486,100.000000,-170.001098,0,100000,0,-0.919030,50.000000
14,2.447492,Series RC,-0.888811,,5.69530859605e-07,-2.794492,-107.643684,158.129531,1000000,0.009033,10.000000,1,2.932434,0.026489,100.000000,-129.514160,0,100000,0,-0.888811,50.000000
15,2.620260,Series RC,-0.965588,,5.60664332576e-07,-2.838685,-108.785903,151.130081,1000000,0.009016,10.000000,1,2.998415,0.027034,100.000000,-137.655822,0,100000,0,-0.965588,50.000000
16,2.792645,Series RC,-1.067772,,5.17110054081e-07,-3.077777,-109.133163,33.916809,1000000,0.009004,10.000000,1,3.257737,0.029334,100.000000,104.783653,0,100000,0,-1.067772,50.000000
17,2.965422,Series RC,-0.936289,,5.6745617136e-07,-2.804709,-108.460418,-135.018432,1000000,0.009016,10.000000,1,2.956862,0.026660,100.000000,-63.478874,0,100000,0,-0.936289,50.000000
18,3.138512,Series RC,-1.021276,,5.11142309263e-07,-3.113711,-108.159126,-6.413204,1000000,0.009008,10.000000,1,3.276919,0.029520,100.000000,65.427665,0,100000,0,-1.021276,50.000000
19,3.310389,Series RC,-1.032316,,5.40586522718e-07,-2.944116,-109.322563,-68.819587,1000000,0.009004,10.000000,1,3.119855,0.028090,100.000000,1.857843,0,100000,0,-1.032316,50.000000
20,3.484097,Series RC,-0.998440,,5.52628046146e-07,-2.879965,-109.120643,113.516395,1000000,0.009007,10.000000,1,3.048127,0.027453,100.000000,-175.604232,0,100000,0,-0.998440,50.000000
21,3.657048,Series RC,-0.893388,,5.68972167854e-07,-2.797236,-107.712570,-128.443527,1000000,0.009050,10.000000,1,2.936439,0.026575,100.000000,-56.156085,0,100000,0,-0.893388,50.000000
22,3.828889,Series RC,-0.982250,,5.14546663688e-07,-3.093110,-107.617790,27.735527,1000000,0.009017,10.000000,1,3.245326,0.029262,100.000000,100.117736,0,100000,0,-0.982250,50.000000
23,4.001512,Series RC,-1.024318,,5.43509803506e-07,-2.928281,-109.279937,76.049552,1000000,0.009001,10.000000,1,3.102266,0.027923,100.000000,146.769622,0,100000,0,-1.024318,50.000000
24,4.173767,Series RC,-0.897668,,5.71475045977e-07,-2.784985,-107.865371,-167.438079,1000000,0.009027,10.000000,1,2.926081,0.026415,100.000000,-95.303474,0,100000,0,-0.897668,50.000000
25,4.347515,Series RC,-1.051745,,5.33421669191e-07,-2.983661,-109.417617,146.078552,1000000,0.009003,10.000000,1,3.163606,0.028481,100.000000,-143.339080,0,100000,0,-1.051745,50.000000
26,4.520385,Series RC,-1.071166,,5.16022438714e-07,-3.084264,-109.152130,-109.733192,1000000,0.009000,10.000000,1,3.264978,0.029383,100.000000,-38.885330,0,100000,0,-1.071166,50.000000
27,4.692844,Series RC,-1.027904,,5.13075170647e-07,-3.101981,-108.333648,-77.870101,1000000,0.009009,10.000000,1,3.267855,0.029442,100.000000,-6.203770,0,100000,0,-1.027904,50.000000
28,4.866887,Series RC,-1.061706,,5.28078689715e-07,-3.013849,-109.406120,145.030349,1000000,0.009001,10.000000,1,3.195388,0.028763,100.000000,-144.375778,0,100000,0,-1.061706,50.000000
29,5.039733,Series RC,-0.995942,,5.12713855575e-07,-3.104167,-107.788330,28.459766,1000000,0.009014,10.000000,1,3.260024,0.029386,100.000000,100.671417,0,100000,0,-0.995942,50.000000
30,5.209439,Series RC,-0.952467,,5.14510068735e-07,-3.093330,-107.114112,98.477966,1000000,0.009017,10.000000,1,3.236647,0.029184,100.000000,171.363861,0,100000,0,-0.952467,50.000000
31,5.382230,Series RC,-0.830282,,5.48052324516e-07,-2.904010,-105.955680,-52.481826,1000000,0.009039,10.000000,1,3.020372,0.027300,100.000000,21.562498,0,100000,0,-0.830282,50.000000
32,5.552748,Series RC,-0.846336,,5.35476776849e-07,-2.972210,-105.894294,-86.658416,1000000,0.009030,10.000000,1,3.090359,0.027905,100.000000,-12.552709,0,100000,0,-0.846336,50.000000
33,5.725603,Series RC,-0.976749,,5.58571277981e-07,-2.849322,-108.921737,-137.318054,1000000,0.009011,10.000000,1,3.012088,0.027141,100.000000,-66.239784,0,100000,0,-0.976749,50.000000
34,5.898431,Series RC,-0.845678,,5.5277180695e-07,-2.879216,-106.368469,-161.398422,1000000,0.009041,10.000000,1,3.000843,0.027130,100.000000,-87.766899,0,100000,0,-0.845678,50.000000
35,6.071161,Series RC,-0.953859,,5.14649989351e-07,-3.092489,-107.142059,-153.577590,1000000,0.009022,10.000000,1,3.236253,0.029196,100.000000,-80.719650,0,100000,0,-0.953859,50.000000
36,6.244881,Series RC,-0.866633,,5.28484103273e-07,-3.011537,-106.054290,-157.505050,1000000,0.009024,10.000000,1,3.133754,0.028279,100.000000,-83.559333,0,100000,0,-0.866633,50.000000
37,6.414836,Series RC,-1.013827,,5.46307307597e-07,-2.913286,-109.187965,148.378799,1000000,0.009005,10.000000,1,3.084653,0.027777,100.000000,-140.809188,0,100000,0,-1.013827,50.000000
38,6.588332,Series RC,-0.840547,,5.35927558893e-07,-2.969710,-105.803649,-87.011451,1000000,0.009035,10.000000,1,3.086373,0.027885,100.000000,-12.815088,0,100000,0,-0.840547,50.000000
39,6.760552,Series RC,-0.844245,,5.36827420124e-07,-2.964732,-105.894981,-14.725736,1000000,0.009032,10.000000,1,3.082594,0.027841,100.000000,59.379295,0,100000,0,-0.844245,50.000000
40,6.932244,Series RC,-1.057677,,5.32657048097e-07,-2.987944,-109.493011,-178.115066,1000000,0.009000,10.000000,1,3.169620,0.028525,100.000000,-107.608078,0,100000,0,-1.057677,50.000000
41,7.105549,Series RC,-0.876576,,5.27916488268e-07,-3.014775,-106.212303,-13.117062,1000000,0.009031,10.000000,1,3.139626,0.028355,100.000000,60.670635,0,100000,0,-0.876576,50.000000
42,7.278788,Series RC,-1.033184,,5.41629449474e-07,-2.938447,-109.372123,-104.446876,1000000,0.009000,10.000000,1,3.114794,0.028032,100.000000,-33.819004,0,100000,0,-1.033184,50.000000
43,7.451543,Series RC,-1.021035,,5.45171411407e-07,-2.919356,-109.277107,148.199462,1000000,0.009000,10.000000,1,3.092757,0.027834,100.000000,-141.077651,0,100000,0,-1.021035,50.000000
44,7.625555,Series RC,-0.993951,,5.13347401997e-07,-3.100336,-107.775581,100.334495,1000000,0.009015,10.000000,1,3.255767,0.029351,100.000000,172.558929,0,100000,0,-0.993951,50.000000
45,7.799658,Series RC,-1.002880,,5.51759015136e-07,-2.884501,-109.171478,-66.756629,1000000,0.009002,10.000000,1,3.053869,0.027492,100.000000,4.071892,0,100000,0,-1.002880,50.000000
46,7.969476,Series RC,-1.029627,,5.11747785765e-07,-3.110027,-108.318000,-149.781616,1000000,0.009008,10.000000,1,3.276034,0.029509,100.000000,-78.099617,0,100000,0,-1.029627,50.000000
47,8.142276,Series RC,-0.886182,,5.70588119846e-07,-2.789314,-107.625358,50.587387,1000000,0.009033,10.000000,1,2.926703,0.026437,100.000000,122.962020,0,100000,0,-0.886182,50.000000
48,8.313126,Series RC,-0.998024,,5.11935603595e-07,-3.108886,-107.797821,172.397491,1000000,0.009015,10.000000,1,3.265154,0.029436,100.000000,-115.400329,0,100000,0,-0.998024,50.000000
49,8.485947,Series RC,-0.830828,,5.40366456871e-07,-2.945315,-105.752937,-159.513168,1000000,0.009034,10.000000,1,3.060254,0.027645,100.000000,-85.266090,0,100000,0,-0.830828,50.000000
50,8.658643,Series RC,-0.882233,,5.70461115015e-07,-2.789935,-107.547988,-166.195220,1000000,0.009034,10.000000,1,2.926102,0.026433,100.000000,-93.743194,0,100000,0,-0.882233,50.000000
51,8.831561,Series RC,-0.953048,,5.63435576132e-07,-2.824723,-108.644149,-172.127777,1000000,0.009013,10.000000,1,2.981167,0.026868,100.000000,-100.771934,0,100000,0,-0.953048,50.000000
52,9.004362,Series RC,-1.066677,,5.14580768216e-07,-3.092905,-109.028213,141.403778,1000000,0.009005,10.000000,1,3.271675,0.029462,100.000000,-147.624450,0,100000,0,-1.066677,50.000000
53,9.177915,Series RC,-0.871023,,5.27307284837e-07,-3.018258,-106.097328,166.944610,1000000,0.009029,10.000000,1,3.141427,0.028365,100.000000,-119.152725,0,100000,0,-0.871023,50.000000
54,9.350853,Series RC,-0.941974,,5.66637744385e-07,-2.808760,-108.539909,116.652763,1000000,0.009017,10.000000,1,2.962507,0.026713,100.000000,-171.887161,0,100000,0,-0.941974,50.000000
55,9.523435,Series RC,-0.849397,,5.31658656988e-07,-2.993555,-105.840850,58.109294,1000000,0.009030,10.000000,1,3.111727,0.028100,100.000000,132.268432,0,100000,0,-0.849397,50.000000
56,9.697171,Series RC,-1.020962,,5.45868856609e-07,-2.915626,-109.298683,-67.896095,1000000,0.009004,10.000000,1,3.089213,0.027814,100.000000,2.805232,0,100000,0,-1.020962,50.000000
57,9.870786,Series RC,-1.026283,,5.42050221588e-07,-2.936166,-109.266143,-68.535026,1000000,0.009005,10.000000,1,3.110359,0.028008,100.000000,2.198839,0,100000,0,-1.026283,50.000000
58,10.042417,Series RC,-1.070468,,5.20964250137e-07,-3.055007,-109.310340,-72.695671,1000000,0.009000,10.000000,1,3.237123,0.029136,100.000000,-2.006007,0,100000,0,-1.070468,50.000000
59,10.216257,Series RC,-1.059559,,5.29242590059e-07,-3.007221,-109.409294,-178.639236,1000000,0.009001,10.000000,1,3.188424,0.028698,100.000000,-108.048522,0,100000,0,-1.059559,50.000000
60,10.390149,Series RC,-1.030754,,5.12088132061e-07,-3.107960,-108.348075,-5.564146,1000000,0.009007,10.000000,1,3.274427,0.029492,100.000000,66.087783,0,100000,0,-1.030754,50.000000
61,10.562709,Series RC,-1.030856,,5.41549095666e-07,-2.938883,-109.329055,-68.735992,1000000,0.009003,10.000000,1,3.114434,0.028039,100.000000,1.934933,0,100000,0,-1.030856,50.000000
62,10.733731,Series RC,-0.875134,,5.68925998635e-07,-2.797463,-107.371307,-20.775558,1000000,0.009046,10.000000,1,2.931153,0.026516,100.000000,51.853149,0,100000,0,-0.875134,50.000000
63,10.906327,Series RC,-0.840321,,5.3792350432e-07,-2.958691,-105.855484,128.806747,1000000,0.009032,10.000000,1,3.075710,0.027780,100.000000,-157.048736,0,100000,0,-0.840321,50.000000
64,11.075842,Series RC,-0.961360,,5.15331712726e-07,-3.088398,-107.290382,-153.206726,1000000,0.009017,10.000000,1,3.234565,0.029167,100.000000,-80.497123,0,100000,0,-0.961360,50.000000
65,11.249152,Series RC,-0.890275,,5.71481612407e-07,-2.784953,-107.727676,-22.584844,1000000,0.009030,10.000000,1,2.923791,0.026401,100.000000,49.687465,0,100000,0,-0.890275,50.000000
66,11.420641,Series RC,-1.051596,,5.31527974709e-07,-2.994291,-109.351295,1.702584,1000000,0.008998,10.000000,1,3.173583,0.028557,100.000000,72.351295,0,100000,0,-1.051596,50.000000
67,11.593607,Series RC,-0.990968,,5.54392498715e-07,-2.870799,-109.044105,-66.175292,1000000,0.009009,10.000000,1,3.037022,0.027359,100.000000,4.780617,0,100000,0,-0.990968,50.000000
68,11.766665,Series RC,-0.983048,,5.57945055922e-07,-2.852520,-109.015197,-101.186706,1000000,0.009014,10.000000,1,3.017160,0.027196,100.000000,-30.201900,0,100000,0,-0.983048,50.000000
69,11.937215,Series RC,-0.890811,,5.61112046495e-07,-2.836420,-107.435508,-90.716209,1000000,0.009049,10.000000,1,2.973015,0.026903,100.000000,-18.151716,0,100000,0,-0.890811,50.000000
70,12.110867,Series RC,-1.013703,,5.48150855426e-07,-2.903488,-109.245773,112.872909,1000000,0.009007,10.000000,1,3.075360,0.027700,100.000000,-176.372879,0,100000,0,-1.013703,50.000000
71,12.283824,Series RC,-1.072295,,5.20142239996e-07,-3.059835,-109.312614,35.390014,1000000,0.009001,10.000000,1,3.242284,0.029183,100.000000,106.077407,0,100000,0,-1.072295,50.000000
72,12.456763,Series RC,-1.045071,,5.11317362217e-07,-3.112645,-108.559494,31.380889,1000000,0.009004,10.000000,1,3.283403,0.029562,100.000000,102.821388,0,100000,0,-1.045071,50.000000
73,12.630370,Series RC,-0.968494,,5.12904532117e-07,-3.103013,-107.333877,63.104286,1000000,0.009019,10.000000,1,3.250641,0.029319,100.000000,135.770416,0,100000,0,-0.968494,50.000000
74,12.803079,Series RC,-1.041779,,5.39696352125e-07,-2.948972,-109.456703,-140.809753,1000000,0.009003,10.000000,1,3.127578,0.028157,100.000000,-70.266448,0,100000,0,-1.041779,50.000000
75,12.974899,Series RC,-0.896229,,5.69596696162e-07,-2.794169,-107.783630,51.375072,1000000,0.009049,10.000000,1,2.934384,0.026554,100.000000,123.591445,0,100000,0,-0.896229,50.000000
76,13.147927,Series RC,-0.901507,,5.70647653648e-07,-2.789023,-107.912582,-24.723100,1000000,0.009026,10.000000,1,2.931103,0.026456,100.000000,47.364307,0,100000,0,-0.901507,50.000000
77,13.318441,Series RC,-0.871444,,5.27054606632e-07,-3.019705,-106.097381,166.725296,1000000,0.009029,10.000000,1,3.142933,0.028378,100.000000,-119.372100,0,100000,0,-0.871444,50.000000
78,13.491162,Series RC,-0.984488,,5.12917094649e-07,-3.102937,-107.602989,-8.156414,1000000,0.009016,10.000000,1,3.255370,0.029350,100.000000,64.240600,0,100000,0,-0.984488,50.000000
79,13.665055,Series RC,-0.985108,,5.13014805866e-07,-3.102346,-107.616539,-80.269927,1000000,0.009016,10.000000,1,3.254995,0.029347,100.000000,-7.886460,0,100000,0,-0.985108,50.000000
80,13.837178,Series RC,-0.860118,,5.51241121941e-07,-2.887211,-106.589111,-125.137374,1000000,0.009042,10.000000,1,3.012605,0.027239,100.000000,-51.726505,0,100000,0,-0.860118,50.000000
81,14.009890,Series RC,-0.903270,,5.71581153355e-07,-2.784468,-107.972839,155.996887,1000000,0.009026,10.000000,1,2.927313,0.026422,100.000000,-131.975967,0,100000,0,-0.903270,50.000000
82,14.184414,Series RC,-0.887869,,5.67844694365e-07,-2.802790,-107.577171,88.080291,1000000,0.009051,10.000000,1,2.940058,0.026609,100.000000,160.503128,0,100000,0,-0.887869,50.000000
83,14.357843,Series RC,-0.894647,,5.21835055052e-07,-3.049909,-106.348281,59.921863,1000000,0.009032,10.000000,1,3.178418,0.028708,100.000000,133.573577,0,100000,0,-0.894647,50.000000
84,14.530979,Series RC,-1.026949,,5.11937085616e-07,-3.108877,-108.279830,-78.028358,1000000,0.009009,10.000000,1,3.274101,0.029497,100.000000,-6.308202,0,100000,0,-1.026949,50.000000
85,14.704755,Series RC,-0.849172,,5.5178063108e-07,-2.884388,-106.404579,126.841987,1000000,0.009040,10.000000,1,3.006790,0.027180,100.000000,-159.562591,0,100000,0,-0.849172,50.000000
86,14.877483,Series RC,-0.839365,,5.40391592942e-07,-2.945178,-105.907356,92.407783,1000000,0.009042,10.000000,1,3.062451,0.027690,100.000000,166.500442,0,100000,0,-0.839365,50.000000
87,15.049945,Series RC,-0.899255,,5.72032498243e-07,-2.782271,-107.911300,11.842259,1000000,0.009026,10.000000,1,2.923985,0.026392,100.000000,83.930946,0,100000,0,-0.899255,50.000000
88,15.222481,Series RC,-0.867661,,5.30382113504e-07,-3.000760,-106.127067,-121.435905,1000000,0.009029,10.000000,1,3.123683,0.028205,100.000000,-47.562992,0,100000,0,-0.867661,50.000000
89,15.395336,Series RC,-1.049750,,5.35514252991e-07,-2.972002,-109.453880,74.708251,1000000,0.009002,10.000000,1,3.151947,0.028374,100.000000,145.254364,0,100000,0,-1.049750,50.000000
90,15.568608,Series RC,-1.073389,,5.23208131391e-07,-3.041905,-109.436264,-143.905166,1000000,0.008998,10.000000,1,3.225733,0.029026,100.000000,-73.341438,0,100000,0,-1.073389,50.000000
91,15.739274,Series RC,-1.062046,,5.12404679566e-07,-3.106040,-108.877067,-111.353096,1000000,0.009001,10.000000,1,3.282594,0.029546,100.000000,-40.230155,0,100000,0,-1.062046,50.000000
92,15.909612,Series RC,-1.041234,,5.12693210213e-07,-3.104292,-108.542358,-76.847335,1000000,0.009008,10.000000,1,3.274263,0.029493,100.000000,-5.389690,0,100000,0,-1.041234,50.000000
93,16.082281,Series RC,-0.950863,,5.64617691698e-07,-2.818809,-108.640686,-63.990299,1000000,0.009013,10.000000,1,2.974866,0.026811,100.000000,7.369031,0,100000,0,-0.950863,50.000000
94,16.253497,Series RC,-0.961053,,5.61570779509e-07,-2.834103,-108.731948,151.631881,1000000,0.009015,10.000000,1,2.992618,0.026978,100.000000,-137.100067,0,100000,0,-0.961053,50.000000
95,16.424738,Series RC,-1.015028,,5.48029867447e-07,-2.904129,-109.265129,-31.156856,1000000,0.009005,10.000000,1,3.076402,0.027703,100.000000,39.578006,0,100000,0,-1.015028,50.000000
96,16.597536,Series RC,-1.059810,,5.11977432813e-07,-3.108632,-108.825523,140.116714,1000000,0.009005,10.000000,1,3.284325,0.029574,100.000000,-148.708816,0,100000,0,-1.059810,50.000000
97,16.770314,Series RC,-1.072659,,5.20582377e-07,-3.057248,-109.333808,107.273277,1000000,0.008996,10.000000,1,3.239963,0.029146,100.000000,177.939453,0,100000,0,-1.072659,50.000000
98,16.941156,Series RC,-1.052767,,5.34806696291e-07,-2.975934,-109.481750,-105.576820,1000000,0.009003,10.000000,1,3.156660,0.028421,100.000000,-35.058582,0,100000,0,-1.052767,50.000000
99,17.114355,Series RC,-1.068715,,5.26154306998e-07,-3.024872,-109.458778,-107.375434,1000000,0.008999,10.000000,1,3.208115,0.028870,100.000000,-36.834205,0,100000,0,-1.068715,50.000000
100,17.287316,Series RC,-0.887149,,5.64356816651e-07,-2.820112,-107.462501,52.879379,1000000,0.009047,10.000000,1,2.956360,0.026746,100.000000,125.416862,0,100000,0,-0.887149,50.000000
101,17.460185,Series RC,-1.074130,,5.15626557011e-07,-3.086632,-109.187591,-146.036148,1000000,0.009002,10.000000,1,3.268188,0.029422,100.000000,-75.223747,0,100000,0,-1.074130,50.000000
102,17.633195,Series RC,-0.893665,,5.70600189269e-07,-2.789255,-107.765220,12.974617,1000000,0.009029,10.000000,1,2.928921,0.026446,100.000000,85.209411,0,100000,0,-0.893665,50.000000
103,17.805006,Series RC,-1.027315,,5.42617942323e-07,-2.933094,-109.302772,39.824489,1000000,0.008999,10.000000,1,3.107799,0.027966,100.000000,110.521713,0,100000,0,-1.027315,50.000000
104,17.977020,Series RC,-0.875022,,5.61490145005e-07,-2.834510,-107.155609,-54.336261,1000000,0.009046,10.000000,1,2.966499,0.026835,100.000000,18.508125,0,100000,0,-0.875022,50.000000
105,18.150637,Series RC,-0.984351,,5.57087313477e-07,-2.856912,-109.011428,-137.493988,1000000,0.009009,10.000000,1,3.021737,0.027223,100.000000,-66.505432,0,100000,0,-0.984351,50.000000
106,18.321350,Series RC,-1.055011,,5.33327647e-07,-2.984187,-109.470222,2.095857,1000000,0.009000,10.000000,1,3.165189,0.028487,100.000000,72.625633,0,100000,0,-1.055011,50.000000
107,18.494076,Series RC,-0.992809,,5.53375111626e-07,-2.876077,-109.044425,77.948989,1000000,0.009009,10.000000,1,3.042612,0.027410,100.000000,148.904556,0,100000,0,-0.992809,50.000000
108,18.667631,Series RC,-0.999515,,5.50495043076e-07,-2.891124,-109.071205,77.295730,1000000,0.009007,10.000000,1,3.059024,0.027552,100.000000,148.224533,0,100000,0,-0.999515,50.000000
109,18.839217,Series RC,-1.015113,,5.47921193691e-07,-2.904705,-109.263092,112.764617,1000000,0.009004,10.000000,1,3.076973,0.027705,100.000000,-176.498489,0,100000,0,-1.015113,50.000000
110,19.012460,Series RC,-1.065708,,5.13289290702e-07,-3.100687,-108.967880,104.940040,1000000,0.009002,10.000000,1,3.278719,0.029514,100.000000,175.972167,0,100000,0,-1.065708,50.000000
111,19.185851,Series RC,-0.942257,,5.66896492481e-07,-2.807478,-108.552986,-171.163513,1000000,0.009020,10.000000,1,2.961381,0.026713,100.000000,-99.716514,0,100000,0,-0.942257,50.000000
112,19.358460,Series RC,-0.912699,,5.70237102676e-07,-2.791031,-108.108345,-97.397438,1000000,0.009024,10.000000,1,2.936473,0.026500,100.000000,-25.505784,0,100000,0,-0.912699,50.000000
113,19.532502,Series RC,-1.049452,,5.12447410464e-07,-3.105781,-108.670242,-112.538154,1000000,0.009007,10.000000,1,3.278295,0.029527,100.000000,-41.208412,0,100000,0,-1.049452,50.000000
114,19.706511,Series RC,-0.864935,,5.2892195359e-07,-3.009044,-106.037025,130.412414,1000000,0.009031,10.000000,1,3.130888,0.028275,100.000000,-155.624618,0,100000,0,-0.864935,50.000000
115,19.879516,Series RC,-0.971288,,5.57830654995e-07,-2.853105,-108.800216,6.732266,1000000,0.009012,10.000000,1,3.013902,0.027162,100.000000,77.932044,0,100000,0,-0.971288,50.000000
116,20.052180,Series RC,-1.016503,,5.11533634315e-07,-3.111329,-108.092742,-150.531738,1000000,0.009016,10.000000,1,3.273171,0.029510,100.000000,-78.624481,0,100000,0,-1.016503,50.000000
117,20.225029,Series RC,-0.912390,,5.71134619199e-07,-2.786645,-108.129226,118.589462,1000000,0.009023,10.000000,1,2.932209,0.026457,100.000000,-169.539764,0,100000,0,-0.912390,50.000000
118,20.397580,Series RC,-1.053463,,5.31384404834e-07,-2.995100,-109.378242,37.708812,1000000,0.009005,10.000000,1,3.174965,0.028589,100.000000,108.330558,0,100000,0,-1.053463,50.000000
119,20.570508,Series RC,-1.073966,,5.20361790093e-07,-3.058544,-109.348022,-108.743408,1000000,0.009001,10.000000,1,3.241619,0.029179,100.000000,-38.091423,0,100000,0,-1.073966,50.000000
120,20.744821,Series RC,-0.887029,,5.69005528252e-07,-2.797072,-107.595252,85.717597,1000000,0.009029,10.000000,1,2.934354,0.026494,100.000000,158.122344,0,100000,0,-0.887029,50.000000
121,20.914709,Series RC,-1.014514,,5.12529757658e-07,-3.105282,-108.092521,-78.486900,1000000,0.009015,10.000000,1,3.266805,0.029450,100.000000,-6.579439,0,100000,0,-1.014514,50.000000
122,21.084007,Series RC,-0.963917,,5.14237932398e-07,-3.094967,-107.299018,-8.872512,1000000,0.009019,10.000000,1,3.241598,0.029234,100.000000,63.828483,0,100000,0,-0.963917,50.000000
123,21.254504,Series RC,-0.892937,,5.21308603116e-07,-3.052989,-106.303123,59.956211,1000000,0.009030,10.000000,1,3.180892,0.028723,100.000000,133.653106,0,100000,0,-0.892937,50.000000
124,21.426150,Series RC,-0.986779,,5.13204713443e-07,-3.101198,-107.650695,-43.921867,1000000,0.009016,10.000000,1,3.254406,0.029341,100.000000,28.427448,0,100000,0,-0.986779,50.000000
125,21.599264,Series RC,-1.020648,,5.11876659059e-07,-3.109244,-108.173065,-114.387222,1000000,0.009010,10.000000,1,3.272480,0.029484,100.000000,-42.560279,0,100000,0,-1.020648,50.000000
126,21.771054,Series RC,-1.063445,,5.21149850706e-07,-3.053919,-109.199287,-0.428566,1000000,0.008999,10.000000,1,3.233781,0.029100,100.000000,70.372146,0,100000,0,-1.063445,50.000000
127,21.942572,Series RC,-0.915661,,5.21473432358e-07,-3.052024,-106.700172,-83.183952,1000000,0.009029,10.000000,1,3.186423,0.028771,100.000000,-9.884121,0,100000,0,-0.915661,50.000000
128,22.113527,Series RC,-1.071501,,5.24909221697e-07,-3.032047,-109.462997,144.496231,1000000,0.009004,10.000000,1,3.215808,0.028954,100.000000,-144.966751,0,100000,0,-1.071501,50.000000
129,22.284033,Series RC,-0.892724,,5.26277835288e-07,-3.024162,-106.446441,-12.453046,1000000,0.009034,10.000000,1,3.153175,0.028486,100.000000,61.100513,0,100000,0,-0.892724,50.000000
130,22.455493,Series RC,-0.850906,,5.35083234014e-07,-2.974396,-105.964591,-122.579048,1000000,0.009037,10.000000,1,3.093715,0.027959,100.000000,-48.543643,0,100000,0,-0.850906,50.000000
131,22.626874,Series RC,-1.061500,,5.28320600451e-07,-3.012469,-109.410858,73.191200,1000000,0.009002,10.000000,1,3.194018,0.028754,100.000000,143.780349,0,100000,0,-1.061500,50.000000
132,22.798571,Series RC,-0.889810,,5.68379859129e-07,-2.800151,-107.628807,-164.791519,1000000,0.009051,10.000000,1,2.938130,0.026592,100.000000,-92.420303,0,100000,0,-0.889810,50.000000
133,22.971702,Series RC,-0.860604,,5.55564277617e-07,-2.864744,-106.720916,-89.618675,1000000,0.009041,10.000000,1,2.991220,0.027044,100.000000,-16.339576,0,100000,0,-0.860604,50.000000
134,23.143862,Series RC,-1.070061,,5.23763420603e-07,-3.038680,-109.399543,72.273941,1000000,0.008997,10.000000,1,3.221585,0.028985,100.000000,142.874374,0,100000,0,-1.070061,50.000000
135,23.314106,Series RC,-0.907968,,5.70852946148e-07,-2.788020,-108.038749,46.736030,1000000,0.009026,10.000000,1,2.932143,0.026465,100.000000,118.697296,0,100000,0,-0.907968,50.000000
136,23.483032,Series RC,-0.835110,,5.3710840847e-07,-2.963181,-105.739372,164.984939,1000000,0.009034,10.000000,1,3.078612,0.027811,100.000000,-120.754409,0,100000,0,-0.835110,50.000000
137,23.653639,Series RC,-0.981297,,5.55056254039e-07,-2.867366,-108.892440,-137.693420,1000000,0.009007,10.000000,1,3.030632,0.027297,100.000000,-66.585853,0,100000,0,-0.981297,50.000000
138,23.825564,Series RC,-0.926123,,5.69551240813e-07,-2.794392,-108.336334,9.787724,1000000,0.009021,10.000000,1,2.943864,0.026558,100.000000,81.451408,0,100000,0,-0.926123,50.000000
139,23.995713,Series RC,-0.842991,,5.41174548931e-07,-2.940917,-105.994537,-87.486381,1000000,0.009038,10.000000,1,3.059350,0.027652,100.000000,-13.480914,0,100000,0,-0.842991,50.000000
140,24.166814,Series RC,-0.853313,,5.4916426486e-07,-2.898130,-106.406318,-160.804992,1000000,0.009041,10.000000,1,3.021143,0.027314,100.000000,-87.211288,0,100000,0,-0.853313,50.000000
141,24.337545,Series RC,-0.873750,,5.60319300233e-07,-2.840433,-107.098510,17.556095,1000000,0.009045,10.000000,1,2.971784,0.026881,100.000000,90.457580,0,100000,0,-0.873750,50.000000
142,24.508128,Series RC,-0.878004,,5.63887528896e-07,-2.822459,-107.279754,16.788946,1000000,0.009047,10.000000,1,2.955870,0.026743,100.000000,89.509201,0,100000,0,-0.878004,50.000000
143,24.678851,Series RC,-1.054535,,5.34798609439e-07,-2.975979,-109.511718,-177.704650,1000000,0.009002,10.000000,1,3.157293,0.028422,100.000000,-107.216369,0,100000,0,-1.054535,50.000000
144,24.849987,Series RC,-1.068067,,5.14966380492e-07,-3.090589,-109.064468,141.665802,1000000,0.009005,10.000000,1,3.269940,0.029447,100.000000,-147.398651,0,100000,0,-1.068067,50.000000
145,25.020591,Series RC,-0.995834,,5.53594926814e-07,-2.874935,-109.105308,77.620552,1000000,0.009006,10.000000,1,3.042521,0.027402,100.000000,148.515243,0,100000,0,-0.995834,50.000000
146,25.193824,Series RC,-0.881254,,5.69007155689e-07,-2.797064,-107.487754,15.185037,1000000,0.009048,10.000000,1,2.932606,0.026534,100.000000,87.697296,0,100000,0,-0.881254,50.000000
147,25.366812,Series RC,-0.940975,,5.65331272742e-07,-2.815251,-108.481788,-27.540967,1000000,0.009013,10.000000,1,2.968345,0.026754,100.000000,43.977237,0,100000,0,-0.940975,50.000000
148,25.540216,Series RC,-0.914280,,5.18857574325e-07,-3.067411,-106.597343,-155.327697,1000000,0.009029,10.000000,1,3.200768,0.028900,100.000000,-81.925033,0,100000,0,-0.914280,50.000000
149,25.713963,Series RC,-0.963395,,5.60127623805e-07,-2.841405,-108.729537,-136.627700,1000000,0.009013,10.000000,1,3.000286,0.027041,100.000000,-65.357246,0,100000,0,-0.963395,50.000000
150,25.885638,Series RC,-1.074090,,5.22197693647e-07,-3.047791,-109.413261,-72.056022,1000000,0.008996,10.000000,1,3.231516,0.029072,100.000000,-1.469281,0,100000,0,-1.074090,50.000000
151,26.058530,Series RC,-0.917742,,5.20569606456e-07,-3.057323,-106.708618,-83.113723,1000000,0.009030,10.000000,1,3.192096,0.028824,100.000000,-9.822341,0,100000,0,-0.917742,50.000000
152,26.232336,Series RC,-1.069689,,5.19786523763e-07,-3.061929,-109.256935,-73.078147,1000000,0.009000,10.000000,1,3.243401,0.029191,100.000000,-2.335091,0,100000,0,-1.069689,50.000000
153,26.406193,Series RC,-1.062318,,5.27561954176e-07,-3.016801,-109.398895,37.039279,1000000,0.009001,10.000000,1,3.198376,0.028789,100.000000,107.640380,0,100000,0,-1.062318,50.000000
154,26.579605,Series RC,-0.874120,,5.28648409709e-07,-3.010601,-106.190521,130.887969,1000000,0.009032,10.000000,1,3.134933,0.028315,100.000000,-155.302536,0,100000,0,-0.874120,50.000000
155,26.753744,Series RC,-1.028640,,5.42438183367e-07,-2.934066,-109.319908,3.805446,1000000,0.009001,10.000000,1,3.109154,0.027985,100.000000,74.485542,0,100000,0,-1.028640,50.000000
156,26.925313,Series RC,-0.840964,,5.34853425113e-07,-2.975674,-105.780967,57.116809,1000000,0.009034,10.000000,1,3.092225,0.027937,100.000000,131.335845,0,100000,0,-0.840964,50.000000
157,27.096278,Series RC,-0.992610,,5.13376710975e-07,-3.100159,-107.754043,-43.675930,1000000,0.009014,10.000000,1,3.255190,0.029341,100.000000,28.570030,0,100000,0,-0.992610,50.000000
158,27.268676,Series RC,-1.062345,,5.12894118906e-07,-3.103076,-108.898742,140.789810,1000000,0.009004,10.000000,1,3.279886,0.029531,100.000000,-148.108932,0,100000,0,-1.062345,50.000000
159,27.439747,Series RC,-1.019293,,5.11532976676e-07,-3.111333,-108.139129,-150.157958,1000000,0.009014,10.000000,1,3.274042,0.029513,100.000000,-78.297080,0,100000,0,-1.019293,50.000000
160,27.612508,Series RC,-0.870069,,5.59541970644e-07,-2.844379,-107.008384,-54.045017,1000000,0.009043,10.000000,1,2.974477,0.026899,100.000000,18.946603,0,100000,0,-0.870069,50.000000
161,27.785448,Series RC,-1.054941,,5.33184532373e-07,-2.984988,-109.464187,-177.918029,1000000,0.009003,10.000000,1,3.165920,0.028503,100.000000,-107.382209,0,100000,0,-1.054941,50.000000
162,27.959765,Series RC,-1.024888,,5.448364124e-07,-2.921151,-109.333457,75.977554,1000000,0.009006,10.000000,1,3.095726,0.027880,100.000000,146.644088,0,100000,0,-1.024888,50.000000
163,28.130530,Series RC,-0.882622,,5.69707613198e-07,-2.793625,-107.533485,-129.426757,1000000,0.009036,10.000000,1,2.929738,0.026472,100.000000,-56.960231,0,100000,0,-0.882622,50.000000
164,28.305105,Series RC,-0.887330,,5.67845504765e-07,-2.802786,-107.567199,-128.456314,1000000,0.009051,10.000000,1,2.939892,0.026610,100.000000,-56.023494,0,100000,0,-0.887330,50.000000
165,28.478465,Series RC,-0.929304,,5.69350753143e-07,-2.795376,-108.389030,45.532287,1000000,0.009022,10.000000,1,2.945799,0.026576,100.000000,117.143264,0,100000,0,-0.929304,50.000000
166,28.651266,Series RC,-0.995065,,5.13672969092e-07,-3.098371,-107.804809,-115.626098,1000000,0.009016,10.000000,1,3.254237,0.029341,100.000000,-43.430900,0,100000,0,-0.995065,50.000000
167,28.823172,Series RC,-1.060958,,5.24836694268e-07,-3.032466,-109.283218,0.504628,1000000,0.008998,10.000000,1,3.212707,0.028909,100.000000,71.221397,0,100000,0,-1.060958,50.000000
168,28.996683,Series RC,-1.043601,,5.35975025289e-07,-2.969447,-109.363838,-33.516002,1000000,0.009004,10.000000,1,3.147494,0.028340,100.000000,37.120159,0,100000,0,-1.043601,50.000000
169,29.169707,Series RC,-1.064026,,5.28361115861e-07,-3.012238,-109.454978,-178.888244,1000000,0.009001,10.000000,1,3.194640,0.028756,100.000000,-108.343238,0,100000,0,-1.064026,50.000000
170,29.342935,Series RC,-0.981130,,5.55515798958e-07,-2.864994,-108.903991,150.228668,1000000,0.009005,10.000000,1,3.028334,0.027271,100.000000,-138.675338,0,100000,0,-0.981130,50.000000
171,29.516230,Series RC,-0.902979,,5.70780677807e-07,-2.788373,-107.943885,119.350784,1000000,0.009027,10.000000,1,2.930937,0.026459,100.000000,-168.593109,0,100000,0,-0.902979,50.000000
172,29.689982,Series RC,-0.883166,,5.65288503394e-07,-2.815464,-107.415809,88.392555,1000000,0.009050,10.000000,1,2.950732,0.026704,100.000000,160.976730,0,100000,0,-0.883166,50.000000
173,29.862771,Series RC,-0.832999,,5.45256393046e-07,-2.918901,-105.927734,-87.998825,1000000,0.009039,10.000000,1,3.035436,0.027436,100.000000,-13.926562,0,100000,0,-0.832999,50.000000
174,30.035245,Series RC,-0.940388,,5.17124335677e-07,-3.077692,-106.990509,62.113765,1000000,0.009023,10.000000,1,3.218154,0.029039,100.000000,135.123245,0,100000,0,-0.940388,50.000000
175,30.207763,Series RC,-1.069734,,5.18596535602e-07,-3.068955,-109.216819,34.908527,1000000,0.009001,10.000000,1,3.250049,0.029254,100.000000,105.691688,0,100000,0,-1.069734,50.000000
176,30.381024,Series RC,-1.015193,,5.11584113169e-07,-3.111022,-108.072601,101.459358,1000000,0.009011,10.000000,1,3.272473,0.029488,100.000000,173.386749,0,100000,0,-1.015193,50.000000
177,30.554167,Series RC,-0.837873,,5.43929599589e-07,-2.926021,-105.979187,127.953224,1000000,0.009038,10.000000,1,3.043622,0.027509,100.000000,-158.025955,0,100000,0,-0.837873,50.000000
178,30.727331,Series RC,-0.836262,,5.4829682932e-07,-2.902715,-106.071495,91.221504,1000000,0.009042,10.000000,1,3.020777,0.027314,100.000000,165.149993,0,100000,0,-0.836262,50.000000
179,30.899049,Series RC,-0.862281,,5.31689206132e-07,-2.993383,-106.069694,-85.854423,1000000,0.009032,10.000000,1,3.115103,0.028136,100.000000,-11.924129,0,100000,0,-0.862281,50.000000
180,31.073739,Series RC,-0.915967,,5.71265204881e-07,-2.786008,-108.199508,-133.637969,1000000,0.009026,10.000000,1,2.932719,0.026470,100.000000,-61.837463,0,100000,0,-0.915967,50.000000
181,31.246654,Series RC,-1.058098,,5.13703144295e-07,-3.098189,-108.856140,32.238563,1000000,0.009007,10.000000,1,3.273889,0.029486,100.000000,103.382438,0,100000,0,-1.058098,50.000000
182,31.418147,Series RC,-1.010610,,5.11569971508e-07,-3.111108,-107.995834,29.568542,1000000,0.009011,10.000000,1,3.271136,0.029475,100.000000,101.572700,0,100000,0,-1.010610,50.000000
183,31.592707,Series RC,-0.883220,,5.66297614194e-07,-2.810447,-107.445999,-163.663940,1000000,0.009051,10.000000,1,2.945962,0.026665,100.000000,-91.109954,0,100000,0,-0.883220,50.000000
184,31.765860,Series RC,-1.057158,,5.32606602818e-07,-2.988227,-109.482460,-70.067230,1000000,0.009004,10.000000,1,3.169713,0.028540,100.000000,0.450302,0,100000,0,-1.057158,50.000000
185,31.936850,Series RC,-1.064146,,5.26642320516e-07,-3.022069,-109.398437,144.823608,1000000,0.009003,10.000000,1,3.203952,0.028845,100.000000,-144.574829,0,100000,0,-1.064146,50.000000
186,32.108338,Series RC,-0.838878,,5.40693224616e-07,-2.943535,-105.907020,92.679512,1000000,0.009036,10.000000,1,3.060738,0.027658,100.000000,166.772506,0,100000,0,-0.838878,50.000000
187,32.280604,Series RC,-0.999316,,5.51488672022e-07,-2.885915,-109.099624,-30.715305,1000000,0.009003,10.000000,1,3.054036,0.027496,100.000000,40.185089,0,100000,0,-0.999316,50.000000
188,32.454002,Series RC,-0.984207,,5.13401386098e-07,-3.100010,-107.613861,28.073678,1000000,0.009016,10.000000,1,3.252495,0.029324,100.000000,100.459823,0,100000,0,-0.984207,50.000000
189,32.625834,Series RC,-0.866009,,5.31212719778e-07,-2.996068,-106.121849,-157.622787,1000000,0.009031,10.000000,1,3.118717,0.028166,100.000000,-83.744628,0,100000,0,-0.866009,50.000000
190,32.796481,Series RC,-1.050615,,5.34949244731e-07,-2.975141,-109.449707,74.280845,1000000,0.009001,10.000000,1,3.155195,0.028400,100.000000,144.831146,0,100000,0,-1.050615,50.000000
191,32.966053,Series RC,-0.890680,,5.70491991824e-07,-2.789784,-107.706451,-129.270645,1000000,0.009037,10.000000,1,2.928516,0.026465,100.000000,-56.977104,0,100000,0,-0.890680,50.000000
192,33.139089,Series RC,-1.029366,,5.42835032362e-07,-2.931921,-109.345611,75.666923,1000000,0.009000,10.000000,1,3.107371,0.027967,100.000000,146.321304,0,100000,0,-1.029366,50.000000
193,33.312007,Series RC,-1.030129,,5.11800281865e-07,-3.109708,-108.328086,-5.177914,1000000,0.009007,10.000000,1,3.275889,0.029505,100.000000,66.494010,0,100000,0,-1.030129,50.000000
194,33.484279,Series RC,-0.953562,,5.628332357e-07,-2.827746,-108.634948,7.745888,1000000,0.009012,10.000000,1,2.984196,0.026894,100.000000,79.110923,0,100000,0,-0.953562,50.000000
195,33.657532,Series RC,-1.043339,,5.35305318351e-07,-2.973162,-109.336929,-33.643970,1000000,0.009000,10.000000,1,3.150912,0.028357,100.000000,37.019088,0,100000,0,-1.043339,50.000000
196,33.829941,Series RC,-0.910587,,5.71503775226e-07,-2.784845,-108.106674,-25.351551,1000000,0.009025,10.000000,1,2.929937,0.026443,100.000000,46.541774,0,100000,0,-0.910587,50.000000
197,34.001169,Series RC,-0.930006,,5.16461829065e-07,-3.081640,-106.793243,133.566436,1000000,0.009025,10.000000,1,3.218915,0.029051,100.000000,-153.226806,0,100000,0,-0.930006,50.000000
198,34.170338,Series RC,-1.057067,,5.13574012677e-07,-3.098968,-108.834655,176.613204,1000000,0.009005,10.000000,1,3.274293,0.029484,100.000000,-112.221466,0,100000,0,-1.057067,50.000000
199,34.341668,Series RC,-1.045305,,5.33658301279e-07,-2.982338,-109.315475,-177.764144,1000000,0.009003,10.000000,1,3.160222,0.028452,100.000000,-107.079627,0,100000,0,-1.045305,50.000000
200,34.514079,Series RC,-0.888456,,5.6885320073e-07,-2.797821,-107.617385,-93.113700,1000000,0.009043,10.000000,1,2.935499,0.026546,100.000000,-20.731092,0,100000,0,-0.888456,50.000000
201,34.684199,Series RC,-0.835734,,5.36233982438e-07,-2.968013,-105.726158,-50.775554,1000000,0.009035,10.000000,1,3.083432,0.027859,100.000000,23.498289,0,100000,0,-0.835734,50.000000
202,34.854910,Series RC,-0.840013,,5.39387422316e-07,-2.950661,-105.890937,20.740798,1000000,0.009038,10.000000,1,3.067902,0.027729,100.000000,94.849861,0,100000,0,-0.840013,50.000000
203,35.027917,Series RC,-0.961944,,5.14998207648e-07,-3.090398,-107.289733,98.975448,1000000,0.009018,10.000000,1,3.236649,0.029187,100.000000,171.685714,0,100000,0,-0.961944,50.000000
204,35.199976,Series RC,-0.880645,,5.7049096936e-07,-2.789789,-107.519195,-22.518377,1000000,0.009030,10.000000,1,2.925484,0.026418,100.000000,49.962421,0,100000,0,-0.880645,50.000000
205,35.371195,Series RC,-1.069182,,5.13361642099e-07,-3.100250,-109.027748,176.897827,1000000,0.009003,10.000000,1,3.279436,0.029524,100.000000,-112.129936,0,100000,0,-1.069182,50.000000
206,35.544252,Series RC,-1.066100,,5.14118330089e-07,-3.095687,-109.002792,-110.481918,1000000,0.009002,10.000000,1,3.274117,0.029475,100.000000,-39.484714,0,100000,0,-1.066100,50.000000
207,35.717116,Series RC,-0.850138,,5.34583409357e-07,-2.977177,-105.936775,93.530372,1000000,0.009033,10.000000,1,3.096178,0.027967,100.000000,167.593582,0,100000,0,-0.850138,50.000000
208,35.887749,Series RC,-0.999827,,5.11956023304e-07,-3.108762,-107.828605,-151.647613,1000000,0.009014,10.000000,1,3.265586,0.029436,100.000000,-79.476211,0,100000,0,-0.999827,50.000000
209,36.060948,Series RC,-0.961029,,5.606422125e-07,-2.838797,-108.702705,-136.357727,1000000,0.009013,10.000000,1,2.997056,0.027013,100.000000,-65.060447,0,100000,0,-0.961029,50.000000
210,36.233641,Series RC,-0.851358,,5.49090184587e-07,-2.898521,-106.368637,-160.942199,1000000,0.009043,10.000000,1,3.020966,0.027317,100.000000,-87.310844,0,100000,0,-0.851358,50.000000
211,36.407525,Series RC,-1.056542,,5.30127186909e-07,-3.002203,-109.388099,-178.442550,1000000,0.009004,10.000000,1,3.182688,0.028657,100.000000,-107.830627,0,100000,0,-1.056542,50.000000
212,36.578908,Series RC,-1.008704,,5.51454658917e-07,-2.886093,-109.264770,41.250530,1000000,0.009005,10.000000,1,3.057289,0.027530,100.000000,111.985755,0,100000,0,-1.008704,50.000000
213,36.750499,Series RC,-1.068404,,5.18555307401e-07,-3.069199,-109.193275,34.807605,1000000,0.009001,10.000000,1,3.249841,0.029250,100.000000,105.614349,0,100000,0,-1.068404,50.000000
214,36.921532,Series RC,-0.886905,,5.69890394277e-07,-2.792729,-107.618621,-22.698915,1000000,0.009029,10.000000,1,2.930177,0.026456,100.000000,49.682487,0,100000,0,-0.886905,50.000000
215,37.090886,Series RC,-0.847133,,5.33584946137e-07,-2.982748,-105.855110,21.480907,1000000,0.009030,10.000000,1,3.100713,0.027999,100.000000,95.625785,0,100000,0,-0.847133,50.000000
216,37.259927,Series RC,-0.886134,,5.2631681963e-07,-3.023938,-106.332679,59.505302,1000000,0.009037,10.000000,1,3.151100,0.028478,100.000000,133.172607,0,100000,0,-0.886134,50.000000
217,37.430690,Series RC,-0.956204,,5.63142513947e-07,-2.826193,-108.692535,-28.204711,1000000,0.009010,10.000000,1,2.983570,0.026882,100.000000,43.102760,0,100000,0,-0.956204,50.000000
218,37.604615,Series RC,-0.956938,,5.1617506886e-07,-3.083352,-107.242050,-81.400924,1000000,0.009023,10.000000,1,3.228434,0.029131,100.000000,-8.642973,0,100000,0,-0.956938,50.000000
219,37.774251,Series RC,-0.986141,,5.12274221198e-07,-3.106831,-107.609985,-8.009732,1000000,0.009013,10.000000,1,3.259582,0.029380,100.000000,64.380271,0,100000,0,-0.986141,50.000000
220,37.946777,Series RC,-0.970665,,5.1403729793e-07,-3.096175,-107.406448,63.189128,1000000,0.009021,10.000000,1,3.244763,0.029269,100.000000,135.782684,0,100000,0,-0.970665,50.000000
221,38.119616,Series RC,-0.896587,,5.67939324239e-07,-2.802323,-107.741760,123.578430,1000000,0.009048,10.000000,1,2.942258,0.026621,100.000000,-164.163330,0,100000,0,-0.896587,50.000000
222,38.292851,Series RC,-0.889691,,5.24577559562e-07,-3.033964,-106.343437,167.467056,1000000,0.009032,10.000000,1,3.161723,0.028556,100.000000,-118.876396,0,100000,0,-0.889691,50.000000
223,38.465527,Series RC,-0.877253,,5.64633315814e-07,-2.818731,-107.287322,-55.828079,1000000,0.009048,10.000000,1,2.952087,0.026712,100.000000,16.884584,0,100000,0,-0.877253,50.000000
224,38.638676,Series RC,-0.859622,,5.28632782159e-07,-3.010690,-105.935272,-13.657482,1000000,0.009027,10.000000,1,3.131007,0.028263,100.000000,60.407234,0,100000,0,-0.859622,50.000000
225,38.811771,Series RC,-1.075203,,5.20464741422e-07,-3.057939,-109.372200,-144.576705,1000000,0.009001,10.000000,1,3.241458,0.029176,100.000000,-73.948898,0,100000,0,-1.075203,50.000000
226,38.985066,Series RC,-0.915749,,5.70459070311e-07,-2.789945,-108.171478,-169.671875,1000000,0.009022,10.000000,1,2.936391,0.026492,100.000000,-97.843353,0,100000,0,-0.915749,50.000000
227,39.154239,Series RC,-0.938987,,5.66678902226e-07,-2.808556,-108.486373,-26.843774,1000000,0.009020,10.000000,1,2.961365,0.026712,100.000000,44.669849,0,100000,0,-0.938987,50.000000
228,39.326488,Series RC,-0.894545,,5.69803885043e-07,-2.793153,-107.758361,-92.634193,1000000,0.009050,10.000000,1,2.932902,0.026542,100.000000,-20.392566,0,100000,0,-0.894545,50.000000
229,39.496955,Series RC,-0.924261,,5.69906311572e-07,-2.792651,-108.312561,-97.875549,1000000,0.009019,10.000000,1,2.941625,0.026529,100.000000,-26.188098,0,100000,0,-0.924261,50.000000
230,39.667719,Series RC,-1.064854,,5.14477969266e-07,-3.093523,-108.994514,33.532737,1000000,0.009003,10.000000,1,3.271666,0.029455,100.000000,104.538215,0,100000,0,-1.064854,50.000000
231,39.840491,Series RC,-0.907241,,5.70568073457e-07,-2.789412,-108.016830,155.505310,1000000,0.009027,10.000000,1,2.933242,0.026478,100.000000,-132.511520,0,100000,0,-0.907241,50.000000
232,40.012513,Series RC,-0.981905,,5.13228544527e-07,-3.101054,-107.569656,27.590078,1000000,0.009014,10.000000,1,3.252794,0.029321,100.000000,100.020408,0,100000,0,-0.981905,50.000000
233,40.181594,Series RC,-0.875787,,5.26457489727e-07,-3.023130,-106.156051,-48.983219,1000000,0.009030,10.000000,1,3.147430,0.028423,100.000000,24.860721,0,100000,0,-0.875787,50.000000
234,40.354050,Series RC,-0.882767,,5.25983724563e-07,-3.025853,-106.264160,23.231357,1000000,0.009034,10.000000,1,3.151993,0.028477,100.000000,96.967185,0,100000,0,-0.882767,50.000000
235,40.527953,Series RC,-1.071681,,5.20585271744e-07,-3.057231,-109.317588,71.473014,1000000,0.008998,10.000000,1,3.239624,0.029149,100.000000,142.155426,0,100000,0,-1.071681,50.000000
236,40.696847,Series RC,-0.947732,,5.64663164286e-07,-2.818582,-108.584922,80.472053,1000000,0.009013,10.000000,1,2.973651,0.026801,100.000000,151.887115,0,100000,0,-0.947732,50.000000
237,40.867368,Series RC,-0.859651,,5.48296073757e-07,-2.902719,-106.496849,91.139892,1000000,0.009041,10.000000,1,3.027338,0.027370,100.000000,164.643051,0,100000,0,-0.859651,50.000000
238,41.040061,Series RC,-0.884841,,5.69424085915e-07,-2.795016,-107.566650,13.647517,1000000,0.009029,10.000000,1,2.931733,0.026471,100.000000,86.080871,0,100000,0,-0.884841,50.000000
239,41.212689,Series RC,-0.938242,,5.17621322057e-07,-3.074737,-106.969322,169.718475,1000000,0.009023,10.000000,1,3.214701,0.029006,100.000000,-117.250854,0,100000,0,-0.938242,50.000000
240,41.383272,Series RC,-0.887947,,5.6834454248e-07,-2.800325,-107.593147,-164.442306,1000000,0.009043,10.000000,1,2.937733,0.026566,100.000000,-92.035461,0,100000,0,-0.887947,50.000000
241,41.556940,Series RC,-0.901745,,5.7189519099e-07,-2.782939,-107.953674,-168.073303,1000000,0.009029,10.000000,1,2.925387,0.026412,100.000000,-96.026985,0,100000,0,-0.901745,50.000000
242,41.729262,Series RC,-0.981048,,5.12977767115e-07,-3.102570,-107.547203,63.730762,1000000,0.009015,10.000000,1,3.253981,0.029333,100.000000,136.183563,0,100000,0,-0.981048,50.000000
243,41.900847,Series RC,-0.954973,,5.6358820879e-07,-2.823958,-108.683906,80.055343,1000000,0.009013,10.000000,1,2.981059,0.026868,100.000000,151.371444,0,100000,0,-0.954973,50.000000
244,42.073526,Series RC,-1.021401,,5.45535805068e-07,-2.917406,-109.295440,112.382949,1000000,0.009006,10.000000,1,3.091039,0.027836,100.000000,-176.912506,0,100000,0,-1.021401,50.000000
245,42.246805,Series RC,-1.051759,,5.33706619339e-07,-2.982068,-109.427474,-33.847187,1000000,0.009000,10.000000,1,3.162108,0.028458,100.000000,36.725349,0,100000,0,-1.051759,50.000000
246,42.417438,Series RC,-0.955939,,5.15140061284e-07,-3.089547,-107.192626,26.740631,1000000,0.009018,10.000000,1,3.234056,0.029164,100.000000,99.547981,0,100000,0,-0.955939,50.000000
247,42.590558,Series RC,-0.978494,,5.5838392989e-07,-2.850278,-108.947227,-137.188522,1000000,0.009010,10.000000,1,3.013559,0.027153,100.000000,-66.135734,0,100000,0,-0.978494,50.000000
248,42.764660,Series RC,-0.883687,,5.23511371313e-07,-3.040143,-106.207702,167.529281,1000000,0.009034,10.000000,1,3.165971,0.028600,100.000000,-118.678413,0,100000,0,-0.883687,50.000000
249,42.936310,Series RC,-0.883778,,5.68860317022e-07,-2.797786,-107.530532,-130.213241,1000000,0.009029,10.000000,1,2.934054,0.026492,100.000000,-57.743766,0,100000,0,-0.883778,50.000000
250,43.106335,Series RC,-1.053248,,5.33301912864e-07,-2.984331,-109.439254,109.938865,1000000,0.009001,10.000000,1,3.164737,0.028485,100.000000,-179.500411,0,100000,0,-1.053248,50.000000
251,43.279016,Series RC,-0.891021,,5.69786953526e-07,-2.793236,-107.692268,49.487983,1000000,0.009031,10.000000,1,2.931909,0.026478,100.000000,121.795707,0,100000,0,-0.891021,50.000000
252,43.450444,Series RC,-0.894133,,5.70722548854e-07,-2.788657,-107.777511,-130.973541,1000000,0.009029,10.000000,1,2.928495,0.026440,100.000000,-58.751060,0,100000,0,-0.894133,50.000000
253,43.621527,Series RC,-0.892526,,5.6969721289e-07,-2.793676,-107.717681,51.697940,1000000,0.009049,10.000000,1,2.932785,0.026539,100.000000,123.980247,0,100000,0,-0.892526,50.000000
254,43.790818,Series RC,-1.046927,,5.36951663678e-07,-2.964046,-109.453651,146.834197,1000000,0.009003,10.000000,1,3.143505,0.028301,100.000000,-142.619461,0,100000,0,-1.046927,50.000000
255,43.961694,Series RC,-0.867454,,5.3241631586e-07,-2.989295,-106.182037,58.131389,1000000,0.009029,10.000000,1,3.112613,0.028103,100.000000,131.949356,0,100000,0,-0.867454,50.000000
256,44.133375,Series RC,-0.996977,,5.52859942996e-07,-2.878757,-109.102111,-102.418815,1000000,0.009009,10.000000,1,3.046507,0.027446,100.000000,-31.520921,0,100000,0,-0.996977,50.000000
257,44.305874,Series RC,-1.038354,,5.39984383152e-07,-2.947399,-109.407104,147.335037,1000000,0.009004,10.000000,1,3.124954,0.028137,100.000000,-142.072052,0,100000,0,-1.038354,50.000000
258,44.477552,Series RC,-0.894816,,5.70931376976e-07,-2.787637,-107.796340,-59.012447,1000000,0.009026,10.000000,1,2.927732,0.026426,100.000000,13.191217,0,100000,0,-0.894816,50.000000
259,44.648785,Series RC,-1.064266,,5.27010452105e-07,-3.019958,-109.412994,145.052001,1000000,0.009003,10.000000,1,3.202001,0.028829,100.000000,-144.360992,0,100000,0,-1.064266,50.000000
260,44.818660,Series RC,-1.025015,,5.10756335852e-07,-3.116064,-108.208389,-42.147926,1000000,0.009007,10.000000,1,3.280322,0.029545,100.000000,29.643678,0,100000,0,-1.025015,50.000000
261,44.991569,Series RC,-1.065652,,5.15103715305e-07,-3.089765,-109.029182,69.614616,1000000,0.009003,10.000000,1,3.268373,0.029427,100.000000,140.585433,0,100000,0,-1.065652,50.000000
262,45.163147,Series RC,-1.021207,,5.45025416922e-07,-2.920138,-109.275329,112.225929,1000000,0.009001,10.000000,1,3.093552,0.027844,100.000000,-177.049377,0,100000,0,-1.021207,50.000000
263,45.333206,Series RC,-0.901992,,5.70731963303e-07,-2.788611,-107.924087,-131.916046,1000000,0.009026,10.000000,1,2.930860,0.026455,100.000000,-59.840152,0,100000,0,-0.901992,50.000000
264,45.506193,Series RC,-0.934518,,5.68809896849e-07,-2.798034,-108.468841,45.422027,1000000,0.009015,10.000000,1,2.949970,0.026593,100.000000,116.953208,0,100000,0,-0.934518,50.000000
265,45.675569,Series RC,-0.856273,,5.3097523958e-07,-2.997408,-105.943122,-49.955062,1000000,0.009032,10.000000,1,3.117316,0.028156,100.000000,24.101827,0,100000,0,-0.856273,50.000000
266,45.845203,Series RC,-1.014127,,5.1108814268e-07,-3.114041,-108.038497,173.176193,1000000,0.009013,10.000000,1,3.275012,0.029518,100.000000,-114.862304,0,100000,0,-1.014127,50.000000
267,46.015051,Series RC,-1.064287,,5.28778031066e-07,-3.009863,-109.473587,-34.710132,1000000,0.009001,10.000000,1,3.192489,0.028735,100.000000,35.816299,0,100000,0,-1.064287,50.000000
268,46.185113,Series RC,-1.061091,,5.27387312254e-07,-3.017800,-109.372230,0.948905,1000000,0.009000,10.000000,1,3.198911,0.028791,100.000000,71.576667,0,100000,0,-1.061091,50.000000
269,46.354170,Series RC,-0.904620,,5.22985142268e-07,-3.043202,-106.555076,60.272632,1000000,0.009030,10.000000,1,3.174809,0.028667,100.000000,133.717559,0,100000,0,-0.904620,50.000000
270,46.524744,Series RC,-0.874182,,5.58493462309e-07,-2.849719,-107.053947,17.646350,1000000,0.009045,10.000000,1,2.980787,0.026961,100.000000,90.592422,0,100000,0,-0.874182,50.000000
271,46.695509,Series RC,-0.934955,,5.18369186252e-07,-3.070301,-106.936302,-46.292526,1000000,0.009024,10.000000,1,3.209500,0.028962,100.000000,26.771181,0,100000,0,-0.934955,50.000000
272,46.864963,Series RC,-1.010666,,5.12245202833e-07,-3.107007,-108.018974,-114.781517,1000000,0.009014,10.000000,1,3.267252,0.029452,100.000000,-42.800498,0,100000,0,-1.010666,50.000000
273,47.034045,Series RC,-0.850541,,5.33869354476e-07,-2.981159,-105.923744,-14.341005,1000000,0.009029,10.000000,1,3.100117,0.027992,100.000000,59.735256,0,100000,0,-0.850541,50.000000
274,47.204438,Series RC,-1.045492,,5.11780697421e-07,-3.109827,-108.582107,-148.828140,1000000,0.009005,10.000000,1,3.280865,0.029546,100.000000,-77.410263,0,100000,0,-1.045492,50.000000
275,47.373885,Series RC,-1.065788,,5.14591083647e-07,-3.092843,-109.013854,-38.575469,1000000,0.009002,10.000000,1,3.271327,0.029449,100.000000,32.410675,0,100000,0,-1.065788,50.000000
276,47.543155,Series RC,-0.943523,,5.16643228571e-07,-3.080558,-107.028953,97.934417,1000000,0.009023,10.000000,1,3.221812,0.029070,100.000000,170.905456,0,100000,0,-0.943523,50.000000
277,47.712582,Series RC,-0.910777,,5.70438419624e-07,-2.790046,-108.078643,10.522140,1000000,0.009028,10.000000,1,2.934940,0.026495,100.000000,82.443511,0,100000,0,-0.910777,50.000000
278,47.881471,Series RC,-0.924945,,5.17573011111e-07,-3.075024,-106.740905,-82.732894,1000000,0.009029,10.000000,1,3.211120,0.028993,100.000000,-9.473813,0,100000,0,-0.924945,50.000000
279,48.050406,Series RC,-1.040403,,5.38017153448e-07,-2.958176,-109.376976,-69.246429,1000000,0.009002,10.000000,1,3.135800,0.028230,100.000000,1.376586,0,100000,0,-1.040403,50.000000
280,48.222831,Series RC,-0.987086,,5.56080420714e-07,-2.862085,-109.028480,-101.736274,1000000,0.009005,10.000000,1,3.027518,0.027263,100.000000,-30.764755,0,100000,0,-0.987086,50.000000
281,48.396446,Series RC,-1.053198,,5.32166014228e-07,-2.990701,-109.400100,1.857977,1000000,0.009003,10.000000,1,3.170728,0.028546,100.000000,72.457885,0,100000,0,-1.053198,50.000000
282,48.568737,Series RC,-1.042580,,5.1226713118e-07,-3.106874,-108.550315,-149.029464,1000000,0.009006,10.000000,1,3.277139,0.029514,100.000000,-77.579788,0,100000,0,-1.042580,50.000000
283,48.742061,Series RC,-1.064672,,5.12811819831e-07,-3.103574,-108.934387,-75.320030,1000000,0.009002,10.000000,1,3.281112,0.029536,100.000000,-4.254408,0,100000,0,-1.064672,50.000000
284,48.914132,Series RC,-1.059192,,5.31944037455e-07,-2.991949,-109.494674,-34.332122,1000000,0.009002,10.000000,1,3.173901,0.028571,100.000000,36.173194,0,100000,0,-1.059192,50.000000
285,49.087109,Series RC,-0.871779,,5.32213172567e-07,-2.990436,-106.252578,-85.543571,1000000,0.009031,10.000000,1,3.114916,0.028130,100.000000,-11.796153,0,100000,0,-0.871779,50.000000
286,49.258017,Series RC,-0.900619,,5.71072729736e-07,-2.786947,-107.908554,120.401535,1000000,0.009027,10.000000,1,2.928855,0.026439,100.000000,-167.507019,0,100000,0,-0.900619,50.000000
287,49.428586,Series RC,-0.886768,,5.68248965979e-07,-2.800796,-107.568458,49.477161,1000000,0.009029,10.000000,1,2.937825,0.026525,100.000000,121.908699,0,100000,0,-0.886768,50.000000
288,49.598695,Series RC,-0.972111,,5.60489592058e-07,-2.839570,-108.898345,-136.814208,1000000,0.009009,10.000000,1,3.001359,0.027040,100.000000,-65.712570,0,100000,0,-0.972111,50.000000
289,49.772415,Series RC,-0.904376,,5.72224592316e-07,-2.781337,-108.012390,11.864226,1000000,0.009023,10.000000,1,2.924677,0.026390,100.000000,83.851844,0,100000,0,-0.904376,50.000000
290,49.943885,Series RC,-1.048910,,5.35673765429e-07,-2.971117,-109.444839,-141.617858,1000000,0.009001,10.000000,1,3.150833,0.028361,100.000000,-71.062713,0,100000,0,-1.048910,50.000000
291,50.116948,Series RC,-0.927122,,5.702851197e-07,-2.790796,-108.376846,-26.071237,1000000,0.009024,10.000000,1,2.940765,0.026536,100.000000,45.551906,0,100000,0,-0.927122,50.000000
292,50.286356,Series RC,-0.897702,,5.24771280989e-07,-3.032844,-106.488410,-156.047775,1000000,0.009030,10.000000,1,3.162912,0.028560,100.000000,-82.536186,0,100000,0,-0.897702,50.000000
293,50.459275,Series RC,-0.837226,,5.41494741359e-07,-2.939178,-105.899620,20.291042,1000000,0.009036,10.000000,1,3.056095,0.027616,100.000000,94.391418,0,100000,0,-0.837226,50.000000
294,50.632539,Series RC,-0.917528,,5.69765331606e-07,-2.793342,-108.183769,82.244529,1000000,0.009020,10.000000,1,2.940173,0.026519,100.000000,154.060760,0,100000,0,-0.917528,50.000000
295,50.805309,Series RC,-0.888041,,5.71292272491e-07,-2.785876,-107.680488,157.431015,1000000,0.009027,10.000000,1,2.923991,0.026394,100.000000,-130.249465,0,100000,0,-0.888041,50.000000
296,50.978926,Series RC,-0.902657,,5.22166683591e-07,-3.047972,-106.496643,132.254638,1000000,0.009031,10.000000,1,3.178824,0.028708,100.000000,-154.242004,0,100000,0,-0.902657,50.000000
297,51.152108,Series RC,-0.894072,,5.70875060231e-07,-2.787912,-107.780830,120.459892,1000000,0.009026,10.000000,1,2.927766,0.026427,100.000000,-167.320938,0,100000,0,-0.894072,50.000000
298,51.323076,Series RC,-1.074434,,5.16815860776e-07,-3.079529,-109.233657,-145.828796,1000000,0.009005,10.000000,1,3.261580,0.029372,100.000000,-75.062469,0,100000,0,-1.074434,50.000000
299,51.496354,Series RC,-1.065120,,5.27359527058e-07,-3.017959,-109.439323,108.850479,1000000,0.008997,10.000000,1,3.200400,0.028793,100.000000,179.411178,0,100000,0,-1.065120,50.000000
300,51.665515,Series RC,-1.022790,,5.44638592586e-07,-2.922212,-109.290321,-104.049972,1000000,0.009002,10.000000,1,3.096033,0.027870,100.000000,-33.340297,0,100000,0,-1.022790,50.000000
301,51.836134,Series RC,-1.044753,,5.35925934716e-07,-2.969719,-109.381958,110.645668,1000000,0.008998,10.000000,1,3.148133,0.028327,100.000000,-178.736297,0,100000,0,-1.044753,50.000000
302,52.006694,Series RC,-0.994642,,5.5372435679e-07,-2.874263,-109.088226,-66.286682,1000000,0.009005,10.000000,1,3.041496,0.027388,100.000000,4.625094,0,100000,0,-0.994642,50.000000
303,52.179198,Series RC,-1.073091,,5.20178790477e-07,-3.059620,-109.327133,179.405746,1000000,0.008999,10.000000,1,3.242345,0.029178,100.000000,-109.921394,0,100000,0,-1.073091,50.000000
304,52.352109,Series RC,-0.995869,,5.12612791738e-07,-3.104779,-107.783828,100.318092,1000000,0.009016,10.000000,1,3.260583,0.029398,100.000000,172.534271,0,100000,0,-0.995869,50.000000
305,52.525108,Series RC,-1.072046,,5.16383407369e-07,-3.082108,-109.179130,178.198822,1000000,0.009003,10.000000,1,3.263231,0.029379,100.000000,-110.980300,0,100000,0,-1.072046,50.000000
306,52.696584,Series RC,-0.932500,,5.68121580639e-07,-2.801424,-108.410865,-98.510864,1000000,0.009023,10.000000,1,2.952547,0.026640,100.000000,-26.921741,0,100000,0,-0.932500,50.000000
307,52.867454,Series RC,-0.837087,,5.47267044241e-07,-2.908177,-106.057876,127.238624,1000000,0.009039,10.000000,1,3.026253,0.027354,100.000000,-158.819244,0,100000,0,-0.837087,50.000000
308,53.036350,Series RC,-0.985803,,5.13679932286e-07,-3.098329,-107.649627,-116.077079,1000000,0.009017,10.000000,1,3.251377,0.029318,100.000000,-43.726707,0,100000,0,-0.985803,50.000000
309,53.209064,Series RC,-0.935954,,5.66226494563e-07,-2.810800,-108.416984,-27.304492,1000000,0.009016,10.000000,1,2.962534,0.026712,100.000000,44.278526,0,100000,0,-0.935954,50.000000
310,53.382022,Series RC,-0.925509,,5.19028473745e-07,-3.066401,-106.795005,-118.882339,1000000,0.009023,10.000000,1,3.203027,0.028900,100.000000,-45.677330,0,100000,0,-0.925509,50.000000
311,53.554851,Series RC,-0.873905,,5.622474755e-07,-2.830692,-107.156753,88.788345,1000000,0.009047,10.000000,1,2.962520,0.026803,100.000000,161.631576,0,100000,0,-0.873905,50.000000
312,53.727549,Series RC,-1.011106,,5.48593359631e-07,-2.901146,-109.214454,-67.280929,1000000,0.009000,10.000000,1,3.072293,0.027649,100.000000,3.504615,0,100000,0,-1.011106,50.000000
313,53.900660,Series RC,-0.928116,,5.67889675083e-07,-2.802568,-108.323143,-26.942041,1000000,0.009017,10.000000,1,2.952251,0.026620,100.000000,44.734825,0,100000,0,-0.928116,50.000000
314,54.074127,Series RC,-0.895041,,5.71158394877e-07,-2.786529,-107.807167,156.452651,1000000,0.009028,10.000000,1,2.926746,0.026421,100.000000,-131.354537,0,100000,0,-0.895041,50.000000
315,54.246985,Series RC,-0.914281,,5.71661632412e-07,-2.784076,-108.180000,-25.177091,1000000,0.009021,10.000000,1,2.930357,0.026434,100.000000,46.642898,0,100000,0,-0.914281,50.000000
316,54.418816,Series RC,-1.070094,,5.19441974085e-07,-3.063960,-109.251853,-0.964956,1000000,0.008997,10.000000,1,3.245451,0.029200,100.000000,69.783180,0,100000,0,-1.070094,50.000000
317,54.591843,Series RC,-0.929341,,5.19204228315e-07,-3.065363,-106.865982,-118.584594,1000000,0.009025,10.000000,1,3.203143,0.028909,100.000000,-45.450584,0,100000,0,-0.929341,50.000000
318,54.762830,Series RC,-0.916740,,5.70461523957e-07,-2.789933,-108.189918,-97.559265,1000000,0.009023,10.000000,1,2.936688,0.026498,100.000000,-25.749177,0,100000,0,-0.916740,50.000000
319,54.934645,Series RC,-1.074414,,5.18574399974e-07,-3.069086,-109.293945,142.982818,1000000,0.009000,10.000000,1,3.251716,0.029265,100.000000,-146.311111,0,100000,0,-1.074414,50.000000
320,55.103911,Series RC,-1.003397,,5.49996243941e-07,-2.893746,-109.123809,149.027618,1000000,0.009005,10.000000,1,3.062772,0.027580,100.000000,-140.096191,0,100000,0,-1.003397,50.000000
321,55.274475,Series RC,-0.939969,,5.67474583319e-07,-2.804618,-108.528602,116.892150,1000000,0.009015,10.000000,1,2.957943,0.026667,100.000000,-171.636444,0,100000,0,-0.939969,50.000000
322,55.445399,Series RC,-0.869213,,5.57666664419e-07,-2.853944,-106.938926,-125.850265,1000000,0.009044,10.000000,1,2.983375,0.026982,100.000000,-52.789184,0,100000,0,-0.869213,50.000000
323,55.618490,Series RC,-1.074821,,5.18343018405e-07,-3.070456,-109.292716,-109.567314,1000000,0.009002,10.000000,1,3.253144,0.029283,100.000000,-38.860050,0,100000,0,-1.074821,50.000000
324,55.791467,Series RC,-0.893760,,5.70494445754e-07,-2.789772,-107.763908,-166.667678,1000000,0.009032,10.000000,1,2.929443,0.026459,100.000000,-94.431564,0,100000,0,-0.893760,50.000000
325,55.964368,Series RC,-0.917703,,5.70611236307e-07,-2.789201,-108.212242,10.654931,1000000,0.009025,10.000000,1,2.936294,0.026499,100.000000,82.442687,0,100000,0,-0.917703,50.000000
326,56.138460,Series RC,-0.886718,,5.69831222387e-07,-2.793019,-107.613410,122.242477,1000000,0.009030,10.000000,1,2.930396,0.026462,100.000000,-165.370956,0,100000,0,-0.886718,50.000000
327,56.311324,Series RC,-0.847059,,5.4808271054e-07,-2.903849,-106.262069,127.281036,1000000,0.009039,10.000000,1,3.024872,0.027340,100.000000,-158.981048,0,100000,0,-0.847059,50.000000
328,56.483981,Series RC,-0.886358,,5.66155996983e-07,-2.811150,-107.500099,-19.054325,1000000,0.009048,10.000000,1,2.947574,0.026670,100.000000,53.445587,0,100000,0,-0.886358,50.000000
329,56.657543,Series RC,-0.889725,,5.67977022865e-07,-2.802137,-107.615501,87.092994,1000000,0.009043,10.000000,1,2.939997,0.026587,100.000000,159.477478,0,100000,0,-0.889725,50.000000
330,56.829670,Series RC,-1.043747,,5.12545603039e-07,-3.105186,-108.579048,-112.775154,1000000,0.009007,10.000000,1,3.275911,0.029505,100.000000,-41.354202,0,100000,0,-1.043747,50.000000
331,57.002332,Series RC,-0.918779,,5.69593230701e-07,-2.794186,-108.201805,82.051948,1000000,0.009020,10.000000,1,2.941366,0.026530,100.000000,153.850128,0,100000,0,-0.918779,50.000000
332,57.176068,Series RC,-1.030467,,5.1205798154e-07,-3.108143,-108.342315,-5.338091,1000000,0.009004,10.000000,1,3.274510,0.029483,100.000000,66.319580,0,100000,0,-1.030467,50.000000
333,57.348772,Series RC,-0.882734,,5.70769214823e-07,-2.788429,-107.566238,-58.134468,1000000,0.009029,10.000000,1,2.924817,0.026407,100.000000,14.299285,0,100000,0,-0.882734,50.000000
334,57.518109,Series RC,-0.886791,,5.72248047323e-07,-2.781223,-107.684837,-58.670372,1000000,0.009028,10.000000,1,2.919178,0.026354,100.000000,13.644783,0,100000,0,-0.886791,50.000000
335,57.689460,Series RC,-1.057415,,5.32035616002e-07,-2.991434,-109.467521,-70.356742,1000000,0.009003,10.000000,1,3.172822,0.028565,100.000000,0.175749,0,100000,0,-1.057415,50.000000
336,57.862709,Series RC,-1.038033,,5.11593486561e-07,-3.110965,-108.452270,138.637878,1000000,0.009008,10.000000,1,3.279575,0.029544,100.000000,-149.814407,0,100000,0,-1.038033,50.000000
337,58.035669,Series RC,-1.067691,,5.19066052869e-07,-3.066179,-109.198898,-108.935745,1000000,0.008997,10.000000,1,3.246755,0.029212,100.000000,-38.134635,0,100000,0,-1.067691,50.000000
338,58.208917,Series RC,-1.027721,,5.11274819564e-07,-3.112904,-108.270568,102.360221,1000000,0.009009,10.000000,1,3.278167,0.029532,100.000000,174.089645,0,100000,0,-1.027721,50.000000
339,58.381722,Series RC,-1.070307,,5.19842889485e-07,-3.061597,-109.269172,-109.154655,1000000,0.009002,10.000000,1,3.243290,0.029195,100.000000,-38.423820,0,100000,0,-1.070307,50.000000
340,58.554624,Series RC,-0.921637,,5.70816297875e-07,-2.788199,-108.291252,-133.843032,1000000,0.009025,10.000000,1,2.936575,0.026502,100.000000,-62.134273,0,100000,0,-0.921637,50.000000
341,58.727433,Series RC,-1.057017,,5.3224040364e-07,-2.990283,-109.467689,37.709667,1000000,0.009002,10.000000,1,3.171605,0.028551,100.000000,108.241966,0,100000,0,-1.057017,50.000000
342,58.897459,Series RC,-0.840083,,5.4997666807e-07,-2.893849,-106.187980,127.206123,1000000,0.009039,10.000000,1,3.013320,0.027236,100.000000,-158.981857,0,100000,0,-0.840083,50.000000
343,59.070586,Series RC,-0.877039,,5.63813817533e-07,-2.822828,-107.259765,-162.759613,1000000,0.009045,10.000000,1,2.955936,0.026735,100.000000,-90.019378,0,100000,0,-0.877039,50.000000
344,59.240221,Series RC,-1.055367,,5.12552865833e-07,-3.105142,-108.771713,-3.936969,1000000,0.009000,10.000000,1,3.279590,0.029517,100.000000,67.291305,0,100000,0,-1.055367,50.000000
345,59.409396,Series RC,-1.063347,,5.25909335887e-07,-3.026281,-109.359985,72.608520,1000000,0.009002,10.000000,1,3.207660,0.028875,100.000000,143.248519,0,100000,0,-1.063347,50.000000
346,59.579021,Series RC,-0.892420,,5.67842263178e-07,-2.802802,-107.661621,-55.695728,1000000,0.009048,10.000000,1,2.941447,0.026614,100.000000,16.642665,0,100000,0,-0.892420,50.000000
347,59.752150,Series RC,-0.944996,,5.66087933123e-07,-2.811488,-108.578506,-171.329772,1000000,0.009012,10.000000,1,2.966055,0.026731,100.000000,-99.908256,0,100000,0,-0.944996,50.000000
348,59.924521,Series RC,-0.969152,,5.59902000288e-07,-2.842550,-108.826522,-100.797927,1000000,0.009009,10.000000,1,3.003222,0.027055,100.000000,-29.624462,0,100000,0,-0.969152,50.000000
349,60.098597,Series RC,-1.054457,,5.13090553534e-07,-3.101888,-108.774971,-148.024200,1000000,0.009000,10.000000,1,3.276216,0.029488,100.000000,-76.799163,0,100000,0,-1.054457,50.000000
350,60.271716,Series RC,-1.054197,,5.13079471146e-07,-3.101955,-108.770278,176.161804,1000000,0.009000,10.000000,1,3.276196,0.029486,100.000000,-112.608459,0,100000,0,-1.054197,50.000000
351,60.443563,Series RC,-0.829616,,5.40516206974e-07,-2.944499,-105.735229,56.614913,1000000,0.009035,10.000000,1,3.059140,0.027639,100.000000,130.879699,0,100000,0,-0.829616,50.000000
352,60.616980,Series RC,-0.885531,,5.701972649e-07,-2.791226,-107.601890,-165.981735,1000000,0.009030,10.000000,1,2.928328,0.026443,100.000000,-93.583618,0,100000,0,-0.885531,50.000000
353,60.790639,Series RC,-1.065019,,5.16906333219e-07,-3.078990,-109.080436,-109.750068,1000000,0.009001,10.000000,1,3.257982,0.029326,100.000000,-38.830486,0,100000,0,-1.065019,50.000000
354,60.962251,Series RC,-0.927758,,5.17817688584e-07,-3.073571,-106.796447,-154.594726,1000000,0.009025,10.000000,1,3.210541,0.028976,100.000000,-81.391181,0,100000,0,-0.927758,50.000000
355,61.136098,Series RC,-1.062282,,5.15219440058e-07,-3.089071,-108.977272,-146.379135,1000000,0.009006,10.000000,1,3.266619,0.029418,100.000000,-75.356430,0,100000,0,-1.062282,50.000000
356,61.308080,Series RC,-0.991224,,5.12856436533e-07,-3.103304,-107.713958,-79.726638,1000000,0.009015,10.000000,1,3.257764,0.029369,100.000000,-7.440617,0,100000,0,-0.991224,50.000000
357,61.481028,Series RC,-0.891728,,5.72223975105e-07,-2.781340,-107.776420,-166.872299,1000000,0.009032,10.000000,1,2.920793,0.026380,100.000000,-94.648704,0,100000,0,-0.891728,50.000000
358,61.655331,Series RC,-0.882561,,5.65859495183e-07,-2.812623,-107.421112,16.014421,1000000,0.009049,10.000000,1,2.947840,0.026675,100.000000,88.593299,0,100000,0,-0.882561,50.000000
359,61.828053,Series RC,-0.886926,,5.67117685262e-07,-2.806383,-107.538558,159.797760,1000000,0.009049,10.000000,1,2.943199,0.026632,100.000000,-127.740791,0,100000,0,-0.886926,50.000000
360,62.000954,Series RC,-0.847206,,5.50308315541e-07,-2.892105,-106.327270,-16.978118,1000000,0.009040,10.000000,1,3.013641,0.027244,100.000000,56.694625,0,100000,0,-0.847206,50.000000
361,62.174630,Series RC,-0.885376,,5.70464182098e-07,-2.789920,-107.606727,-130.273086,1000000,0.009032,10.000000,1,2.927037,0.026436,100.000000,-57.879814,0,100000,0,-0.885376,50.000000
362,62.347601,Series RC,-1.039071,,5.11901684131e-07,-3.109092,-108.479835,175.371704,1000000,0.009006,10.000000,1,3.278128,0.029522,100.000000,-113.108146,0,100000,0,-1.039071,50.000000
363,62.520367,Series RC,-0.883740,,5.68726357287e-07,-2.798445,-107.525947,-56.226604,1000000,0.009047,10.000000,1,2.934671,0.026551,100.000000,16.247457,0,100000,0,-0.883740,50.000000
364,62.695061,Series RC,-1.041857,,5.38480422935e-07,-2.955631,-109.417495,-105.185844,1000000,0.008998,10.000000,1,3.133882,0.028199,100.000000,-34.603343,0,100000,0,-1.041857,50.000000
365,62.868007,Series RC,-0.849026,,5.34911667844e-07,-2.975350,-105.926254,21.569700,1000000,0.009028,10.000000,1,3.094116,0.027933,100.000000,95.643440,0,100000,0,-0.849026,50.000000
366,63.040969,Series RC,-0.951305,,5.63764487631e-07,-2.823075,-108.622520,80.142517,1000000,0.009013,10.000000,1,2.979049,0.026851,100.000000,151.520004,0,100000,0,-0.951305,50.000000
367,63.214996,Series RC,-0.889535,,5.70806061768e-07,-2.788249,-107.694244,12.905192,1000000,0.009028,10.000000,1,2.926705,0.026423,100.000000,85.210952,0,100000,0,-0.889535,50.000000
368,63.386208,Series RC,-1.039852,,5.38665224941e-07,-2.954617,-109.389083,-32.894737,1000000,0.009003,10.000000,1,3.132260,0.028201,100.000000,37.716175,0,100000,0,-1.039852,50.000000
369,63.559555,Series RC,-0.891373,,5.23429589287e-07,-3.040618,-106.338775,-48.399215,1000000,0.009035,10.000000,1,3.168581,0.028628,100.000000,25.262004,0,100000,0,-0.891373,50.000000
370,63.732848,Series RC,-1.033355,,5.11140011054e-07,-3.113725,-108.359497,-5.469006,1000000,0.009005,10.000000,1,3.280717,0.029541,100.000000,66.171501,0,100000,0,-1.033355,50.000000
371,63.906388,Series RC,-0.883923,,5.70042257003e-07,-2.791985,-107.567413,-22.276565,1000000,0.009026,10.000000,1,2.928566,0.026433,100.000000,50.156024,0,100000,0,-0.883923,50.000000
372,64.079364,Series RC,-0.957557,,5.14193075011e-07,-3.095237,-107.190231,-153.521255,1000000,0.009018,10.000000,1,3.239970,0.029219,100.000000,-80.711479,0,100000,0,-0.957557,50.000000
373,64.252200,Series RC,-1.058099,,5.11667663582e-07,-3.110514,-108.786682,-75.861984,1000000,0.009004,10.000000,1,3.285555,0.029582,100.000000,-4.648686,0,100000,0,-1.058099,50.000000
374,64.424102,Series RC,-0.894044,,5.68828396761e-07,-2.797943,-107.720550,-166.295410,1000000,0.009027,10.000000,1,2.937312,0.026514,100.000000,-94.015960,0,100000,0,-0.894044,50.000000
375,64.597122,Series RC,-0.998878,,5.52520610277e-07,-2.880525,-109.124977,-30.315370,1000000,0.009003,10.000000,1,3.048800,0.027450,100.000000,40.559642,0,100000,0,-0.998878,50.000000
376,64.770042,Series RC,-1.072315,,5.19823703394e-07,-3.061710,-109.301986,71.371261,1000000,0.009000,10.000000,1,3.244060,0.029195,100.000000,142.069274,0,100000,0,-1.072315,50.000000
377,64.942636,Series RC,-1.045627,,5.10719950261e-07,-3.116286,-108.548469,138.942733,1000000,0.009004,10.000000,1,3.287031,0.029596,100.000000,-149.605728,0,100000,0,-1.045627,50.000000
378,65.115373,Series RC,-0.891959,,5.69530451996e-07,-2.794494,-107.702278,-92.756629,1000000,0.009047,10.000000,1,2.933392,0.026540,100.000000,-20.458913,0,100000,0,-0.891959,50.000000
379,65.288454,Series RC,-0.852128,,5.47122558494e-07,-2.908945,-106.327079,91.230018,1000000,0.009040,10.000000,1,3.031185,0.027402,100.000000,164.902954,0,100000,0,-0.852128,50.000000
380,65.461880,Series RC,-0.988547,,5.55463451507e-07,-2.865264,-109.034973,-173.780044,1000000,0.009008,10.000000,1,3.031000,0.027305,100.000000,-102.815010,0,100000,0,-0.988547,50.000000
381,65.634853,Series RC,-0.888076,,5.67310536435e-07,-2.805429,-107.565505,14.551664,1000000,0.009035,10.000000,1,2.942636,0.026587,100.000000,86.986152,0,100000,0,-0.888076,50.000000
382,65.807489,Series RC,-0.918532,,5.68357329035e-07,-2.800262,-108.160331,9.929622,1000000,0.009022,10.000000,1,2.947061,0.026589,100.000000,81.769294,0,100000,0,-0.918532,50.000000
383,65.980248,Series RC,-0.903342,,5.71298219507e-07,-2.785847,-107.965866,-167.864257,1000000,0.009025,10.000000,1,2.928646,0.026431,100.000000,-95.830139,0,100000,0,-0.903342,50.000000
384,66.153461,Series RC,-1.071935,,5.22757191973e-07,-3.044529,-109.396438,-107.912330,1000000,0.009000,10.000000,1,3.227724,0.029050,100.000000,-37.308773,0,100000,0,-1.071935,50.000000
385,66.325376,Series RC,-0.891308,,5.68829819881e-07,-2.797936,-107.669746,158.804168,1000000,0.009042,10.000000,1,2.936474,0.026552,100.000000,-128.865554,0,100000,0,-0.891308,50.000000
386,66.499139,Series RC,-0.900004,,5.70352357121e-07,-2.790467,-107.875976,12.491385,1000000,0.009029,10.000000,1,2.932015,0.026474,100.000000,84.615417,0,100000,0,-0.900004,50.000000
387,66.671854,Series RC,-0.855445,,5.54833729677e-07,-2.868516,-106.605560,-17.922187,1000000,0.009043,10.000000,1,2.993354,0.027070,100.000000,55.472263,0,100000,0,-0.855445,50.000000
388,66.845033,Series RC,-1.070704,,5.16702269562e-07,-3.080206,-109.167854,142.150756,1000000,0.008998,10.000000,1,3.260993,0.029342,100.000000,-147.017105,0,100000,0,-1.070704,50.000000
389,67.019073,Series RC,-0.870690,,5.27179955038e-07,-3.018987,-106.087799,-157.128128,1000000,0.009032,10.000000,1,3.142035,0.028379,100.000000,-83.215934,0,100000,0,-0.870690,50.000000
390,67.191707,Series RC,-1.026195,,5.42300485762e-07,-2.934811,-109.272842,147.664260,1000000,0.009002,10.000000,1,3.109050,0.027988,100.000000,-141.608581,0,100000,0,-1.026195,50.000000
391,67.365427,Series RC,-0.965124,,5.60977558394e-07,-2.837100,-108.787254,7.443493,1000000,0.009011,10.000000,1,2.996766,0.027003,100.000000,78.656219,0,100000,0,-0.965124,50.000000
392,67.539264,Series RC,-0.879462,,5.26331440248e-07,-3.023854,-106.216621,23.132999,1000000,0.009031,10.000000,1,3.149150,0.028440,100.000000,96.916358,0,100000,0,-0.879462,50.000000
393,67.712422,Series RC,-1.075143,,5.17018502586e-07,-3.078322,-109.252395,-73.725196,1000000,0.009002,10.000000,1,3.260674,0.029352,100.000000,-2.977600,0,100000,0,-1.075143,50.000000
394,67.884221,Series RC,-0.906230,,5.72234879363e-07,-2.781287,-108.047218,-25.110643,1000000,0.009025,10.000000,1,2.925203,0.026401,100.000000,46.842136,0,100000,0,-0.906230,50.000000
395,68.058147,Series RC,-0.962074,,5.1527064901e-07,-3.088764,-107.300521,-45.005722,1000000,0.009020,10.000000,1,3.235127,0.029181,100.000000,27.693763,0,100000,0,-0.962074,50.000000
396,68.231176,Series RC,-1.069828,,5.21845321168e-07,-3.049849,-109.329872,107.726379,1000000,0.008997,10.000000,1,3.232044,0.029079,100.000000,178.396499,0,100000,0,-1.069828,50.000000
397,68.404323,Series RC,-0.888000,,5.64775775516e-07,-2.818020,-107.490409,160.656539,1000000,0.009048,10.000000,1,2.954621,0.026732,100.000000,-126.833847,0,100000,0,-0.888000,50.000000
398,68.577472,Series RC,-0.999510,,5.51297641572e-07,-2.886915,-109.096908,-174.554016,1000000,0.009005,10.000000,1,3.055044,0.027511,100.000000,-103.650924,0,100000,0,-0.999510,50.000000
399,68.748255,Series RC,-0.902282,,5.71833752959e-07,-2.783238,-107.961875,-23.951509,1000000,0.009025,10.000000,1,2.925838,0.026405,100.000000,48.086608,0,100000,0,-0.902282,50.000000
400,68.918655,Series RC,-0.876319,,5.62518928861e-07,-2.829326,-107.209159,88.251380,1000000,0.009047,10.000000,1,2.961929,0.026797,100.000000,161.042221,0,100000,0,-0.876319,50.000000
401,69.092758,Series RC,-1.043003,,5.38245867039e-07,-2.956919,-109.429420,147.122650,1000000,0.009000,10.000000,1,3.135479,0.028219,100.000000,-142.306762,0,100000,0,-1.043003,50.000000
402,69.265466,Series RC,-0.871051,,5.59694272207e-07,-2.843605,-107.030822,125.667091,1000000,0.009045,10.000000,1,2.974024,0.026900,100.000000,-161.363723,0,100000,0,-0.871051,50.000000
403,69.436736,Series RC,-0.937811,,5.18240567165e-07,-3.071063,-106.981094,169.355194,1000000,0.009026,10.000000,1,3.211061,0.028983,100.000000,-117.625915,0,100000,0,-0.937811,50.000000
404,69.609558,Series RC,-0.996580,,5.1243586087e-07,-3.105851,-107.789978,100.250488,1000000,0.009015,10.000000,1,3.261822,0.029405,100.000000,172.460494,0,100000,0,-0.996580,50.000000
405,69.782148,Series RC,-0.892064,,5.70543528778e-07,-2.789532,-107.733749,85.043388,1000000,0.009031,10.000000,1,2.928697,0.026448,100.000000,157.309646,0,100000,0,-0.892064,50.000000
406,69.953314,Series RC,-0.864935,,5.59209320821e-07,-2.846071,-106.904289,17.201482,1000000,0.009043,10.000000,1,2.974598,0.026898,100.000000,90.297195,0,100000,0,-0.864935,50.000000
407,70.126412,Series RC,-0.903373,,5.21015925248e-07,-3.054704,-106.474617,24.071443,1000000,0.009033,10.000000,1,3.185483,0.028775,100.000000,97.596832,0,100000,0,-0.903373,50.000000
408,70.299154,Series RC,-0.881016,,5.70809542003e-07,-2.788232,-107.535308,-21.430704,1000000,0.009037,10.000000,1,2.924111,0.026424,100.000000,51.033985,0,100000,0,-0.881016,50.000000
409,70.472226,Series RC,-0.908179,,5.22565297593e-07,-3.045647,-106.604003,-119.755287,1000000,0.009027,10.000000,1,3.178169,0.028690,100.000000,-46.359291,0,100000,0,-0.908179,50.000000
410,70.644975,Series RC,-1.037838,,5.11033823486e-07,-3.114372,-108.430206,30.933099,1000000,0.009010,10.000000,1,3.282746,0.029576,100.000000,102.502883,0,100000,0,-1.037838,50.000000
411,70.816258,Series RC,-0.955022,,5.63478065547e-07,-2.824510,-108.681396,-135.988983,1000000,0.009013,10.000000,1,2.981598,0.026873,100.000000,-64.670379,0,100000,0,-0.955022,50.000000
412,70.989861,Series RC,-1.040559,,5.37295171961e-07,-2.962151,-109.355598,146.930603,1000000,0.009003,10.000000,1,3.139602,0.028265,100.000000,-142.424987,0,100000,0,-1.040559,50.000000
413,71.162904,Series RC,-0.851929,,5.28115487926e-07,-3.013639,-105.785118,-157.884277,1000000,0.009030,10.000000,1,3.131742,0.028278,100.000000,-83.669395,0,100000,0,-0.851929,50.000000
414,71.335853,Series RC,-0.873318,,5.28896291334e-07,-3.009190,-106.183624,22.812870,1000000,0.009028,10.000000,1,3.133354,0.028287,100.000000,96.629264,0,100000,0,-0.873318,50.000000
415,71.508723,Series RC,-0.987042,,5.12811985063e-07,-3.103573,-107.642440,99.853042,1000000,0.009019,10.000000,1,3.256750,0.029372,100.000000,172.210601,0,100000,0,-0.987042,50.000000
416,71.681613,Series RC,-0.851419,,5.53877555246e-07,-2.873468,-106.504745,-17.445833,1000000,0.009043,10.000000,1,2.996954,0.027102,100.000000,56.049407,0,100000,0,-0.851419,50.000000
417,71.855263,Series RC,-0.981362,,5.13287635302e-07,-3.100697,-107.562431,171.587966,1000000,0.009017,10.000000,1,3.252290,0.029325,100.000000,-115.974479,0,100000,0,-0.981362,50.000000
418,72.028227,Series RC,-0.916606,,5.69782261838e-07,-2.793259,-108.167221,-97.567298,1000000,0.009021,10.000000,1,2.939807,0.026519,100.000000,-25.734525,0,100000,0,-0.916606,50.000000
419,72.201380,Series RC,-1.013930,,5.10973117812e-07,-3.114742,-108.031417,137.298583,1000000,0.009011,10.000000,1,3.275618,0.029517,100.000000,-150.732864,0,100000,0,-1.013930,50.000000
420,72.375621,Series RC,-1.048614,,5.11245421635e-07,-3.113083,-108.615631,-148.403091,1000000,0.009005,10.000000,1,3.284947,0.029582,100.000000,-77.018722,0,100000,0,-1.048614,50.000000
421,72.549248,Series RC,-0.970750,,5.60052724228e-07,-2.841785,-108.860092,43.118484,1000000,0.009007,10.000000,1,3.003015,0.027048,100.000000,114.258384,0,100000,0,-0.970750,50.000000
422,72.722353,Series RC,-1.023037,,5.43847446873e-07,-2.926463,-109.268676,76.167495,1000000,0.008998,10.000000,1,3.100128,0.027895,100.000000,146.898818,0,100000,0,-1.023037,50.000000
423,72.896061,Series RC,-0.911828,,5.18852330678e-07,-3.067442,-106.555107,96.579002,1000000,0.009029,10.000000,1,3.200099,0.028893,100.000000,170.023910,0,100000,0,-0.911828,50.000000
424,73.066808,Series RC,-0.978737,,5.13488844561e-07,-3.099482,-107.524780,135.601501,1000000,0.009019,10.000000,1,3.250341,0.029314,100.000000,-151.923263,0,100000,0,-0.978737,50.000000
425,73.237459,Series RC,-0.846947,,5.36279334704e-07,-2.967762,-105.927810,57.205642,1000000,0.009031,10.000000,1,3.086249,0.027873,100.000000,131.277832,0,100000,0,-0.846947,50.000000
426,73.408188,Series RC,-1.077623,,5.1918204078e-07,-3.065494,-109.368270,179.046356,1000000,0.009000,10.000000,1,3.249388,0.029245,100.000000,-110.321914,0,100000,0,-1.077623,50.000000
427,73.581003,Series RC,-1.072011,,5.18175438016e-07,-3.071449,-109.240242,-1.290396,1000000,0.009004,10.000000,1,3.253153,0.029291,100.000000,69.469367,0,100000,0,-1.072011,50.000000
428,73.754114,Series RC,-0.857355,,5.35443449111e-07,-2.972395,-106.089637,57.285720,1000000,0.009037,10.000000,1,3.093572,0.027957,100.000000,131.196090,0,100000,0,-0.857355,50.000000
429,73.926562,Series RC,-1.070929,,5.14177459832e-07,-3.095331,-109.084701,69.470695,1000000,0.009001,10.000000,1,3.275357,0.029482,100.000000,140.385986,0,100000,0,-1.070929,50.000000
430,74.099645,Series RC,-1.043851,,5.10823056235e-07,-3.115657,-108.522605,31.195047,1000000,0.009010,10.000000,1,3.285870,0.029604,100.000000,102.672431,0,100000,0,-1.043851,50.000000
431,74.272724,Series RC,-1.069187,,5.14508072796e-07,-3.093342,-109.067253,141.376602,1000000,0.009002,10.000000,1,3.272908,0.029463,100.000000,-147.690658,0,100000,0,-1.069187,50.000000
432,74.444756,Series RC,-0.906674,,5.72504531843e-07,-2.779977,-108.063438,119.186477,1000000,0.009029,10.000000,1,2.924094,0.026402,100.000000,-168.876968,0,100000,0,-0.906674,50.000000
433,74.618136,Series RC,-1.051870,,5.32706611421e-07,-2.987666,-109.395668,37.963798,1000000,0.009003,10.000000,1,3.167425,0.028518,100.000000,108.568138,0,100000,0,-1.051870,50.000000
434,74.791224,Series RC,-0.847314,,5.48468585053e-07,-2.901806,-106.277565,163.221084,1000000,0.009041,10.000000,1,3.022982,0.027331,100.000000,-123.056480,0,100000,0,-0.847314,50.000000
435,74.964153,Series RC,-0.896237,,5.71869504589e-07,-2.783064,-107.850242,-23.090541,1000000,0.009028,10.000000,1,2.923813,0.026397,100.000000,49.059226,0,100000,0,-0.896237,50.000000
436,75.137849,Series RC,-0.895561,,5.67369994998e-07,-2.805135,-107.706085,159.723052,1000000,0.009047,10.000000,1,2.944625,0.026639,100.000000,-127.983016,0,100000,0,-0.895561,50.000000
437,75.310095,Series RC,-0.921348,,5.71025399497e-07,-2.787178,-108.292152,82.219741,1000000,0.009023,10.000000,1,2.935514,0.026486,100.000000,153.927581,0,100000,0,-0.921348,50.000000
438,75.483448,Series RC,-0.854430,,5.55920564307e-07,-2.862908,-106.617637,-125.691017,1000000,0.009044,10.000000,1,2.987690,0.027021,100.000000,-52.308677,0,100000,0,-0.854430,50.000000
439,75.657311,Series RC,-1.073846,,5.20444318085e-07,-3.058059,-109.348861,71.580902,1000000,0.008999,10.000000,1,3.241122,0.029168,100.000000,142.232025,0,100000,0,-1.073846,50.000000
440,75.828475,Series RC,-1.073783,,5.15757558674e-07,-3.085848,-109.186355,-146.133682,1000000,0.008997,10.000000,1,3.267333,0.029397,100.000000,-75.320045,0,100000,0,-1.073783,50.000000
441,76.002212,Series RC,-1.055465,,5.13021255124e-07,-3.102307,-108.789299,140.364562,1000000,0.009002,10.000000,1,3.276937,0.029501,100.000000,-148.424713,0,100000,0,-1.055465,50.000000
442,76.176277,Series RC,-0.955962,,5.14296424893e-07,-3.094615,-107.166511,-117.374832,1000000,0.009020,10.000000,1,3.238905,0.029216,100.000000,-44.541355,0,100000,0,-0.955962,50.000000
443,76.348955,Series RC,-0.861292,,5.53353370577e-07,-2.876190,-106.670646,90.264762,1000000,0.009044,10.000000,1,3.002381,0.027153,100.000000,163.594116,0,100000,0,-0.861292,50.000000
444,76.519855,Series RC,-0.914997,,5.70539233676e-07,-2.789553,-108.159927,-133.187637,1000000,0.009028,10.000000,1,2.935784,0.026503,100.000000,-61.347549,0,100000,0,-0.914997,50.000000
445,76.694110,Series RC,-0.901066,,5.72552519555e-07,-2.779744,-107.960327,119.836341,1000000,0.009026,10.000000,1,2.922139,0.026376,100.000000,-168.123977,0,100000,0,-0.901066,50.000000
446,76.866121,Series RC,-0.844827,,5.50823694103e-07,-2.889399,-106.298316,-124.920005,1000000,0.009040,10.000000,1,3.010375,0.027214,100.000000,-51.218326,0,100000,0,-0.844827,50.000000
447,77.035296,Series RC,-1.072537,,5.20924690644e-07,-3.055239,-109.343544,-72.712341,1000000,0.009001,10.000000,1,3.238028,0.029145,100.000000,-2.055863,0,100000,0,-1.072537,50.000000
448,77.204515,Series RC,-0.896045,,5.66073839102e-07,-2.811558,-107.677101,124.183921,1000000,0.009050,10.000000,1,2.950891,0.026704,100.000000,-163.493179,0,100000,0,-0.896045,50.000000
449,77.375615,Series RC,-0.887770,,5.70677118268e-07,-2.788879,-107.657569,12.609760,1000000,0.009028,10.000000,1,2.926770,0.026423,100.000000,84.952194,0,100000,0,-0.887770,50.000000
450,77.545408,Series RC,-1.022762,,5.43321292078e-07,-2.929297,-109.246604,76.070167,1000000,0.009004,10.000000,1,3.102712,0.027936,100.000000,146.823562,0,100000,0,-1.022762,50.000000
451,77.716078,Series RC,-0.991845,,5.53524844171e-07,-2.875299,-109.032051,77.825218,1000000,0.009008,10.000000,1,3.041562,0.027399,100.000000,148.793167,0,100000,0,-0.991845,50.000000
452,77.886974,Series RC,-0.979941,,5.14156696435e-07,-3.095456,-107.566436,-80.330772,1000000,0.009013,10.000000,1,3.246865,0.029263,100.000000,-7.897194,0,100000,0,-0.979941,50.000000
453,78.059726,Series RC,-0.855356,,5.55973386389e-07,-2.862636,-106.636146,162.207717,1000000,0.009041,10.000000,1,2.987695,0.027012,100.000000,-124.428443,0,100000,0,-0.855356,50.000000
454,78.231879,Series RC,-1.017862,,5.47261210656e-07,-2.908208,-109.289855,-31.423870,1000000,0.009000,10.000000,1,3.081188,0.027731,100.000000,39.286277,0,100000,0,-1.017862,50.000000
455,78.404467,Series RC,-0.999228,,5.12794140544e-07,-3.103681,-107.845924,-43.370513,1000000,0.009012,10.000000,1,3.260567,0.029385,100.000000,28.783565,0,100000,0,-0.999228,50.000000
456,78.577991,Series RC,-0.913171,,5.69428975439e-07,-2.794992,-108.093093,-133.095138,1000000,0.009024,10.000000,1,2.940384,0.026533,100.000000,-61.188240,0,100000,0,-0.913171,50.000000
457,78.748681,Series RC,-0.926959,,5.68696280924e-07,-2.798593,-108.326065,9.672626,1000000,0.009019,10.000000,1,2.948114,0.026590,100.000000,81.346549,0,100000,0,-0.926959,50.000000
458,78.917527,Series RC,-1.039289,,5.38383698498e-07,-2.956162,-109.369987,-69.065948,1000000,0.009002,10.000000,1,3.133531,0.028207,100.000000,1.564069,0,100000,0,-1.039289,50.000000
459,79.086768,Series RC,-0.920051,,5.68671490637e-07,-2.798715,-108.197792,82.034210,1000000,0.009022,10.000000,1,2.946065,0.026579,100.000000,153.836410,0,100000,0,-0.920051,50.000000
460,79.255907,Series RC,-0.915920,,5.19743408842e-07,-3.062183,-106.652282,-83.241027,1000000,0.009027,10.000000,1,3.196228,0.028853,100.000000,-9.893327,0,100000,0,-0.915920,50.000000
461,79.425457,Series RC,-0.887270,,5.72327067809e-07,-2.780839,-107.696098,-23.050230,1000000,0.009033,10.000000,1,2.918958,0.026365,100.000000,49.253665,0,100000,0,-0.887270,50.000000
462,79.594607,Series RC,-1.058900,,5.13150108888e-07,-3.101528,-108.850532,-39.360179,1000000,0.009004,10.000000,1,3.277308,0.029510,100.000000,31.789285,0,100000,0,-1.058900,50.000000
463,79.765239,Series RC,-0.906381,,5.71000610598e-07,-2.787299,-108.013618,-24.831584,1000000,0.009024,10.000000,1,2.930966,0.026450,100.000000,47.154785,0,100000,0,-0.906381,50.000000
464,79.934295,Series RC,-0.842470,,5.40964116964e-07,-2.942061,-105.979255,-159.654449,1000000,0.009040,10.000000,1,3.060307,0.027664,100.000000,-85.633705,0,100000,0,-0.842470,50.000000
465,80.106381,Series RC,-1.039329,,5.38579551438e-07,-2.955087,-109.377204,-104.873451,1000000,0.009000,10.000000,1,3.132530,0.028192,100.000000,-34.250637,0,100000,0,-1.039329,50.000000
466,80.279153,Series RC,-1.056233,,5.13955959369e-07,-3.096665,-108.833847,-75.477119,1000000,0.009004,10.000000,1,3.271844,0.029459,100.000000,-4.310959,0,100000,0,-1.056233,50.000000
467,80.451474,Series RC,-1.011245,,5.10843059352e-07,-3.115535,-107.982460,137.095779,1000000,0.009011,10.000000,1,3.275542,0.029516,100.000000,-150.886688,0,100000,0,-1.011245,50.000000
468,80.622337,Series RC,-1.029826,,5.10683733718e-07,-3.116507,-108.285728,102.095909,1000000,0.009012,10.000000,1,3.282249,0.029578,100.000000,173.810195,0,100000,0,-1.029826,50.000000
469,80.793602,Series RC,-1.019734,,5.46293056242e-07,-2.913362,-109.291038,112.476669,1000000,0.009005,10.000000,1,3.086671,0.027796,100.000000,-176.814361,0,100000,0,-1.019734,50.000000
470,80.965674,Series RC,-1.028990,,5.11432049106e-07,-3.111947,-108.296882,30.339481,1000000,0.009011,10.000000,1,3.277657,0.029534,100.000000,102.042602,0,100000,0,-1.028990,50.000000
471,81.136242,Series RC,-0.850615,,5.32239335703e-07,-2.990289,-105.878883,21.865238,1000000,0.009032,10.000000,1,3.108918,0.028078,100.000000,95.986358,0,100000,0,-0.850615,50.000000
472,81.305716,Series RC,-0.977098,,5.58161078888e-07,-2.851416,-108.915092,-173.247955,1000000,0.009005,10.000000,1,3.014182,0.027143,100.000000,-102.163047,0,100000,0,-0.977098,50.000000
473,81.475160,Series RC,-1.067540,,5.26805309172e-07,-3.021134,-109.461235,36.652118,1000000,0.009002,10.000000,1,3.204199,0.028845,100.000000,107.190902,0,100000,0,-1.067540,50.000000
474,81.644502,Series RC,-1.064672,,5.24196933475e-07,-3.036167,-109.323898,0.267464,1000000,0.008999,10.000000,1,3.217427,0.028954,100.000000,70.943572,0,100000,0,-1.064672,50.000000
475,81.813907,Series RC,-1.072693,,5.15775275742e-07,-3.085742,-109.168922,177.904006,1000000,0.009000,10.000000,1,3.266875,0.029402,100.000000,-111.264923,0,100000,0,-1.072693,50.000000
476,81.983854,Series RC,-0.832442,,5.46404836818e-07,-2.912766,-105.949455,-160.317077,1000000,0.009042,10.000000,1,3.029384,0.027390,100.000000,-86.266525,0,100000,0,-0.832442,50.000000
477,82.153527,Series RC,-0.884806,,5.65584808938e-07,-2.813989,-107.454772,-127.919311,1000000,0.009049,10.000000,1,2.949816,0.026693,100.000000,-55.374088,0,100000,0,-0.884806,50.000000
478,82.324369,Series RC,-1.041668,,5.1075059904e-07,-3.116099,-108.484054,-112.973709,1000000,0.009006,10.000000,1,3.285596,0.029590,100.000000,-41.457759,0,100000,0,-1.041668,50.000000
479,82.495069,Series RC,-0.890201,,5.70668114867e-07,-2.788923,-107.702651,85.148437,1000000,0.009028,10.000000,1,2.927550,0.026429,100.000000,157.445785,0,100000,0,-0.890201,50.000000
480,82.665861,Series RC,-0.989626,,5.13493649015e-07,-3.099453,-107.707794,-115.928092,1000000,0.009018,10.000000,1,3.253609,0.029343,100.000000,-43.635871,0,100000,0,-0.989626,50.000000
481,82.838238,Series RC,-1.050609,,5.35481100752e-07,-2.972186,-109.467491,-141.587631,1000000,0.009002,10.000000,1,3.152407,0.028377,100.000000,-71.055130,0,100000,0,-1.050609,50.000000
482,83.010617,Series RC,-0.913176,,5.2078287151e-07,-3.056071,-106.636528,169.062377,1000000,0.009026,10.000000,1,3.189586,0.028790,100.000000,-117.574165,0,100000,0,-0.913176,50.000000
483,83.182831,Series RC,-0.855707,,5.33827094672e-07,-2.981395,-106.014312,-14.055835,1000000,0.009030,10.000000,1,3.101766,0.028009,100.000000,59.929847,0,100000,0,-0.855707,50.000000
484,83.352197,Series RC,-0.888246,,5.64503141264e-07,-2.819381,-107.487045,89.026199,1000000,0.009049,10.000000,1,2.955992,0.026748,100.000000,161.539169,0,100000,0,-0.888246,50.000000
485,83.525212,Series RC,-0.869555,,5.30277321901e-07,-3.001353,-106.157424,-13.380597,1000000,0.009027,10.000000,1,3.124779,0.028208,100.000000,60.461978,0,100000,0,-0.869555,50.000000
486,83.698651,Series RC,-1.068371,,5.15398131774e-07,-3.088000,-109.084350,105.770217,1000000,0.009002,10.000000,1,3.267592,0.029414,100.000000,176.685882,0,100000,0,-1.068371,50.000000
487,83.870669,Series RC,-0.857683,,5.30717441978e-07,-2.998864,-105.960670,129.960189,1000000,0.009033,10.000000,1,3.119103,0.028174,100.000000,-156.000473,0,100000,0,-0.857683,50.000000
488,84.043569,Series RC,-1.020121,,5.11207488522e-07,-3.113314,-108.142105,-150.262741,1000000,0.009012,10.000000,1,3.276183,0.029525,100.000000,-78.404846,0,100000,0,-1.020121,50.000000
489,84.217801,Series RC,-0.980115,,5.56899400435e-07,-2.857876,-108.929519,6.570928,1000000,0.009008,10.000000,1,3.021272,0.027216,100.000000,77.641403,0,100000,0,-0.980115,50.000000
490,84.391475,Series RC,-0.964976,,5.61892755752e-07,-2.832479,-108.813079,-64.753868,1000000,0.009010,10.000000,1,2.992343,0.026962,100.000000,6.433052,0,100000,0,-0.964976,50.000000
491,84.564765,Series RC,-0.918783,,5.69914066474e-07,-2.792613,-108.211448,-169.447586,1000000,0.009025,10.000000,1,2.939872,0.026532,100.000000,-97.659027,0,100000,0,-0.918783,50.000000
492,84.738825,Series RC,-1.033936,,5.38562420007e-07,-2.955181,-109.283515,-140.780014,1000000,0.008999,10.000000,1,3.130833,0.028175,100.000000,-70.063529,0,100000,0,-1.033936,50.000000
493,84.910263,Series RC,-0.984432,,5.55505522569e-07,-2.865047,-108.962738,-173.880172,1000000,0.009007,10.000000,1,3.029455,0.027286,100.000000,-102.842903,0,100000,0,-0.984432,50.000000
494,85.083024,Series RC,-1.069280,,5.1947367867e-07,-3.063773,-109.239379,178.900695,1000000,0.008999,10.000000,1,3.245006,0.029201,100.000000,-110.338668,0,100000,0,-1.069280,50.000000
495,85.255034,Series RC,-1.022670,,5.45565538646e-07,-2.917247,-109.318626,4.166439,1000000,0.009002,10.000000,1,3.091308,0.027829,100.000000,74.847824,0,100000,0,-1.022670,50.000000
496,85.427839,Series RC,-1.051946,,5.1291378866e-07,-3.102957,-108.727371,104.094215,1000000,0.009004,10.000000,1,3.276421,0.029502,100.000000,175.366821,0,100000,0,-1.051946,50.000000
497,85.600680,Series RC,-1.046902,,5.11525578351e-07,-3.111378,-108.596801,31.513683,1000000,0.009004,10.000000,1,3.282784,0.029559,100.000000,102.916854,0,100000,0,-1.046902,50.000000
498,85.773673,Series RC,-0.971220,,5.57602384537e-07,-2.854273,-108.791824,42.590499,1000000,0.009010,10.000000,1,3.014986,0.027166,100.000000,113.798675,0,100000,0,-0.971220,50.000000
499,85.945221,Series RC,-0.904776,,5.71183812446e-07,-2.786405,-107.989173,-132.384963,1000000,0.009025,10.000000,1,2.929620,0.026441,100.000000,-60.374126,0,100000,0,-0.904776,50.000000
500,86.118318,Series RC,-0.885584,,5.71077852527e-07,-2.786922,-107.628379,157.851287,1000000,0.009032,10.000000,1,2.924243,0.026413,100.000000,-129.777099,0,100000,0,-0.885584,50.000000
501,86.291632,Series RC,-0.981968,,5.58408615021e-07,-2.850152,-109.010444,42.560153,1000000,0.009008,10.000000,1,3.014569,0.027154,100.000000,113.549697,0,100000,0,-0.981968,50.000000
502,86.464476,Series RC,-0.937487,,5.66369154789e-07,-2.810092,-108.449424,116.799613,1000000,0.009020,10.000000,1,2.962347,0.026719,100.000000,-171.649780,0,100000,0,-0.937487,50.000000
503,86.637586,Series RC,-0.901208,,5.23009546614e-07,-3.043060,-106.496749,132.146240,1000000,0.009033,10.000000,1,3.173703,0.028667,100.000000,-154.350524,0,100000,0,-0.901208,50.000000
504,86.809127,Series RC,-0.904756,,5.70034702778e-07,-2.792022,-107.954940,-25.202007,1000000,0.009024,10.000000,1,2.934957,0.026484,100.000000,46.843040,0,100000,0,-0.904756,50.000000
505,86.981531,Series RC,-1.017472,,5.11730179767e-07,-3.110134,-108.115364,-114.494384,1000000,0.009011,10.000000,1,3.272336,0.029489,100.000000,-42.609733,0,100000,0,-1.017472,50.000000
506,87.154164,Series RC,-0.913251,,5.71714613139e-07,-2.783818,-108.162429,-168.853652,1000000,0.009029,10.000000,1,2.929790,0.026454,100.000000,-97.016105,0,100000,0,-0.913251,50.000000
507,87.325657,Series RC,-0.963097,,5.59563020316e-07,-2.844272,-108.706581,-136.835083,1000000,0.009009,10.000000,1,3.002906,0.027053,100.000000,-65.541656,0,100000,0,-0.963097,50.000000
508,87.499067,Series RC,-0.906953,,5.70611850044e-07,-2.789198,-108.012779,-60.577835,1000000,0.009026,10.000000,1,2.932949,0.026474,100.000000,11.409397,0,100000,0,-0.906953,50.000000
509,87.671777,Series RC,-1.001648,,5.52443512425e-07,-2.880927,-109.171661,-66.650566,1000000,0.009005,10.000000,1,3.050088,0.027465,100.000000,4.177761,0,100000,0,-1.001648,50.000000
510,87.844648,Series RC,-0.871354,,5.61446766488e-07,-2.834729,-107.086669,160.934234,1000000,0.009049,10.000000,1,2.965627,0.026835,100.000000,-126.152427,0,100000,0,-0.871354,50.000000
511,88.017237,Series RC,-0.861659,,5.3397736225e-07,-2.980556,-106.124229,-85.972244,1000000,0.009032,10.000000,1,3.102607,0.028024,100.000000,-12.096475,0,100000,0,-0.861659,50.000000
512,88.189390,Series RC,-0.978797,,5.13500607347e-07,-3.099411,-107.526161,-8.051820,1000000,0.009015,10.000000,1,3.250291,0.029301,100.000000,64.422012,0,100000,0,-0.978797,50.000000
513,88.362418,Series RC,-0.950474,,5.65281074636e-07,-2.815501,-108.653961,-135.627777,1000000,0.009014,10.000000,1,2.971607,0.026787,100.000000,-64.281738,0,100000,0,-0.950474,50.000000
514,88.535657,Series RC,-0.878011,,5.30173454748e-07,-3.001941,-106.303192,131.211349,1000000,0.009032,10.000000,1,3.127707,0.028250,100.000000,-155.091827,0,100000,0,-0.878011,50.000000
515,88.707134,Series RC,-0.908074,,5.70922979956e-07,-2.787678,-108.042800,-24.975872,1000000,0.009026,10.000000,1,2.931851,0.026463,100.000000,46.981319,0,100000,0,-0.908074,50.000000
516,88.879428,Series RC,-1.070837,,5.21380671061e-07,-3.052567,-109.330810,-108.680061,1000000,0.009001,10.000000,1,3.234943,0.029116,100.000000,-38.010871,0,100000,0,-1.070837,50.000000
517,89.051957,Series RC,-0.888774,,5.71479560382e-07,-2.784963,-107.699592,-94.431472,1000000,0.009028,10.000000,1,2.923344,0.026392,100.000000,-22.131076,0,100000,0,-0.888774,50.000000
518,89.221934,Series RC,-1.057808,,5.30138311644e-07,-3.002140,-109.409965,109.471817,1000000,0.009003,10.000000,1,3.183049,0.028658,100.000000,-179.938156,0,100000,0,-1.057808,50.000000
519,89.394529,Series RC,-1.070614,,5.19413494123e-07,-3.064128,-109.259544,143.157287,1000000,0.008998,10.000000,1,3.245781,0.029205,100.000000,-146.102249,0,100000,0,-1.070614,50.000000
520,89.567796,Series RC,-1.057116,,5.12615928741e-07,-3.104760,-108.802787,176.308364,1000000,0.009008,10.000000,1,3.279791,0.029545,100.000000,-112.494438,0,100000,0,-1.057116,50.000000
521,89.741078,Series RC,-0.898211,,5.72561582516e-07,-2.779700,-107.907310,-59.818717,1000000,0.009027,10.000000,1,2.921218,0.026370,100.000000,12.273966,0,100000,0,-0.898211,50.000000
522,89.913076,Series RC,-0.950281,,5.65460222332e-07,-2.814609,-108.655944,152.284179,1000000,0.009019,10.000000,1,2.970700,0.026792,100.000000,-136.371765,0,100000,0,-0.950281,50.000000
523,90.086228,Series RC,-0.869236,,5.60786221796e-07,-2.838068,-107.028633,161.327606,1000000,0.009047,10.000000,1,2.968198,0.026852,100.000000,-125.701034,0,100000,0,-0.869236,50.000000
524,90.259652,Series RC,-0.892843,,5.71210462327e-07,-2.786275,-107.767707,48.809421,1000000,0.009029,10.000000,1,2.925833,0.026417,100.000000,121.041709,0,100000,0,-0.892843,50.000000
525,90.430269,Series RC,-0.921341,,5.19060466438e-07,-3.066212,-106.724563,61.028060,1000000,0.009028,10.000000,1,3.201644,0.028904,100.000000,134.303482,0,100000,0,-0.921341,50.000000
526,90.603359,Series RC,-1.041196,,5.1160368257e-07,-3.110903,-108.505004,103.087318,1000000,0.009007,10.000000,1,3.280520,0.029548,100.000000,174.582305,0,100000,0,-1.041196,50.000000
527,90.777544,Series RC,-0.857854,,5.60660382435e-07,-2.838705,-106.814765,-18.894182,1000000,0.009048,10.000000,1,2.965495,0.026831,100.000000,54.291053,0,100000,0,-0.857854,50.000000
528,90.950128,Series RC,-1.052051,,5.36093096056e-07,-2.968793,-109.512786,-177.421768,1000000,0.009002,10.000000,1,3.149689,0.028352,100.000000,-106.934562,0,100000,0,-1.052051,50.000000
529,91.122823,Series RC,-0.883027,,5.71986447745e-07,-2.782495,-107.606864,86.172492,1000000,0.009028,10.000000,1,2.919249,0.026356,100.000000,158.565643,0,100000,0,-0.883027,50.000000
530,91.296899,Series RC,-1.039143,,5.38762597706e-07,-2.954083,-109.380073,147.114929,1000000,0.008998,10.000000,1,3.131521,0.028178,100.000000,-142.265167,0,100000,0,-1.039143,50.000000
531,91.469386,Series RC,-0.895022,,5.68540260052e-07,-2.799361,-107.730300,-92.623657,1000000,0.009047,10.000000,1,2.938961,0.026587,100.000000,-20.353961,0,100000,0,-0.895022,50.000000
532,91.642327,Series RC,-1.007631,,5.11262830056e-07,-3.112977,-107.936111,-151.208084,1000000,0.009012,10.000000,1,3.271995,0.029489,100.000000,-79.144210,0,100000,0,-1.007631,50.000000
533,91.814169,Series RC,-0.868743,,5.3083125991e-07,-2.998221,-106.159080,-13.309473,1000000,0.009027,10.000000,1,3.121545,0.028177,100.000000,60.531459,0,100000,0,-0.868743,50.000000
534,91.986970,Series RC,-1.066563,,5.1496987962e-07,-3.090568,-109.039680,-38.577556,1000000,0.009000,10.000000,1,3.269429,0.029426,100.000000,32.382770,0,100000,0,-1.066563,50.000000
535,92.159718,Series RC,-0.972927,,5.13043415348e-07,-3.102173,-107.412864,-8.549490,1000000,0.009020,10.000000,1,3.251164,0.029325,100.000000,64.037635,0,100000,0,-0.972927,50.000000
536,92.330782,Series RC,-1.059485,,5.28614170777e-07,-3.010796,-109.386734,73.381790,1000000,0.009001,10.000000,1,3.191771,0.028729,100.000000,143.995056,0,100000,0,-1.059485,50.000000
537,92.503585,Series RC,-0.884241,,5.24779413498e-07,-3.032797,-106.254547,95.366615,1000000,0.009031,10.000000,1,3.159072,0.028531,100.000000,169.112045,0,100000,0,-0.884241,50.000000
538,92.676523,Series RC,-0.979949,,5.57241598279e-07,-2.856121,-108.937347,150.754104,1000000,0.009010,10.000000,1,3.019558,0.027205,100.000000,-138.183242,0,100000,0,-0.979949,50.000000
539,92.849927,Series RC,-0.863848,,5.53689874737e-07,-2.874442,-106.726943,-17.660919,1000000,0.009042,10.000000,1,3.001441,0.027139,100.000000,55.612133,0,100000,0,-0.863848,50.000000
540,93.022052,Series RC,-0.856663,,5.51483512461e-07,-2.885942,-106.532989,162.747406,1000000,0.009041,10.000000,1,3.010404,0.027218,100.000000,-123.785560,0,100000,0,-0.856663,50.000000
541,93.195358,Series RC,-1.025570,,5.45151243831e-07,-2.919464,-109.355720,40.056591,1000000,0.009004,10.000000,1,3.094360,0.027862,100.000000,110.700874,0,100000,0,-1.025570,50.000000
542,93.368482,Series RC,-0.867656,,5.28907540236e-07,-3.009126,-106.084472,-49.484695,1000000,0.009031,10.000000,1,3.131719,0.028284,100.000000,24.430831,0,100000,0,-0.867656,50.000000
543,93.542714,Series RC,-0.977705,,5.13213980824e-07,-3.101142,-107.498619,-8.495491,1000000,0.009015,10.000000,1,3.251613,0.029313,100.000000,64.005874,0,100000,0,-0.977705,50.000000
544,93.715466,Series RC,-0.897478,,5.65602697651e-07,-2.813900,-107.689804,124.042060,1000000,0.009050,10.000000,1,2.953557,0.026728,100.000000,-163.647750,0,100000,0,-0.897478,50.000000
545,93.888522,Series RC,-0.996809,,5.52447731154e-07,-2.880905,-109.085906,41.576419,1000000,0.009003,10.000000,1,3.048482,0.027446,100.000000,112.490501,0,100000,0,-0.996809,50.000000
546,94.058372,Series RC,-1.004724,,5.11207488522e-07,-3.113314,-107.885841,28.871498,1000000,0.009013,10.000000,1,3.271421,0.029484,100.000000,100.985664,0,100000,0,-1.004724,50.000000
547,94.231569,Series RC,-0.849169,,5.35269671657e-07,-2.973360,-105.938934,57.075702,1000000,0.009037,10.000000,1,3.092242,0.027944,100.000000,131.136749,0,100000,0,-0.849169,50.000000
548,94.406402,Series RC,-0.901444,,5.24015712713e-07,-3.037217,-106.530853,167.752304,1000000,0.009032,10.000000,1,3.168168,0.028614,100.000000,-118.778541,0,100000,0,-0.901444,50.000000
549,94.579986,Series RC,-0.919716,,5.68819248302e-07,-2.797988,-108.196014,-133.486984,1000000,0.009023,10.000000,1,2.945270,0.026575,100.000000,-61.682991,0,100000,0,-0.919716,50.000000
550,94.753471,Series RC,-1.061445,,5.12957431147e-07,-3.102693,-108.886039,176.630035,1000000,0.009004,10.000000,1,3.279233,0.029527,100.000000,-112.256004,0,100000,0,-1.061445,50.000000
551,94.925486,Series RC,-1.048645,,5.33727559882e-07,-2.981951,-109.374931,-141.693252,1000000,0.009000,10.000000,1,3.160964,0.028449,100.000000,-71.068183,0,100000,0,-1.048645,50.000000
552,95.099718,Series RC,-1.019885,,5.11518837842e-07,-3.111419,-108.148498,-6.165903,1000000,0.009010,10.000000,1,3.274308,0.029501,100.000000,65.685592,0,100000,0,-1.019885,50.000000
553,95.272649,Series RC,-0.893163,,5.68951828067e-07,-2.797336,-107.707794,-130.202987,1000000,0.009033,10.000000,1,2.936465,0.026525,100.000000,-57.910770,0,100000,0,-0.893163,50.000000
554,95.443624,Series RC,-0.855851,,5.49448076756e-07,-2.896633,-106.460517,91.077087,1000000,0.009042,10.000000,1,3.020425,0.027310,100.000000,164.616561,0,100000,0,-0.855851,50.000000
555,95.613614,Series RC,-0.914414,,5.68736925414e-07,-2.798393,-108.095527,82.564949,1000000,0.009023,10.000000,1,2.944003,0.026563,100.000000,154.469406,0,100000,0,-0.914414,50.000000
556,95.786142,Series RC,-0.912288,,5.20324533453e-07,-3.058763,-106.607414,-11.286346,1000000,0.009028,10.000000,1,3.191912,0.028818,100.000000,62.106231,0,100000,0,-0.912288,50.000000
557,95.956259,Series RC,-0.904253,,5.7147689277e-07,-2.784976,-107.988075,-167.726165,1000000,0.009029,10.000000,1,2.928099,0.026438,100.000000,-95.714241,0,100000,0,-0.904253,50.000000
558,96.129024,Series RC,-0.907404,,5.72317189055e-07,-2.780887,-108.071510,-60.053997,1000000,0.009024,10.000000,1,2.925186,0.026398,100.000000,11.874493,0,100000,0,-0.907404,50.000000
559,96.302003,Series RC,-0.855778,,5.47804643724e-07,-2.905323,-106.412612,163.386047,1000000,0.009042,10.000000,1,3.028739,0.027384,100.000000,-123.026550,0,100000,0,-0.855778,50.000000
560,96.474704,Series RC,-0.960223,,5.13571361104e-07,-3.098984,-107.215629,-117.334381,1000000,0.009017,10.000000,1,3.244338,0.029254,100.000000,-44.550003,0,100000,0,-0.960223,50.000000
561,96.648316,Series RC,-1.053785,,5.12160804461e-07,-3.107519,-108.732208,-3.809482,1000000,0.009006,10.000000,1,3.281331,0.029553,100.000000,67.458312,0,100000,0,-1.053785,50.000000
562,96.819746,Series RC,-0.914099,,5.70934244307e-07,-2.787623,-108.155006,-168.853347,1000000,0.009027,10.000000,1,2.933670,0.026481,100.000000,-97.008346,0,100000,0,-0.914099,50.000000
563,96.992133,Series RC,-1.055020,,5.33111843129e-07,-2.985395,-109.463081,110.009735,1000000,0.009003,10.000000,1,3.166331,0.028506,100.000000,-179.453353,0,100000,0,-1.055020,50.000000
564,97.165077,Series RC,-0.957547,,5.63599983894e-07,-2.823899,-108.731117,-172.056945,1000000,0.009015,10.000000,1,2.981828,0.026882,100.000000,-100.788063,0,100000,0,-0.957547,50.000000
565,97.336056,Series RC,-0.975880,,5.59389948558e-07,-2.845152,-108.931831,114.814796,1000000,0.009009,10.000000,1,3.007862,0.027097,100.000000,-174.117034,0,100000,0,-0.975880,50.000000
566,97.508804,Series RC,-1.002099,,5.11367634091e-07,-3.112339,-107.847312,100.735992,1000000,0.009011,10.000000,1,3.269688,0.029462,100.000000,172.888671,0,100000,0,-1.002099,50.000000
567,97.682238,Series RC,-0.906171,,5.71118018391e-07,-2.786726,-108.013168,119.484313,1000000,0.009027,10.000000,1,2.930356,0.026451,100.000000,-168.528839,0,100000,0,-0.906171,50.000000
568,97.853823,Series RC,-0.982609,,5.12129986208e-07,-3.107706,-107.546150,135.639358,1000000,0.009018,10.000000,1,3.259349,0.029393,100.000000,-151.906799,0,100000,0,-0.982609,50.000000
569,98.025734,Series RC,-1.036634,,5.40257683172e-07,-2.945908,-109.386428,75.379165,1000000,0.008999,10.000000,1,3.122977,0.028103,100.000000,145.992752,0,100000,0,-1.036634,50.000000
570,98.196903,Series RC,-0.882957,,5.63050073256e-07,-2.826657,-107.347129,52.753978,1000000,0.009046,10.000000,1,2.961352,0.026788,100.000000,125.406845,0,100000,0,-0.882957,50.000000
571,98.369117,Series RC,-1.070339,,5.14933057843e-07,-3.090789,-109.100944,141.740036,1000000,0.009000,10.000000,1,3.270872,0.029436,100.000000,-147.360900,0,100000,0,-1.070339,50.000000
572,98.542311,Series RC,-0.904971,,5.70753863333e-07,-2.788504,-107.980125,-96.270355,1000000,0.009027,10.000000,1,2.931676,0.026465,100.000000,-24.250486,0,100000,0,-0.904971,50.000000
573,98.715237,Series RC,-0.992581,,5.11407234258e-07,-3.112098,-107.689704,100.229759,1000000,0.009015,10.000000,1,3.266554,0.029447,100.000000,172.540054,0,100000,0,-0.992581,50.000000
574,98.888454,Series RC,-0.977747,,5.56678900835e-07,-2.859008,-108.880065,42.638339,1000000,0.009010,10.000000,1,3.021576,0.027225,100.000000,113.758277,0,100000,0,-0.977747,50.000000
575,99.062342,Series RC,-1.063352,,5.13274723551e-07,-3.100775,-108.928428,69.039138,1000000,0.009001,10.000000,1,3.278037,0.029506,100.000000,140.110717,0,100000,0,-1.063352,50.000000
576,99.235707,Series RC,-0.888810,,5.68770461492e-07,-2.798228,-107.621559,-20.452402,1000000,0.009048,10.000000,1,2.935994,0.026566,100.000000,51.926040,0,100000,0,-0.888810,50.000000
577,99.408575,Series RC,-1.012342,,5.11224565936e-07,-3.113210,-108.013290,-42.708248,1000000,0.009013,10.000000,1,3.273669,0.029507,100.000000,29.278461,0,100000,0,-1.012342,50.000000
578,99.582717,Series RC,-0.902007,,5.71241830372e-07,-2.786122,-107.939353,83.873397,1000000,0.009023,10.000000,1,2.928497,0.026423,100.000000,155.934051,0,100000,0,-0.902007,50.000000
579,99.755693,Series RC,-0.924876,,5.69018141129e-07,-2.797010,-108.297294,81.808746,1000000,0.009022,10.000000,1,2.945957,0.026580,100.000000,153.511459,0,100000,0,-0.924876,50.000000
580,99.928340,Series RC,-0.916408,,5.6892050764e-07,-2.797490,-108.137870,82.387908,1000000,0.009025,10.000000,1,2.943765,0.026569,100.000000,154.250030,0,100000,0,-0.916408,50.000000
581,100.099245,Series RC,-0.966072,,5.62687974343e-07,-2.828476,-108.857704,151.694519,1000000,0.009012,10.000000,1,2.988908,0.026935,100.000000,-137.163208,0,100000,0,-0.966072,50.000000
582,100.272052,Series RC,-1.060802,,5.28981548845e-07,-3.008705,-109.421516,-142.834625,1000000,0.009002,10.000000,1,3.190236,0.028717,100.000000,-72.256156,0,100000,0,-1.060802,50.000000
583,100.443769,Series RC,-1.027333,,5.43744512218e-07,-2.927017,-109.340209,-32.134143,1000000,0.009003,10.000000,1,3.102071,0.027928,100.000000,38.525657,0,100000,0,-1.027333,50.000000
584,100.613992,Series RC,-0.932819,,5.1752622374e-07,-3.075302,-106.873908,-154.693008,1000000,0.009026,10.000000,1,3.213664,0.029006,100.000000,-81.566925,0,100000,0,-0.932819,50.000000
585,100.786788,Series RC,-1.072406,,5.24022096458e-07,-3.037180,-109.447746,36.124965,1000000,0.009000,10.000000,1,3.220950,0.028988,100.000000,106.677223,0,100000,0,-1.072406,50.000000
586,100.958332,Series RC,-0.897535,,5.71234039294e-07,-2.786160,-107.855857,120.622367,1000000,0.009028,10.000000,1,2.927159,0.026427,100.000000,-167.233474,0,100000,0,-0.897535,50.000000
587,101.128169,Series RC,-1.021635,,5.46126595494e-07,-2.914250,-109.318901,-139.633865,1000000,0.009000,10.000000,1,3.088137,0.027795,100.000000,-68.952781,0,100000,0,-1.021635,50.000000
588,101.301484,Series RC,-0.854840,,5.57051436465e-07,-2.857096,-106.657135,162.011108,1000000,0.009042,10.000000,1,2.982239,0.026967,100.000000,-124.646034,0,100000,0,-0.854840,50.000000
589,101.474178,Series RC,-1.034067,,5.40589644207e-07,-2.944099,-109.352996,3.440405,1000000,0.009002,10.000000,1,3.120419,0.028088,100.000000,74.087402,0,100000,0,-1.034067,50.000000
590,101.647052,Series RC,-1.048183,,5.33807936711e-07,-2.981502,-109.369743,2.247155,1000000,0.008998,10.000000,1,3.160387,0.028436,100.000000,72.877410,0,100000,0,-1.048183,50.000000
591,101.819299,Series RC,-1.008641,,5.1190744683e-07,-3.109057,-107.974105,172.995681,1000000,0.009012,10.000000,1,3.268576,0.029458,100.000000,-114.978408,0,100000,0,-1.008641,50.000000
592,101.991673,Series RC,-1.066468,,5.27773112335e-07,-3.015594,-109.476196,144.863250,1000000,0.009000,10.000000,1,3.198619,0.028786,100.000000,-144.612945,0,100000,0,-1.066468,50.000000
593,102.164419,Series RC,-0.913458,,5.22481581059e-07,-3.046135,-106.692634,60.729949,1000000,0.009030,10.000000,1,3.180149,0.028716,100.000000,134.037322,0,100000,0,-0.913458,50.000000
594,102.334844,Series RC,-0.851873,,5.48393558589e-07,-2.902203,-106.358345,127.165222,1000000,0.009041,10.000000,1,3.024643,0.027347,100.000000,-159.193130,0,100000,0,-0.851873,50.000000
595,102.505176,Series RC,-1.061623,,5.2955921044e-07,-3.005423,-109.455039,73.472351,1000000,0.009003,10.000000,1,3.187415,0.028696,100.000000,144.017303,0,100000,0,-1.061623,50.000000
596,102.678185,Series RC,-0.927351,,5.68292387411e-07,-2.800582,-108.321136,9.525865,1000000,0.009018,10.000000,1,2.950125,0.026605,100.000000,81.204719,0,100000,0,-0.927351,50.000000
597,102.850789,Series RC,-0.886695,,5.71235064424e-07,-2.786155,-107.653694,85.583084,1000000,0.009029,10.000000,1,2.923848,0.026399,100.000000,157.929397,0,100000,0,-0.886695,50.000000
598,103.023262,Series RC,-0.922511,,5.20830590482e-07,-3.055791,-106.798500,-155.206848,1000000,0.009026,10.000000,1,3.192003,0.028811,100.000000,-82.005371,0,100000,0,-0.922511,50.000000
599,103.196123,Series RC,-1.068873,,5.16889377715e-07,-3.079091,-109.143882,-1.909044,1000000,0.009003,10.000000,1,3.259338,0.029344,100.000000,68.947059,0,100000,0,-1.068873,50.000000
600,103.369119,Series RC,-1.050607,,5.34778303533e-07,-2.976092,-109.443817,146.387420,1000000,0.009003,10.000000,1,3.156089,0.028413,100.000000,-143.056396,0,100000,0,-1.050607,50.000000
601,103.542721,Series RC,-0.951296,,5.64411854628e-07,-2.819837,-108.642265,-63.675380,1000000,0.009014,10.000000,1,2.975978,0.026826,100.000000,7.682340,0,100000,0,-0.951296,50.000000
602,103.715933,Series RC,-1.011773,,5.10889958048e-07,-3.115249,-107.992805,101.192085,1000000,0.009013,10.000000,1,3.275433,0.029520,100.000000,173.199279,0,100000,0,-1.011773,50.000000
603,103.888611,Series RC,-0.977083,,5.56994510693e-07,-2.857388,-108.878105,42.515968,1000000,0.009007,10.000000,1,3.019827,0.027201,100.000000,113.637863,0,100000,0,-0.977083,50.000000
604,104.062255,Series RC,-1.074376,,5.20626482764e-07,-3.056989,-109.363967,-108.562850,1000000,0.008996,10.000000,1,3.240288,0.029151,100.000000,-37.926815,0,100000,0,-1.074376,50.000000
605,104.235555,Series RC,-0.875692,,5.60450907194e-07,-2.839766,-107.138076,-18.411252,1000000,0.009044,10.000000,1,2.971718,0.026875,100.000000,54.450668,0,100000,0,-0.875692,50.000000
606,104.408184,Series RC,-1.012652,,5.48993020061e-07,-2.899034,-109.254646,148.986862,1000000,0.009002,10.000000,1,3.070808,0.027642,100.000000,-140.267791,0,100000,0,-1.012652,50.000000
607,104.581675,Series RC,-1.028125,,5.43552125224e-07,-2.928053,-109.347663,-67.992797,1000000,0.008998,10.000000,1,3.103310,0.027924,100.000000,2.659529,0,100000,0,-1.028125,50.000000
608,104.753917,Series RC,-0.846779,,5.40706634201e-07,-2.943462,-106.049530,-87.352157,1000000,0.009034,10.000000,1,3.062842,0.027669,100.000000,-13.401695,0,100000,0,-0.846779,50.000000
609,104.926701,Series RC,-0.890722,,5.67134862698e-07,-2.806298,-107.609489,-55.428997,1000000,0.009048,10.000000,1,2.944264,0.026638,100.000000,16.961530,0,100000,0,-0.890722,50.000000
610,105.100086,Series RC,-0.902411,,5.71312574883e-07,-2.785777,-107.948966,120.614906,1000000,0.009027,10.000000,1,2.928293,0.026434,100.000000,-167.334075,0,100000,0,-0.902411,50.000000
611,105.272408,Series RC,-0.982238,,5.12291205062e-07,-3.106728,-107.545120,28.036186,1000000,0.009017,10.000000,1,3.258305,0.029379,100.000000,100.491043,0,100000,0,-0.982238,50.000000
612,105.443517,Series RC,-0.884652,,5.24801562887e-07,-3.032669,-106.262344,167.324310,1000000,0.009035,10.000000,1,3.159065,0.028543,100.000000,-118.938041,0,100000,0,-0.884652,50.000000
613,105.616929,Series RC,-0.889333,,5.7030187648e-07,-2.790714,-107.675827,-94.811408,1000000,0.009031,10.000000,1,2.928993,0.026451,100.000000,-22.487224,0,100000,0,-0.889333,50.000000
614,105.786583,Series RC,-1.034644,,5.11826616254e-07,-3.109548,-108.403892,-149.516586,1000000,0.009008,10.000000,1,3.277160,0.029519,100.000000,-77.920494,0,100000,0,-1.034644,50.000000
615,105.955347,Series RC,-0.962229,,5.62130906533e-07,-2.831279,-108.770675,7.579547,1000000,0.009014,10.000000,1,2.990322,0.026954,100.000000,78.808860,0,100000,0,-0.962229,50.000000
616,106.124692,Series RC,-0.856302,,5.4944655928e-07,-2.896641,-106.468673,163.228790,1000000,0.009040,10.000000,1,3.020560,0.027307,100.000000,-123.239883,0,100000,0,-0.856302,50.000000
617,106.297735,Series RC,-1.061124,,5.2932690298e-07,-3.006742,-109.438697,-70.673698,1000000,0.009004,10.000000,1,3.188492,0.028709,100.000000,-0.112401,0,100000,0,-1.061124,50.000000
618,106.466988,Series RC,-0.877283,,5.30111471809e-07,-3.002292,-106.288589,-84.972938,1000000,0.009034,10.000000,1,3.127840,0.028257,100.000000,-11.261545,0,100000,0,-0.877283,50.000000
619,106.636790,Series RC,-0.931716,,5.18281745332e-07,-3.070819,-106.878288,169.321929,1000000,0.009028,10.000000,1,3.209053,0.028971,100.000000,-117.556358,0,100000,0,-0.931716,50.000000
620,106.806198,Series RC,-0.883483,,5.66455430585e-07,-2.809664,-107.455451,88.264625,1000000,0.009048,10.000000,1,2.945293,0.026649,100.000000,160.809173,0,100000,0,-0.883483,50.000000
621,106.975342,Series RC,-0.991633,,5.55236532808e-07,-2.866435,-109.082878,-138.035858,1000000,0.009007,10.000000,1,3.033114,0.027320,100.000000,-67.118728,0,100000,0,-0.991633,50.000000
622,107.146511,Series RC,-0.981272,,5.56355091013e-07,-2.860672,-108.933074,-173.642349,1000000,0.009008,10.000000,1,3.024291,0.027243,100.000000,-102.575416,0,100000,0,-0.981272,50.000000
623,107.315994,Series RC,-0.876102,,5.65082377653e-07,-2.816491,-107.278907,16.256917,1000000,0.009051,10.000000,1,2.949606,0.026697,100.000000,88.978027,0,100000,0,-0.876102,50.000000
624,107.485655,Series RC,-0.853067,,5.31280635621e-07,-2.995685,-105.895111,-157.913238,1000000,0.009030,10.000000,1,3.114780,0.028127,100.000000,-83.808334,0,100000,0,-0.853067,50.000000
625,107.654978,Series RC,-0.891067,,5.70457434559e-07,-2.789953,-107.712654,-166.824874,1000000,0.009028,10.000000,1,2.928795,0.026441,100.000000,-94.537536,0,100000,0,-0.891067,50.000000
626,107.823870,Series RC,-1.045815,,5.11755684176e-07,-3.109979,-108.586616,-40.733070,1000000,0.009009,10.000000,1,3.281112,0.029558,100.000000,30.680315,0,100000,0,-1.045815,50.000000
627,107.993689,Series RC,-1.072766,,5.23719126431e-07,-3.038937,-109.443382,144.350997,1000000,0.008998,10.000000,1,3.222727,0.028997,100.000000,-145.092376,0,100000,0,-1.072766,50.000000
628,108.164480,Series RC,-0.910673,,5.19621571484e-07,-3.062901,-106.558456,-119.317520,1000000,0.009029,10.000000,1,3.195416,0.028851,100.000000,-45.875984,0,100000,0,-0.910673,50.000000
629,108.336076,Series RC,-0.887437,,5.69587115283e-07,-2.794216,-107.619735,85.523574,1000000,0.009031,10.000000,1,2.931755,0.026477,100.000000,157.903839,0,100000,0,-0.887437,50.000000
630,108.508615,Series RC,-0.953170,,5.14518717981e-07,-3.093278,-107.126281,134.480758,1000000,0.009018,10.000000,1,3.236804,0.029190,100.000000,-152.645523,0,100000,0,-0.953170,50.000000
631,108.681223,Series RC,-1.005047,,5.11628023074e-07,-3.110755,-107.905006,172.943984,1000000,0.009013,10.000000,1,3.269085,0.029465,100.000000,-114.961013,0,100000,0,-1.005047,50.000000
632,108.854985,Series RC,-0.880026,,5.26563390083e-07,-3.022522,-106.233230,23.190855,1000000,0.009034,10.000000,1,3.148029,0.028438,100.000000,96.957618,0,100000,0,-0.880026,50.000000
633,109.027586,Series RC,-1.009427,,5.12800584255e-07,-3.103642,-108.016571,-78.811172,1000000,0.009008,10.000000,1,3.263669,0.029400,100.000000,-6.827757,0,100000,0,-1.009427,50.000000
634,109.200586,Series RC,-1.005614,,5.50448206531e-07,-2.891370,-109.177597,-102.849540,1000000,0.009005,10.000000,1,3.061255,0.027565,100.000000,-32.027122,0,100000,0,-1.005614,50.000000
635,109.374483,Series RC,-1.045139,,5.3577150246e-07,-2.970575,-109.383430,-33.364433,1000000,0.009002,10.000000,1,3.149069,0.028348,100.000000,37.252128,0,100000,0,-1.045139,50.000000
636,109.547870,Series RC,-0.945460,,5.1714651572e-07,-3.077560,-107.077529,-117.907203,1000000,0.009021,10.000000,1,3.219514,0.029042,100.000000,-44.984741,0,100000,0,-0.945460,50.000000
637,109.721058,Series RC,-0.999357,,5.11823818096e-07,-3.109565,-107.816444,100.624710,1000000,0.009011,10.000000,1,3.266207,0.029431,100.000000,172.808288,0,100000,0,-0.999357,50.000000
638,109.893791,Series RC,-0.821566,,5.46452113507e-07,-2.912514,-105.752777,-16.340801,1000000,0.009039,10.000000,1,3.026170,0.027354,100.000000,57.906417,0,100000,0,-0.821566,50.000000
639,110.064978,Series RC,-1.049388,,5.11618155023e-07,-3.110815,-108.641067,67.525032,1000000,0.009009,10.000000,1,3.283045,0.029575,100.000000,138.883972,0,100000,0,-1.049388,50.000000
640,110.237965,Series RC,-1.060657,,5.27941179897e-07,-3.014634,-109.383697,37.158485,1000000,0.009001,10.000000,1,3.195780,0.028764,100.000000,107.774787,0,100000,0,-1.060657,50.000000
641,110.410182,Series RC,-0.889551,,5.70346838559e-07,-2.790494,-107.681198,121.956924,1000000,0.009032,10.000000,1,2.928849,0.026452,100.000000,-165.724273,0,100000,0,-0.889551,50.000000
642,110.583215,Series RC,-0.882029,,5.69006341969e-07,-2.797068,-107.502174,-20.371927,1000000,0.009049,10.000000,1,2.932843,0.026538,100.000000,52.125888,0,100000,0,-0.882029,50.000000
643,110.755851,Series RC,-0.998221,,5.12476946795e-07,-3.105602,-107.818740,-115.492813,1000000,0.009015,10.000000,1,3.262086,0.029408,100.000000,-43.311546,0,100000,0,-0.998221,50.000000
644,110.928826,Series RC,-1.010886,,5.48184462189e-07,-2.903310,-109.197288,-31.377382,1000000,0.009004,10.000000,1,3.074264,0.027681,100.000000,39.425319,0,100000,0,-1.010886,50.000000
645,111.098789,Series RC,-0.931296,,5.68867026832e-07,-2.797753,-108.411209,117.779022,1000000,0.009023,10.000000,1,2.948684,0.026607,100.000000,-170.632186,0,100000,0,-0.931296,50.000000
646,111.267768,Series RC,-1.074291,,5.23041172535e-07,-3.042876,-109.445640,108.073287,1000000,0.009001,10.000000,1,3.226948,0.029046,100.000000,178.627639,0,100000,0,-1.074291,50.000000
647,111.439408,Series RC,-0.891554,,5.69922433842e-07,-2.792572,-107.706153,-165.872772,1000000,0.009033,10.000000,1,2.931438,0.026481,100.000000,-93.578926,0,100000,0,-0.891554,50.000000
648,111.613228,Series RC,-1.067659,,5.1433298946e-07,-3.094395,-109.035964,33.038406,1000000,0.009001,10.000000,1,3.273404,0.029463,100.000000,104.002449,0,100000,0,-1.067659,50.000000
649,111.785772,Series RC,-1.073623,,5.23624875446e-07,-3.039484,-109.454513,-143.874053,1000000,0.008999,10.000000,1,3.223528,0.029010,100.000000,-73.328559,0,100000,0,-1.073623,50.000000
650,111.958578,Series RC,-1.066779,,5.23824445079e-07,-3.038326,-109.346542,-71.898216,1000000,0.009000,10.000000,1,3.220162,0.028982,100.000000,-1.244773,0,100000,0,-1.066779,50.000000
651,112.132679,Series RC,-1.024312,,5.42138480288e-07,-2.935688,-109.234741,3.860693,1000000,0.009001,10.000000,1,3.109257,0.027987,100.000000,74.625953,0,100000,0,-1.024312,50.000000
652,112.305951,Series RC,-0.885842,,5.69232442029e-07,-2.795957,-107.579742,50.448055,1000000,0.009037,10.000000,1,2.932932,0.026505,100.000000,122.868309,0,100000,0,-0.885842,50.000000
653,112.479147,Series RC,-0.977074,,5.5857519874e-07,-2.849302,-108.927711,-173.088302,1000000,0.009011,10.000000,1,3.012174,0.027141,100.000000,-102.016006,0,100000,0,-0.977074,50.000000
654,112.653230,Series RC,-0.843508,,5.4617457377e-07,-2.913994,-106.144035,-88.526542,1000000,0.009043,10.000000,1,3.033623,0.027433,100.000000,-14.670569,0,100000,0,-0.843508,50.000000
655,112.825181,Series RC,-0.948953,,5.15368090888e-07,-3.088180,-107.081428,-153.801010,1000000,0.009022,10.000000,1,3.230691,0.029147,100.000000,-80.882446,0,100000,0,-0.948953,50.000000
656,112.998193,Series RC,-0.935083,,5.1684741343e-07,-3.079341,-106.891609,-154.235855,1000000,0.009024,10.000000,1,3.218186,0.029042,100.000000,-81.127479,0,100000,0,-0.935083,50.000000
657,113.172612,Series RC,-0.986807,,5.56824777222e-07,-2.858259,-109.047111,-29.784160,1000000,0.009011,10.000000,1,3.023811,0.027246,100.000000,41.168746,0,100000,0,-0.986807,50.000000
658,113.345501,Series RC,-1.065950,,5.1704940809e-07,-3.078138,-109.100814,70.496276,1000000,0.009003,10.000000,1,3.257481,0.029326,100.000000,141.395446,0,100000,0,-1.065950,50.000000
659,113.518329,Series RC,-0.849114,,5.46998451996e-07,-2.909605,-106.268890,-52.453155,1000000,0.009043,10.000000,1,3.030973,0.027409,100.000000,21.277957,0,100000,0,-0.849114,50.000000
660,113.688995,Series RC,-1.011775,,5.48057420074e-07,-2.903983,-109.208816,76.711669,1000000,0.009005,10.000000,1,3.075192,0.027692,100.000000,147.502853,0,100000,0,-1.011775,50.000000
661,113.859802,Series RC,-0.886763,,5.69519854359e-07,-2.794546,-107.605232,87.170738,1000000,0.009046,10.000000,1,2.931866,0.026521,100.000000,159.565490,0,100000,0,-0.886763,50.000000
662,114.032325,Series RC,-0.888944,,5.69656431037e-07,-2.793876,-107.649818,-165.287841,1000000,0.009042,10.000000,1,2.931888,0.026510,100.000000,-92.937675,0,100000,0,-0.888944,50.000000
663,114.205256,Series RC,-0.893944,,5.72225415266e-07,-2.781333,-107.817832,-22.992351,1000000,0.009028,10.000000,1,2.921463,0.026375,100.000000,49.189815,0,100000,0,-0.893944,50.000000
664,114.378886,Series RC,-0.986265,,5.55074063699e-07,-2.867274,-108.981842,-30.086688,1000000,0.009007,10.000000,1,3.032157,0.027309,100.000000,40.931476,0,100000,0,-0.986265,50.000000
665,114.552144,Series RC,-0.891750,,5.26434329702e-07,-3.023263,-106.434097,59.561954,1000000,0.009034,10.000000,1,3.152037,0.028474,100.000000,133.127853,0,100000,0,-0.891750,50.000000
666,114.723818,Series RC,-1.060329,,5.14662637532e-07,-3.092413,-108.925857,-2.536159,1000000,0.009002,10.000000,1,3.269146,0.029428,100.000000,68.537971,0,100000,0,-1.060329,50.000000
667,114.895611,Series RC,-0.933669,,5.1796312273e-07,-3.072708,-106.901855,25.583440,1000000,0.009025,10.000000,1,3.211429,0.028982,100.000000,98.681587,0,100000,0,-0.933669,50.000000
668,115.066791,Series RC,-0.968411,,5.60110079739e-07,-2.841494,-108.819633,-172.878463,1000000,0.009008,10.000000,1,3.001984,0.027041,100.000000,-101.698081,0,100000,0,-0.968411,50.000000
669,115.237049,Series RC,-1.054680,,5.32441608348e-07,-2.989153,-109.434646,-70.111770,1000000,0.009003,10.000000,1,3.169761,0.028539,100.000000,0.453572,0,100000,0,-1.054680,50.000000
670,115.407816,Series RC,-0.926294,,5.17616608397e-07,-3.074765,-106.765281,25.480022,1000000,0.009024,10.000000,1,3.211262,0.028977,100.000000,98.714744,0,100000,0,-0.926294,50.000000
671,115.579766,Series RC,-0.944175,,5.65487144465e-07,-2.814475,-108.545112,44.667644,1000000,0.009018,10.000000,1,2.968626,0.026770,100.000000,116.122528,0,100000,0,-0.944175,50.000000
672,115.750938,Series RC,-0.850486,,5.31281167667e-07,-2.995682,-105.849449,165.808456,1000000,0.009030,10.000000,1,3.114071,0.028121,100.000000,-120.040992,0,100000,0,-0.850486,50.000000
673,115.920151,Series RC,-0.908228,,5.71460887623e-07,-2.785054,-108.061538,82.900062,1000000,0.009026,10.000000,1,2.929403,0.026442,100.000000,154.838546,0,100000,0,-0.908228,50.000000
674,116.092946,Series RC,-0.890900,,5.72240228774e-07,-2.781261,-107.761428,12.375159,1000000,0.009028,10.000000,1,2.920465,0.026365,100.000000,84.613739,0,100000,0,-0.890900,50.000000
675,116.262265,Series RC,-1.055416,,5.30880838188e-07,-2.997941,-109.394462,73.606513,1000000,0.009004,10.000000,1,3.178294,0.028618,100.000000,144.212066,0,100000,0,-1.055416,50.000000
676,116.432561,Series RC,-0.834596,,5.37999512188e-07,-2.958273,-105.754959,56.770706,1000000,0.009038,10.000000,1,3.073749,0.027782,100.000000,131.015731,0,100000,0,-0.834596,50.000000
677,116.605153,Series RC,-0.996112,,5.53170467113e-07,-2.877141,-109.096672,-102.494354,1000000,0.009006,10.000000,1,3.044697,0.027422,100.000000,-31.591033,0,100000,0,-0.996112,50.000000
678,116.776306,Series RC,-1.063312,,5.29109046908e-07,-3.007980,-109.468338,-143.011154,1000000,0.009004,10.000000,1,3.190388,0.028726,100.000000,-72.479476,0,100000,0,-1.063312,50.000000
679,116.947039,Series RC,-1.027542,,5.41914197002e-07,-2.936903,-109.283538,-104.209442,1000000,0.009000,10.000000,1,3.111469,0.028004,100.000000,-33.492984,0,100000,0,-1.027542,50.000000
680,117.119841,Series RC,-0.997398,,5.52097221221e-07,-2.882734,-109.085128,113.568740,1000000,0.009003,10.000000,1,3.050403,0.027463,100.000000,-175.516387,0,100000,0,-0.997398,50.000000
681,117.292353,Series RC,-1.063545,,5.13473603443e-07,-3.099574,-108.938438,176.521347,1000000,0.009002,10.000000,1,3.276963,0.029499,100.000000,-112.417098,0,100000,0,-1.063545,50.000000
682,117.465275,Series RC,-0.935167,,5.18740716873e-07,-3.068102,-106.951393,-10.253632,1000000,0.009021,10.000000,1,3.207458,0.028933,100.000000,62.794967,0,100000,0,-0.935167,50.000000
683,117.635867,Series RC,-0.939554,,5.67389210464e-07,-2.805040,-108.518371,-63.241615,1000000,0.009014,10.000000,1,2.958211,0.026665,100.000000,8.240007,0,100000,0,-0.939554,50.000000
684,117.807689,Series RC,-0.879728,,5.27519463063e-07,-3.017044,-106.255950,130.786422,1000000,0.009032,10.000000,1,3.142686,0.028384,100.000000,-155.469543,0,100000,0,-0.879728,50.000000
685,117.978815,Series RC,-1.029290,,5.11917984672e-07,-3.108993,-108.318077,-41.638111,1000000,0.009008,10.000000,1,3.274947,0.029500,100.000000,30.043792,0,100000,0,-1.029290,50.000000
686,118.150926,Series RC,-0.944649,,5.66293181287e-07,-2.810469,-108.578422,-27.658872,1000000,0.009015,10.000000,1,2.964978,0.026729,100.000000,43.762710,0,100000,0,-0.944649,50.000000
687,118.322709,Series RC,-0.972390,,5.13085260393e-07,-3.101920,-107.405158,-8.748503,1000000,0.009019,10.000000,1,3.250762,0.029320,100.000000,63.846332,0,100000,0,-0.972390,50.000000
688,118.496195,Series RC,-0.955838,,5.16360957679e-07,-3.082242,-107.229240,-117.711067,1000000,0.009018,10.000000,1,3.227049,0.029102,100.000000,-44.940307,0,100000,0,-0.955838,50.000000
689,118.668893,Series RC,-0.950617,,5.65725135053e-07,-2.813291,-108.670219,-63.537353,1000000,0.009012,10.000000,1,2.969559,0.026761,100.000000,7.792424,0,100000,0,-0.950617,50.000000
690,118.841684,Series RC,-0.961716,,5.13888252204e-07,-3.097073,-107.250823,-9.117789,1000000,0.009020,10.000000,1,3.242955,0.029253,100.000000,63.631381,0,100000,0,-0.961716,50.000000
691,119.014850,Series RC,-0.880644,,5.63935881231e-07,-2.822217,-107.329994,52.730365,1000000,0.009050,10.000000,1,2.956424,0.026756,100.000000,125.400352,0,100000,0,-0.880644,50.000000
692,119.186785,Series RC,-1.022507,,5.1127137047e-07,-3.112925,-108.183868,173.539443,1000000,0.009014,10.000000,1,3.276556,0.029535,100.000000,-114.644416,0,100000,0,-1.022507,50.000000
693,119.357045,Series RC,-0.890792,,5.27471209855e-07,-3.017320,-106.447982,23.416076,1000000,0.009034,10.000000,1,3.146065,0.028422,100.000000,96.968078,0,100000,0,-0.890792,50.000000
694,119.530004,Series RC,-0.886528,,5.6543671779e-07,-2.814726,-107.482368,-127.488204,1000000,0.009052,10.000000,1,2.951036,0.026713,100.000000,-54.970573,0,100000,0,-0.886528,50.000000
695,119.703352,Series RC,-0.842461,,5.4707084061e-07,-2.909220,-106.150123,-88.642211,1000000,0.009037,10.000000,1,3.028746,0.027370,100.000000,-14.792345,0,100000,0,-0.842461,50.000000
696,119.877186,Series RC,-1.067932,,5.22144756051e-07,-3.048100,-109.308403,-36.373046,1000000,0.008997,10.000000,1,3.229766,0.029059,100.000000,34.318550,0,100000,0,-1.067932,50.000000
697,120.046676,Series RC,-0.843137,,5.41330823273e-07,-2.940068,-106.001548,-159.471817,1000000,0.009037,10.000000,1,3.058575,0.027641,100.000000,-85.473373,0,100000,0,-0.843137,50.000000
698,120.218972,Series RC,-0.851873,,5.47237124912e-07,-2.908336,-106.325691,19.504159,1000000,0.009039,10.000000,1,3.030529,0.027391,100.000000,93.178459,0,100000,0,-0.851873,50.000000
699,120.393306,Series RC,-0.843733,,5.32870342901e-07,-2.986748,-105.774574,-14.309830,1000000,0.009030,10.000000,1,3.103635,0.028025,100.000000,59.915611,0,100000,0,-0.843733,50.000000
700,120.565847,Series RC,-1.031276,,5.40870909668e-07,-2.942568,-109.313926,39.573230,1000000,0.009000,10.000000,1,3.118050,0.028062,100.000000,110.259315,0,100000,0,-1.031276,50.000000
701,120.738748,Series RC,-0.908755,,5.69827754071e-07,-2.793036,-108.023040,11.139231,1000000,0.009024,10.000000,1,2.937156,0.026505,100.000000,83.116188,0,100000,0,-0.908755,50.000000
702,120.910407,Series RC,-0.917812,,5.70610417993e-07,-2.789205,-108.214233,-97.429237,1000000,0.009021,10.000000,1,2.936332,0.026489,100.000000,-25.643472,0,100000,0,-0.917812,50.000000
703,121.081531,Series RC,-0.984679,,5.56322030689e-07,-2.860842,-108.993041,-137.539947,1000000,0.009010,10.000000,1,3.025560,0.027260,100.000000,-66.532997,0,100000,0,-0.984679,50.000000
704,121.252647,Series RC,-0.934177,,5.16163350628e-07,-3.083422,-106.855117,-154.269760,1000000,0.009023,10.000000,1,3.221828,0.029072,100.000000,-81.124870,0,100000,0,-0.934177,50.000000
705,121.424682,Series RC,-1.061704,,5.1366567452e-07,-3.098415,-108.914550,68.665061,1000000,0.009003,10.000000,1,3.275269,0.029486,100.000000,139.750503,0,100000,0,-1.061704,50.000000
706,121.597980,Series RC,-1.051750,,5.11292229987e-07,-3.112798,-108.669044,67.594528,1000000,0.009006,10.000000,1,3.285680,0.029590,100.000000,138.925491,0,100000,0,-1.051750,50.000000
707,121.771033,Series RC,-0.932079,,5.17309395665e-07,-3.076591,-106.854621,-46.419002,1000000,0.009025,10.000000,1,3.214683,0.029013,100.000000,26.726379,0,100000,0,-0.932079,50.000000
708,121.942910,Series RC,-1.030863,,5.43846331849e-07,-2.926469,-109.405059,-175.984985,1000000,0.009005,10.000000,1,3.102724,0.027941,100.000000,-105.390045,0,100000,0,-1.030863,50.000000
709,122.115804,Series RC,-1.073067,,5.19630054129e-07,-3.062851,-109.307861,-72.759910,1000000,0.009003,10.000000,1,3.245386,0.029218,100.000000,-2.067770,0,100000,0,-1.073067,50.000000
710,122.285416,Series RC,-0.891352,,5.68886343834e-07,-2.797658,-107.672203,158.159896,1000000,0.009030,10.000000,1,2.936222,0.026513,100.000000,-129.512313,0,100000,0,-0.891352,50.000000
711,122.454315,Series RC,-0.912516,,5.70128021708e-07,-2.791565,-108.101699,-133.422851,1000000,0.009026,10.000000,1,2.936923,0.026509,100.000000,-61.524562,0,100000,0,-0.912516,50.000000
712,122.624145,Series RC,-1.074872,,5.18225380148e-07,-3.071153,-109.289520,-73.201141,1000000,0.009002,10.000000,1,3.253818,0.029291,100.000000,-2.490675,0,100000,0,-1.074872,50.000000
713,122.796990,Series RC,-1.037805,,5.11758646143e-07,-3.109961,-108.454025,-149.295913,1000000,0.009005,10.000000,1,3.278551,0.029524,100.000000,-77.749923,0,100000,0,-1.037805,50.000000
714,122.969561,Series RC,-1.036176,,5.39997207953e-07,-2.947329,-109.369865,147.284744,1000000,0.009003,10.000000,1,3.124165,0.028127,100.000000,-142.085128,0,100000,0,-1.036176,50.000000
715,123.138998,Series RC,-0.872975,,5.61811433812e-07,-2.832889,-107.127059,16.909317,1000000,0.009048,10.000000,1,2.964346,0.026822,100.000000,89.782249,0,100000,0,-0.872975,50.000000
716,123.309704,Series RC,-0.942075,,5.17081997242e-07,-3.077944,-107.017929,169.842987,1000000,0.009025,10.000000,1,3.218889,0.029051,100.000000,-117.174949,0,100000,0,-0.942075,50.000000
717,123.482352,Series RC,-1.067693,,5.15468574695e-07,-3.087578,-109.075523,69.539794,1000000,0.009004,10.000000,1,3.266972,0.029415,100.000000,140.464294,0,100000,0,-1.067693,50.000000
718,123.654596,Series RC,-0.946127,,5.65939779662e-07,-2.812224,-108.594665,116.636383,1000000,0.009014,10.000000,1,2.967113,0.026745,100.000000,-171.958297,0,100000,0,-0.946127,50.000000
719,123.823791,Series RC,-1.013927,,5.48684707916e-07,-2.900663,-109.267082,148.872268,1000000,0.009007,10.000000,1,3.072767,0.027676,100.000000,-140.394805,0,100000,0,-1.013927,50.000000
720,123.994403,Series RC,-0.889925,,5.69096475544e-07,-2.796625,-107.651779,-58.091308,1000000,0.009032,10.000000,1,2.934805,0.026508,100.000000,14.256918,0,100000,0,-0.889925,50.000000
721,124.166982,Series RC,-1.063152,,5.2438812772e-07,-3.035060,-109.304847,36.196647,1000000,0.009002,10.000000,1,3.215880,0.028949,100.000000,106.891792,0,100000,0,-1.063152,50.000000
722,124.338419,Series RC,-0.911393,,5.72070330985e-07,-2.782087,-108.138442,-96.820098,1000000,0.009024,10.000000,1,2.927567,0.026419,100.000000,-24.958536,0,100000,0,-0.911393,50.000000
723,124.508930,Series RC,-1.013217,,5.11266607511e-07,-3.112954,-108.029251,29.564880,1000000,0.009008,10.000000,1,3.273697,0.029491,100.000000,101.535644,0,100000,0,-1.013217,50.000000
724,124.679782,Series RC,-1.072958,,5.20430873597e-07,-3.058138,-109.333595,35.506271,1000000,0.009001,10.000000,1,3.240902,0.029171,100.000000,106.172660,0,100000,0,-1.072958,50.000000
725,124.850043,Series RC,-0.963141,,5.14451693927e-07,-3.093681,-107.292686,26.857883,1000000,0.009015,10.000000,1,3.240139,0.029211,100.000000,99.565216,0,100000,0,-0.963141,50.000000
726,125.022575,Series RC,-1.018275,,5.11506179317e-07,-3.111496,-108.121322,65.524925,1000000,0.009008,10.000000,1,3.273881,0.029491,100.000000,137.403625,0,100000,0,-1.018275,50.000000
727,125.195852,Series RC,-1.002286,,5.1209587621e-07,-3.107913,-107.874244,172.823379,1000000,0.009012,10.000000,1,3.265532,0.029430,100.000000,-115.050872,0,100000,0,-1.002286,50.000000
728,125.368377,Series RC,-1.078343,,5.17770351637e-07,-3.073852,-109.331466,70.544967,1000000,0.008999,10.000000,1,3.257512,0.029316,100.000000,141.213485,0,100000,0,-1.078343,50.000000
729,125.540690,Series RC,-0.876560,,5.58369041501e-07,-2.850354,-107.094062,-162.286224,1000000,0.009045,10.000000,1,2.982093,0.026972,100.000000,-89.380264,0,100000,0,-0.876560,50.000000
730,125.713885,Series RC,-0.963003,,5.60682503944e-07,-2.838593,-108.739700,-172.557785,1000000,0.009012,10.000000,1,2.997496,0.027013,100.000000,-101.297485,0,100000,0,-0.963003,50.000000
731,125.886587,Series RC,-0.855845,,5.34475874249e-07,-2.977776,-106.035209,21.556600,1000000,0.009028,10.000000,1,3.098325,0.027972,100.000000,95.521377,0,100000,0,-0.855845,50.000000
732,126.059842,Series RC,-1.019587,,5.44762749215e-07,-2.921546,-109.238403,76.201240,1000000,0.009005,10.000000,1,3.094348,0.027865,100.000000,146.962829,0,100000,0,-1.019587,50.000000
733,126.233723,Series RC,-1.073880,,5.16557710157e-07,-3.081068,-109.215568,-109.865547,1000000,0.009000,10.000000,1,3.262851,0.029365,100.000000,-39.081111,0,100000,0,-1.073880,50.000000
734,126.406427,Series RC,-0.858733,,5.54624912677e-07,-2.869596,-106.659927,18.230012,1000000,0.009043,10.000000,1,2.995330,0.027087,100.000000,91.570068,0,100000,0,-0.858733,50.000000
735,126.577227,Series RC,-1.012423,,5.12503350866e-07,-3.105442,-108.056793,-78.740455,1000000,0.009013,10.000000,1,3.266308,0.029438,100.000000,-6.797256,0,100000,0,-1.012423,50.000000
736,126.749128,Series RC,-1.066858,,5.24985059392e-07,-3.031609,-109.387557,108.466636,1000000,0.009002,10.000000,1,3.213851,0.028930,100.000000,179.079071,0,100000,0,-1.066858,50.000000
737,126.920048,Series RC,-0.886288,,5.71985831048e-07,-2.782498,-107.667846,-23.099540,1000000,0.009032,10.000000,1,2.920240,0.026375,100.000000,49.232620,0,100000,0,-0.886288,50.000000
738,127.093354,Series RC,-0.870823,,5.55194502478e-07,-2.866652,-106.897583,125.967216,1000000,0.009042,10.000000,1,2.996002,0.027091,100.000000,-160.930358,0,100000,0,-0.870823,50.000000
739,127.263947,Series RC,-1.059599,,5.28907364468e-07,-3.009127,-109.398620,109.366592,1000000,0.009004,10.000000,1,3.190234,0.028726,100.000000,179.967956,0,100000,0,-1.059599,50.000000
740,127.433333,Series RC,-0.850583,,5.50681706835e-07,-2.890144,-106.399398,-16.988740,1000000,0.009040,10.000000,1,3.012710,0.027234,100.000000,56.611873,0,100000,0,-0.850583,50.000000
741,127.604901,Series RC,-0.909637,,5.70556209932e-07,-2.789470,-108.060974,119.156951,1000000,0.009023,10.000000,1,2.934038,0.026475,100.000000,-168.904052,0,100000,0,-0.909637,50.000000
742,127.776715,Series RC,-1.022225,,5.46414966848e-07,-2.912712,-109.338676,-175.609100,1000000,0.009003,10.000000,1,3.086881,0.027791,100.000000,-104.947784,0,100000,0,-1.022225,50.000000
743,127.947948,Series RC,-0.911232,,5.71308268194e-07,-2.785798,-108.112876,-24.983140,1000000,0.009026,10.000000,1,2.931043,0.026456,100.000000,46.903987,0,100000,0,-0.911232,50.000000
744,128.120382,Series RC,-0.910840,,5.71750555268e-07,-2.783643,-108.118698,-96.815414,1000000,0.009024,10.000000,1,2.928873,0.026430,100.000000,-24.934108,0,100000,0,-0.910840,50.000000
745,128.292978,Series RC,-0.876902,,5.64300989089e-07,-2.820391,-107.271263,16.532735,1000000,0.009050,10.000000,1,2.953567,0.026730,100.000000,89.261459,0,100000,0,-0.876902,50.000000
746,128.465648,Series RC,-0.894477,,5.70042052832e-07,-2.791986,-107.764060,157.159378,1000000,0.009029,10.000000,1,2.931770,0.026472,100.000000,-130.604660,0,100000,0,-0.894477,50.000000
747,128.638887,Series RC,-0.864393,,5.54759658991e-07,-2.868899,-106.767433,18.167930,1000000,0.009041,10.000000,1,2.996290,0.027091,100.000000,91.400497,0,100000,0,-0.864393,50.000000
748,128.810649,Series RC,-0.887509,,5.26214846012e-07,-3.024524,-106.353668,59.573406,1000000,0.009032,10.000000,1,3.152050,0.028469,100.000000,133.219741,0,100000,0,-0.887509,50.000000
749,128.982040,Series RC,-0.885542,,5.65356977624e-07,-2.815123,-107.461791,-127.687156,1000000,0.009051,10.000000,1,2.951118,0.026710,100.000000,-55.148941,0,100000,0,-0.885542,50.000000
750,129.154808,Series RC,-0.947249,,5.15803190951e-07,-3.085575,-107.066101,-81.950485,1000000,0.009026,10.000000,1,3.227701,0.029132,100.000000,-9.016585,0,100000,0,-0.947249,50.000000
751,129.325413,Series RC,-1.068218,,5.24592775354e-07,-3.033876,-109.397010,36.321247,1000000,0.008999,10.000000,1,3.216441,0.028943,100.000000,106.924247,0,100000,0,-1.068218,50.000000
752,129.498307,Series RC,-1.070026,,5.15053872968e-07,-3.090064,-109.099922,-146.268066,1000000,0.009000,10.000000,1,3.270084,0.029432,100.000000,-75.367980,0,100000,0,-1.070026,50.000000
753,129.669326,Series RC,-1.032856,,5.40679632016e-07,-2.943609,-109.334983,-32.607734,1000000,0.009006,10.000000,1,3.119555,0.028095,100.000000,38.057277,0,100000,0,-1.032856,50.000000
754,129.842393,Series RC,-1.070704,,5.24116663105e-07,-3.036632,-109.422439,-143.872436,1000000,0.008998,10.000000,1,3.219867,0.028974,100.000000,-73.294883,0,100000,0,-1.070704,50.000000
755,130.015315,Series RC,-0.844107,,5.45089816613e-07,-2.919793,-106.124481,163.705520,1000000,0.009041,10.000000,1,3.039360,0.027479,100.000000,-122.418975,0,100000,0,-0.844107,50.000000
756,130.186519,Series RC,-0.889387,,5.63769879548e-07,-2.823048,-107.486770,-18.690843,1000000,0.009044,10.000000,1,2.959832,0.026767,100.000000,53.822387,0,100000,0,-0.889387,50.000000
757,130.359789,Series RC,-1.066928,,5.16203529639e-07,-3.083182,-109.088066,-74.281539,1000000,0.009001,10.000000,1,3.262567,0.029365,100.000000,-3.369613,0,100000,0,-1.066928,50.000000
758,130.532782,Series RC,-0.869787,,5.26671250175e-07,-3.021903,-106.057258,94.633735,1000000,0.009033,10.000000,1,3.144587,0.028406,100.000000,168.576477,0,100000,0,-0.869787,50.000000
759,130.705537,Series RC,-0.907364,,5.22104503251e-07,-3.048335,-106.576110,-83.538490,1000000,0.009031,10.000000,1,3.180511,0.028723,100.000000,-10.114590,0,100000,0,-0.907364,50.000000
760,130.877913,Series RC,-0.961083,,5.14981876993e-07,-3.090496,-107.274642,-117.191757,1000000,0.009018,10.000000,1,3.236486,0.029187,100.000000,-44.466407,0,100000,0,-0.961083,50.000000
761,131.050545,Series RC,-0.896676,,5.23772039017e-07,-3.038630,-106.440917,167.960464,1000000,0.009031,10.000000,1,3.168170,0.028613,100.000000,-118.480445,0,100000,0,-0.896676,50.000000
762,131.222876,Series RC,-0.983744,,5.13258170974e-07,-3.100875,-107.601486,-8.125539,1000000,0.009017,10.000000,1,3.253180,0.029333,100.000000,64.272964,0,100000,0,-0.983744,50.000000
763,131.396791,Series RC,-1.049951,,5.11816082173e-07,-3.109612,-108.657089,139.697158,1000000,0.009008,10.000000,1,3.282085,0.029566,100.000000,-148.959930,0,100000,0,-1.049951,50.000000
764,131.569245,Series RC,-0.874332,,5.28937949818e-07,-3.008953,-106.202629,95.069564,1000000,0.009032,10.000000,1,3.133409,0.028302,100.000000,168.866928,0,100000,0,-0.874332,50.000000
765,131.742431,Series RC,-0.864819,,5.5878523579e-07,-2.848231,-106.890052,17.641378,1000000,0.009047,10.000000,1,2.976631,0.026931,100.000000,90.751319,0,100000,0,-0.864819,50.000000
766,131.913400,Series RC,-1.061662,,5.13743936192e-07,-3.097943,-108.916542,105.099456,1000000,0.009005,10.000000,1,3.274809,0.029488,100.000000,176.182907,0,100000,0,-1.061662,50.000000
767,132.086274,Series RC,-1.015532,,5.11508152033e-07,-3.111484,-108.075744,-150.477676,1000000,0.009014,10.000000,1,3.273016,0.029503,100.000000,-78.553421,0,100000,0,-1.015532,50.000000
768,132.256389,Series RC,-1.006984,,5.12052050708e-07,-3.108179,-107.951217,-42.896625,1000000,0.009012,10.000000,1,3.267230,0.029444,100.000000,29.152145,0,100000,0,-1.006984,50.000000
769,132.428283,Series RC,-0.908978,,5.72562406435e-07,-2.779696,-108.108070,-132.973236,1000000,0.009027,10.000000,1,2.924543,0.026401,100.000000,-61.081302,0,100000,0,-0.908978,50.000000
770,132.600793,Series RC,-1.070257,,5.20721872132e-07,-3.056429,-109.298500,143.162078,1000000,0.009000,10.000000,1,3.238396,0.029147,100.000000,-146.136398,0,100000,0,-1.070257,50.000000
771,132.773538,Series RC,-0.904410,,5.72411462734e-07,-2.780429,-108.018508,11.574149,1000000,0.009026,10.000000,1,2.923824,0.026390,100.000000,83.555641,0,100000,0,-0.904410,50.000000
772,132.944357,Series RC,-0.884764,,5.67436142124e-07,-2.804808,-107.507637,51.473735,1000000,0.009049,10.000000,1,2.941046,0.026615,100.000000,123.966094,0,100000,0,-0.884764,50.000000
773,133.117270,Series RC,-1.069668,,5.18361251206e-07,-3.070348,-109.207641,-73.603202,1000000,0.009006,10.000000,1,3.251343,0.029282,100.000000,-2.810839,0,100000,0,-1.069668,50.000000
774,133.290019,Series RC,-1.053070,,5.32335645318e-07,-2.989748,-109.403633,109.865219,1000000,0.009001,10.000000,1,3.169786,0.028531,100.000000,-179.538406,0,100000,0,-1.053070,50.000000
775,133.462723,Series RC,-0.904811,,5.72283439217e-07,-2.781051,-108.022224,-96.529998,1000000,0.009028,10.000000,1,2.924539,0.026404,100.000000,-24.552219,0,100000,0,-0.904811,50.000000
776,133.636345,Series RC,-0.885281,,5.71467864116e-07,-2.785020,-107.634025,-58.557189,1000000,0.009028,10.000000,1,2.922338,0.026382,100.000000,13.808787,0,100000,0,-0.885281,50.000000
777,133.808806,Series RC,-0.996140,,5.53162007629e-07,-2.877185,-109.096900,149.646591,1000000,0.009006,10.000000,1,3.044747,0.027420,100.000000,-139.450302,0,100000,0,-0.996140,50.000000
778,133.982247,Series RC,-0.951285,,5.63857163073e-07,-2.822611,-108.625007,8.121139,1000000,0.009013,10.000000,1,2.978603,0.026847,100.000000,79.496131,0,100000,0,-0.951285,50.000000
779,134.153480,Series RC,-1.016990,,5.45424753571e-07,-2.918000,-109.214614,40.324115,1000000,0.009000,10.000000,1,3.090145,0.027810,100.000000,111.109504,0,100000,0,-1.016990,50.000000
780,134.325636,Series RC,-1.022437,,5.44334219695e-07,-2.923846,-109.274177,76.071342,1000000,0.008997,10.000000,1,3.097459,0.027868,100.000000,146.797164,0,100000,0,-1.022437,50.000000
781,134.498928,Series RC,-0.930329,,5.20197322683e-07,-3.059511,-106.913337,133.298446,1000000,0.009024,10.000000,1,3.197830,0.028858,100.000000,-153.614898,0,100000,0,-0.930329,50.000000
782,134.672133,Series RC,-0.850183,,5.32221359394e-07,-2.990390,-105.870712,-122.099494,1000000,0.009031,10.000000,1,3.108898,0.028076,100.000000,-47.970199,0,100000,0,-0.850183,50.000000
783,134.846395,Series RC,-0.917065,,5.69970193766e-07,-2.792338,-108.181304,154.434509,1000000,0.009023,10.000000,1,2.939075,0.026520,100.000000,-133.746810,0,100000,0,-0.917065,50.000000
784,135.018740,Series RC,-0.972688,,5.59567151745e-07,-2.844251,-108.879852,78.757461,1000000,0.009009,10.000000,1,3.005975,0.027080,100.000000,149.877593,0,100000,0,-0.972688,50.000000
785,135.190041,Series RC,-0.873389,,5.59343355485e-07,-2.845389,-107.063812,-90.214523,1000000,0.009045,10.000000,1,2.976415,0.026923,100.000000,-17.278331,0,100000,0,-0.873389,50.000000
786,135.363064,Series RC,-0.922239,,5.1771662374e-07,-3.074171,-106.699035,132.995559,1000000,0.009028,10.000000,1,3.209525,0.028977,100.000000,-153.703506,0,100000,0,-0.922239,50.000000
787,135.535681,Series RC,-1.026694,,5.43022280083e-07,-2.930910,-109.305290,75.857681,1000000,0.009007,10.000000,1,3.105533,0.027973,100.000000,146.552398,0,100000,0,-1.026694,50.000000
788,135.707690,Series RC,-0.924037,,5.69265832957e-07,-2.795793,-108.289230,45.782539,1000000,0.009018,10.000000,1,2.944538,0.026555,100.000000,117.493316,0,100000,0,-0.924037,50.000000
789,135.879854,Series RC,-1.066321,,5.14604061711e-07,-3.092765,-109.023124,69.576019,1000000,0.009003,10.000000,1,3.271427,0.029451,100.000000,140.552886,0,100000,0,-1.066321,50.000000
790,136.052759,Series RC,-0.884822,,5.70008162492e-07,-2.792152,-107.583190,122.126304,1000000,0.009032,10.000000,1,2.928997,0.026455,100.000000,-165.456863,0,100000,0,-0.884822,50.000000
791,136.226182,Series RC,-1.069426,,5.2187355507e-07,-3.049684,-109.324111,35.676090,1000000,0.009001,10.000000,1,3.231756,0.029090,100.000000,106.351974,0,100000,0,-1.069426,50.000000
792,136.398830,Series RC,-0.888360,,5.70934039497e-07,-2.787624,-107.676025,157.542144,1000000,0.009029,10.000000,1,2.925753,0.026417,100.000000,-130.133865,0,100000,0,-0.888360,50.000000
793,136.572366,Series RC,-0.863284,,5.58000611071e-07,-2.852236,-106.839454,-126.426567,1000000,0.009046,10.000000,1,2.980018,0.026958,100.000000,-53.266025,0,100000,0,-0.863284,50.000000
794,136.745226,Series RC,-0.905829,,5.72153827459e-07,-2.781681,-108.037361,83.347335,1000000,0.009028,10.000000,1,2.925453,0.026412,100.000000,155.309967,0,100000,0,-0.905829,50.000000
795,136.915833,Series RC,-1.037485,,5.12634256213e-07,-3.104649,-108.478157,-77.349151,1000000,0.009008,10.000000,1,3.273411,0.029486,100.000000,-5.827312,0,100000,0,-1.037485,50.000000
796,137.088803,Series RC,-0.892094,,5.71585874714e-07,-2.784445,-107.764671,-166.977798,1000000,0.009031,10.000000,1,2.923861,0.026406,100.000000,-94.742477,0,100000,0,-0.892094,50.000000
797,137.259302,Series RC,-1.052000,,5.34048316506e-07,-2.980160,-109.443092,38.104915,1000000,0.009004,10.000000,1,3.160389,0.028456,100.000000,108.661819,0,100000,0,-1.052000,50.000000
798,137.430072,Series RC,-0.896104,,5.71107361591e-07,-2.786778,-107.825477,156.730575,1000000,0.009032,10.000000,1,2.927308,0.026439,100.000000,-131.094909,0,100000,0,-0.896104,50.000000
799,137.602265,Series RC,-0.876391,,5.26830768914e-07,-3.020988,-106.177490,167.010787,1000000,0.009032,10.000000,1,3.145542,0.028412,100.000000,-119.166717,0,100000,0,-0.876391,50.000000
800,137.773132,Series RC,-0.885610,,5.70149671164e-07,-2.791459,-107.602005,-164.554687,1000000,0.009050,10.000000,1,2.928574,0.026504,100.000000,-92.156700,0,100000,0,-0.885610,50.000000
801,137.944110,Series RC,-1.036179,,5.39280321477e-07,-2.951247,-109.346107,-68.723823,1000000,0.009004,10.000000,1,3.127863,0.028163,100.000000,1.930054,0,100000,0,-1.036179,50.000000
802,138.116151,Series RC,-0.883236,,5.62933370396e-07,-2.827243,-107.348907,-163.127822,1000000,0.009046,10.000000,1,2.961994,0.026795,100.000000,-90.476737,0,100000,0,-0.883236,50.000000
803,138.288928,Series RC,-0.902910,,5.22882909379e-07,-3.043797,-106.522430,-47.955356,1000000,0.009035,10.000000,1,3.174893,0.028686,100.000000,25.522207,0,100000,0,-0.902910,50.000000
804,138.462086,Series RC,-1.061882,,5.14665966104e-07,-3.092393,-108.951705,-38.814025,1000000,0.009004,10.000000,1,3.269631,0.029441,100.000000,32.234264,0,100000,0,-1.061882,50.000000
805,138.632870,Series RC,-0.932138,,5.18462736805e-07,-3.069747,-106.891067,-10.278350,1000000,0.009023,10.000000,1,3.208150,0.028947,100.000000,62.830596,0,100000,0,-0.932138,50.000000
806,138.805875,Series RC,-0.904722,,5.73337941119e-07,-2.775936,-108.051620,-60.672084,1000000,0.009028,10.000000,1,2.919648,0.026359,100.000000,11.276299,0,100000,0,-0.904722,50.000000
807,138.976631,Series RC,-1.061041,,5.12992317415e-07,-3.102482,-108.880561,-147.629058,1000000,0.009006,10.000000,1,3.278903,0.029529,100.000000,-76.509605,0,100000,0,-1.061041,50.000000
808,139.147027,Series RC,-1.049434,,5.13028366032e-07,-3.102264,-108.689643,-147.755310,1000000,0.009007,10.000000,1,3.274959,0.029496,100.000000,-76.444938,0,100000,0,-1.049434,50.000000
809,139.316221,Series RC,-1.003199,,5.12273891425e-07,-3.106833,-107.895301,172.951446,1000000,0.009013,10.000000,1,3.264785,0.029425,100.000000,-114.943847,0,100000,0,-1.003199,50.000000
810,139.485912,Series RC,-0.998593,,5.12533883965e-07,-3.105257,-107.826828,100.369247,1000000,0.009013,10.000000,1,3.261872,0.029401,100.000000,172.542434,0,100000,0,-0.998593,50.000000
811,139.658840,Series RC,-0.981384,,5.56578059063e-07,-2.859526,-108.942115,-29.677957,1000000,0.009007,10.000000,1,3.023244,0.027229,100.000000,41.379928,0,100000,0,-0.981384,50.000000
812,139.829642,Series RC,-0.918687,,5.2097192401e-07,-3.054962,-106.737060,-82.865112,1000000,0.009027,10.000000,1,3.190106,0.028797,100.000000,-9.602166,0,100000,0,-0.918687,50.000000
813,140.002589,Series RC,-1.067738,,5.19626491384e-07,-3.062872,-109.218902,-37.055446,1000000,0.009002,10.000000,1,3.243647,0.029199,100.000000,33.725669,0,100000,0,-1.067738,50.000000
814,140.175882,Series RC,-1.056519,,5.30318491403e-07,-3.001120,-109.394187,37.433704,1000000,0.009003,10.000000,1,3.181659,0.028644,100.000000,108.039512,0,100000,0,-1.056519,50.000000
815,140.348800,Series RC,-0.846449,,5.3538292934e-07,-2.972731,-105.893669,-86.630783,1000000,0.009034,10.000000,1,3.090890,0.027923,100.000000,-12.524453,0,100000,0,-0.846449,50.000000
816,140.521085,Series RC,-0.923147,,5.70936702043e-07,-2.787611,-108.322837,-133.917373,1000000,0.009027,10.000000,1,2.936491,0.026507,100.000000,-62.240207,0,100000,0,-0.923147,50.000000
817,140.693927,Series RC,-0.886524,,5.71022940998e-07,-2.787190,-107.644348,-57.652481,1000000,0.009030,10.000000,1,2.924783,0.026411,100.000000,14.703173,0,100000,0,-0.886524,50.000000
818,140.866179,Series RC,-0.931476,,5.68034593863e-07,-2.801853,-108.389389,-26.934167,1000000,0.009022,10.000000,1,2.952631,0.026640,100.000000,44.676448,0,100000,0,-0.931476,50.000000
819,141.039584,Series RC,-0.891216,,5.72168020169e-07,-2.781612,-107.765220,-130.606384,1000000,0.009035,10.000000,1,2.920896,0.026391,100.000000,-58.371589,0,100000,0,-0.891216,50.000000
820,141.212422,Series RC,-1.008778,,5.50758123099e-07,-2.889743,-109.243545,5.048219,1000000,0.009003,10.000000,1,3.060760,0.027557,100.000000,75.804672,0,100000,0,-1.008778,50.000000
821,141.385181,Series RC,-0.901985,,5.72254425771e-07,-2.781192,-107.968704,-96.288368,1000000,0.009029,10.000000,1,2.923800,0.026399,100.000000,-24.257066,0,100000,0,-0.901985,50.000000
822,141.554768,Series RC,-0.942956,,5.65862714172e-07,-2.812607,-108.534271,-99.262512,1000000,0.009022,10.000000,1,2.966467,0.026765,100.000000,-27.796777,0,100000,0,-0.942956,50.000000
823,141.727590,Series RC,-0.960665,,5.61322214309e-07,-2.835358,-108.717208,-64.831024,1000000,0.009013,10.000000,1,2.993682,0.026981,100.000000,6.451772,0,100000,0,-0.960665,50.000000
824,141.900092,Series RC,-1.073130,,5.17156262098e-07,-3.077502,-109.223739,-145.948043,1000000,0.009003,10.000000,1,3.259237,0.029343,100.000000,-75.171768,0,100000,0,-1.073130,50.000000
825,142.074170,Series RC,-0.867437,,5.57714346609e-07,-2.853700,-106.907646,89.797668,1000000,0.009047,10.000000,1,2.982625,0.026983,100.000000,162.890014,0,100000,0,-0.867437,50.000000
826,142.246207,Series RC,-0.937779,,5.15841809185e-07,-3.085344,-106.906440,25.775579,1000000,0.009023,10.000000,1,3.224714,0.029095,100.000000,98.869140,0,100000,0,-0.937779,50.000000
827,142.415859,Series RC,-1.031484,,5.11353011514e-07,-3.112428,-108.335624,-113.962837,1000000,0.009009,10.000000,1,3.278897,0.029538,100.000000,-42.298465,0,100000,0,-1.031484,50.000000
828,142.587519,Series RC,-0.933927,,5.17920141218e-07,-3.072963,-106.904945,-82.490196,1000000,0.009026,10.000000,1,3.211748,0.028988,100.000000,-9.395153,0,100000,0,-0.933927,50.000000
829,142.760992,Series RC,-0.953021,,5.15006206714e-07,-3.090350,-107.139030,-153.758590,1000000,0.009023,10.000000,1,3.233962,0.029181,100.000000,-80.897605,0,100000,0,-0.953021,50.000000
830,142.931559,Series RC,-0.960130,,5.13923929001e-07,-3.096858,-107.225196,-117.302078,1000000,0.009021,10.000000,1,3.242280,0.029248,100.000000,-44.527286,0,100000,0,-0.960130,50.000000
831,143.104312,Series RC,-0.985301,,5.12790175264e-07,-3.103705,-107.612541,135.740509,1000000,0.009017,10.000000,1,3.256349,0.029362,100.000000,-151.872009,0,100000,0,-0.985301,50.000000
832,143.277073,Series RC,-0.883345,,5.62283031704e-07,-2.830513,-107.332077,53.440082,1000000,0.009046,10.000000,1,2.965147,0.026821,100.000000,126.108024,0,100000,0,-0.883345,50.000000
833,143.449265,Series RC,-0.892208,,5.71855326684e-07,-2.783133,-107.774642,49.046478,1000000,0.009029,10.000000,1,2.922647,0.026387,100.000000,121.271835,0,100000,0,-0.892208,50.000000
834,143.621577,Series RC,-1.026516,,5.44620141703e-07,-2.922311,-109.354774,-103.769950,1000000,0.009004,10.000000,1,3.097360,0.027890,100.000000,-33.124717,0,100000,0,-1.026516,50.000000
835,143.791243,Series RC,-0.894887,,5.71083590161e-07,-2.786894,-107.802101,-130.976379,1000000,0.009032,10.000000,1,2.927046,0.026438,100.000000,-58.778461,0,100000,0,-0.894887,50.000000
836,143.960875,Series RC,-1.036164,,5.10808300841e-07,-3.115747,-108.394905,30.365505,1000000,0.009010,10.000000,1,3.283522,0.029585,100.000000,101.970581,0,100000,0,-1.036164,50.000000
837,144.130579,Series RC,-0.892187,,5.67897983113e-07,-2.802527,-107.658912,86.882278,1000000,0.009044,10.000000,1,2.941115,0.026598,100.000000,159.223373,0,100000,0,-0.892187,50.000000
838,144.302974,Series RC,-1.069314,,5.17858125571e-07,-3.073331,-109.184471,-1.401833,1000000,0.009003,10.000000,1,3.254043,0.029296,100.000000,69.413696,0,100000,0,-1.069314,50.000000
839,144.474384,Series RC,-1.024172,,5.44583430026e-07,-2.922508,-109.312652,148.185485,1000000,0.009002,10.000000,1,3.096770,0.027877,100.000000,-141.127151,0,100000,0,-1.024172,50.000000
840,144.647672,Series RC,-1.074485,,5.19237597872e-07,-3.065166,-109.317962,-108.786949,1000000,0.009001,10.000000,1,3.248040,0.029235,100.000000,-38.104927,0,100000,0,-1.074485,50.000000
841,144.816740,Series RC,-0.890475,,5.7123895995e-07,-2.786136,-107.724357,121.403579,1000000,0.009027,10.000000,1,2.924979,0.026404,100.000000,-166.320770,0,100000,0,-0.890475,50.000000
842,144.989640,Series RC,-0.856754,,5.32534961991e-07,-2.988629,-105.996078,165.732254,1000000,0.009029,10.000000,1,3.109008,0.028070,100.000000,-120.263809,0,100000,0,-0.856754,50.000000
843,145.164671,Series RC,-1.076649,,5.19596125209e-07,-3.063051,-109.366348,-72.802970,1000000,0.008997,10.000000,1,3.246761,0.029211,100.000000,-2.169330,0,100000,0,-1.076649,50.000000
844,145.339841,Series RC,-1.062748,,5.28252387241e-07,-3.012858,-109.429656,73.321136,1000000,0.008997,10.000000,1,3.194800,0.028742,100.000000,143.891479,0,100000,0,-1.062748,50.000000
845,145.513748,Series RC,-0.974387,,5.12485032752e-07,-3.105553,-107.419586,27.582250,1000000,0.009017,10.000000,1,3.254826,0.029350,100.000000,100.162658,0,100000,0,-0.974387,50.000000
846,145.687807,Series RC,-0.921408,,5.70111479363e-07,-2.791646,-108.265922,-133.579574,1000000,0.009019,10.000000,1,2.939776,0.026513,100.000000,-61.845500,0,100000,0,-0.921408,50.000000
847,145.863419,Series RC,-1.063462,,5.28348487015e-07,-3.012310,-109.445007,1.178910,1000000,0.008997,10.000000,1,3.194520,0.028742,100.000000,71.733886,0,100000,0,-1.063462,50.000000
848,146.038024,Series RC,-1.028684,,5.44514865126e-07,-2.922876,-109.389137,-139.874404,1000000,0.009001,10.000000,1,3.098612,0.027890,100.000000,-69.263549,0,100000,0,-1.028684,50.000000
849,146.213532,Series RC,-0.885468,,5.25570160998e-07,-3.028234,-106.299133,-120.488601,1000000,0.009034,10.000000,1,3.155037,0.028503,100.000000,-46.787738,0,100000,0,-0.885468,50.000000
850,146.387808,Series RC,-0.943787,,5.65852856133e-07,-2.812656,-108.549179,116.762817,1000000,0.009014,10.000000,1,2.966777,0.026744,100.000000,-171.786346,0,100000,0,-0.943787,50.000000
851,146.562470,Series RC,-0.913518,,5.7153086545e-07,-2.784713,-108.161941,46.814876,1000000,0.009024,10.000000,1,2.930724,0.026448,100.000000,118.652923,0,100000,0,-0.913518,50.000000
852,146.736570,Series RC,-1.038207,,5.11185486611e-07,-3.113448,-108.441421,174.353286,1000000,0.009009,10.000000,1,3.281986,0.029567,100.000000,-114.088157,0,100000,0,-1.038207,50.000000
853,146.911415,Series RC,-1.072726,,5.16712166958e-07,-3.080147,-109.201744,-109.401008,1000000,0.008995,10.000000,1,3.261602,0.029339,100.000000,-38.602760,0,100000,0,-1.072726,50.000000
854,147.085499,Series RC,-0.897091,,5.64893043112e-07,-2.817435,-107.661834,-90.748291,1000000,0.009044,10.000000,1,2.956808,0.026741,100.000000,-18.410137,0,100000,0,-0.897091,50.000000
855,147.261282,Series RC,-1.031447,,5.42469614096e-07,-2.933896,-109.369743,-140.327575,1000000,0.009000,10.000000,1,3.109924,0.027989,100.000000,-69.697311,0,100000,0,-1.031447,50.000000
856,147.435042,Series RC,-0.896780,,5.71818549598e-07,-2.783312,-107.858879,12.158713,1000000,0.009024,10.000000,1,2.924216,0.026388,100.000000,84.299842,0,100000,0,-0.896780,50.000000
857,147.611654,Series RC,-0.883535,,5.68911762942e-07,-2.797533,-107.527503,15.526180,1000000,0.009044,10.000000,1,2.933739,0.026534,100.000000,87.998680,0,100000,0,-0.883535,50.000000
858,147.785999,Series RC,-1.034131,,5.11796825678e-07,-3.109729,-108.394393,-77.770553,1000000,0.009009,10.000000,1,3.277170,0.029524,100.000000,-6.164941,0,100000,0,-1.034131,50.000000
859,147.962733,Series RC,-1.001469,,5.52610776849e-07,-2.880055,-109.173866,149.768386,1000000,0.009003,10.000000,1,3.049206,0.027451,100.000000,-139.405487,0,100000,0,-1.001469,50.000000
860,148.136367,Series RC,-0.990979,,5.55179202694e-07,-2.866731,-109.069374,6.059493,1000000,0.009006,10.000000,1,3.033181,0.027316,100.000000,76.990119,0,100000,0,-0.990979,50.000000
861,148.310537,Series RC,-0.888637,,5.23039453637e-07,-3.042886,-106.279792,-12.415353,1000000,0.009036,10.000000,1,3.169990,0.028643,100.000000,61.304851,0,100000,0,-0.888637,50.000000
862,148.483265,Series RC,-1.004278,,5.5191361595e-07,-2.883693,-109.201240,149.534179,1000000,0.009004,10.000000,1,3.053565,0.027496,100.000000,-139.667068,0,100000,0,-1.004278,50.000000
863,148.657080,Series RC,-0.913436,,5.70186029611e-07,-2.791281,-108.120483,118.846466,1000000,0.009026,10.000000,1,2.936940,0.026508,100.000000,-169.274002,0,100000,0,-0.913436,50.000000
864,148.831433,Series RC,-0.892052,,5.68536401246e-07,-2.799380,-107.675041,15.855985,1000000,0.009048,10.000000,1,2.938075,0.026582,100.000000,88.180946,0,100000,0,-0.892052,50.000000
865,149.005565,Series RC,-1.070605,,5.14305731744e-07,-3.094559,-109.083763,177.510620,1000000,0.008998,10.000000,1,3.274522,0.029465,100.000000,-111.573143,0,100000,0,-1.070605,50.000000
866,149.179984,Series RC,-1.004406,,5.51602589148e-07,-2.885319,-109.193466,5.410061,1000000,0.009004,10.000000,1,3.055143,0.027507,100.000000,76.216606,0,100000,0,-1.004406,50.000000
867,149.353871,Series RC,-0.921089,,5.18532668472e-07,-3.069333,-106.704185,97.085113,1000000,0.009027,10.000000,1,3.204561,0.028926,100.000000,170.380905,0,100000,0,-0.921089,50.000000
868,149.528939,Series RC,-1.004367,,5.51636429305e-07,-2.885142,-109.193878,-138.611389,1000000,0.009004,10.000000,1,3.054963,0.027506,100.000000,-67.805274,0,100000,0,-1.004367,50.000000
869,149.702907,Series RC,-0.891186,,5.7059466591e-07,-2.789282,-107.718887,85.371200,1000000,0.009029,10.000000,1,2.928191,0.026438,100.000000,157.652328,0,100000,0,-0.891186,50.000000
870,149.879495,Series RC,-0.850279,,5.4438393179e-07,-2.923579,-106.216270,-160.160095,1000000,0.009041,10.000000,1,3.044715,0.027527,100.000000,-86.376358,0,100000,0,-0.850279,50.000000
871,150.055265,Series RC,-1.048031,,5.33613749044e-07,-2.982587,-109.360618,-177.768417,1000000,0.008999,10.000000,1,3.161359,0.028449,100.000000,-107.129020,0,100000,0,-1.048031,50.000000
872,150.229355,Series RC,-0.896438,,5.72215540021e-07,-2.781381,-107.864105,120.336280,1000000,0.009026,10.000000,1,2.922274,0.026377,100.000000,-167.527832,0,100000,0,-0.896438,50.000000
873,150.404273,Series RC,-1.003101,,5.12287412451e-07,-3.106751,-107.894119,-79.188423,1000000,0.009012,10.000000,1,3.264677,0.029420,100.000000,-7.082547,0,100000,0,-1.003101,50.000000
874,150.577984,Series RC,-0.915837,,5.70168054069e-07,-2.791369,-108.164459,82.504119,1000000,0.009020,10.000000,1,2.937771,0.026500,100.000000,154.339645,0,100000,0,-0.915837,50.000000
875,150.752932,Series RC,-1.002761,,5.52740898784e-07,-2.879377,-109.200981,-102.405410,1000000,0.009004,10.000000,1,3.048990,0.027453,100.000000,-31.606380,0,100000,0,-1.002761,50.000000
876,150.926700,Series RC,-1.073050,,5.15751708966e-07,-3.085883,-109.174034,177.876937,1000000,0.009004,10.000000,1,3.267125,0.029417,100.000000,-111.297103,0,100000,0,-1.073050,50.000000
877,151.100743,Series RC,-0.907304,,5.20834510643e-07,-3.055768,-106.536956,-155.430160,1000000,0.009028,10.000000,1,3.187619,0.028777,100.000000,-81.967117,0,100000,0,-0.907304,50.000000
878,151.274758,Series RC,-1.050397,,5.3584040866e-07,-2.970193,-109.475936,38.495212,1000000,0.009001,10.000000,1,3.150457,0.028357,100.000000,109.019279,0,100000,0,-1.050397,50.000000
879,151.449127,Series RC,-0.867775,,5.29618596912e-07,-3.005086,-106.107063,-13.326011,1000000,0.009030,10.000000,1,3.127871,0.028245,100.000000,60.566932,0,100000,0,-0.867775,50.000000
880,151.622990,Series RC,-0.862278,,5.55078516293e-07,-2.867251,-106.737777,161.989791,1000000,0.009045,10.000000,1,2.994103,0.027081,100.000000,-124.747962,0,100000,0,-0.862278,50.000000
881,151.796784,Series RC,-1.071461,,5.18133770698e-07,-3.071696,-109.229652,142.670333,1000000,0.009000,10.000000,1,3.253205,0.029279,100.000000,-146.559310,0,100000,0,-1.071461,50.000000
882,151.971450,Series RC,-0.846269,,5.38742719132e-07,-2.954192,-105.985084,-50.876499,1000000,0.009031,10.000000,1,3.073015,0.027753,100.000000,23.138416,0,100000,0,-0.846269,50.000000
883,152.147598,Series RC,-0.928371,,5.69359103978e-07,-2.795335,-108.372070,-62.499870,1000000,0.009021,10.000000,1,2.945466,0.026571,100.000000,9.128072,0,100000,0,-0.928371,50.000000
884,152.321930,Series RC,-1.060440,,5.27260991856e-07,-3.018523,-109.356925,72.958740,1000000,0.009001,10.000000,1,3.199377,0.028797,100.000000,143.601821,0,100000,0,-1.060440,50.000000
885,152.496516,Series RC,-1.068060,,5.17546755286e-07,-3.075180,-109.152954,-1.688378,1000000,0.009001,10.000000,1,3.255378,0.029303,100.000000,69.158683,0,100000,0,-1.068060,50.000000
886,152.670196,Series RC,-1.069525,,5.19002239294e-07,-3.066556,-109.227264,107.120628,1000000,0.008999,10.000000,1,3.247715,0.029225,100.000000,177.893371,0,100000,0,-1.069525,50.000000
887,152.844396,Series RC,-0.840139,,5.45443632874e-07,-2.917899,-106.062477,19.670415,1000000,0.009038,10.000000,1,3.036440,0.027444,100.000000,93.607933,0,100000,0,-0.840139,50.000000
888,153.018391,Series RC,-0.894728,,5.69507015443e-07,-2.794609,-107.753089,-164.654251,1000000,0.009046,10.000000,1,2.934344,0.026545,100.000000,-92.407356,0,100000,0,-0.894728,50.000000
889,153.192760,Series RC,-0.840503,,5.49490379787e-07,-2.896410,-106.182083,19.298782,1000000,0.009038,10.000000,1,3.015898,0.027257,100.000000,93.116691,0,100000,0,-0.840503,50.000000
890,153.367745,Series RC,-0.851927,,5.55954547951e-07,-2.862733,-106.572593,18.351188,1000000,0.009043,10.000000,1,2.986807,0.027010,100.000000,91.778610,0,100000,0,-0.851927,50.000000
891,153.542495,Series RC,-0.881635,,5.69934883307e-07,-2.792511,-107.521621,13.959753,1000000,0.009029,10.000000,1,2.928378,0.026441,100.000000,86.438133,0,100000,0,-0.881635,50.000000
892,153.716179,Series RC,-0.904399,,5.2203651581e-07,-3.048732,-106.522865,-47.697498,1000000,0.009029,10.000000,1,3.180048,0.028714,100.000000,25.779645,0,100000,0,-0.904399,50.000000
893,153.891884,Series RC,-1.041513,,5.38378781235e-07,-2.956189,-109.408180,-69.208946,1000000,0.009004,10.000000,1,3.134294,0.028221,100.000000,1.382858,0,100000,0,-1.041513,50.000000
894,154.065964,Series RC,-0.841562,,5.51859840248e-07,-2.883974,-106.267578,90.734420,1000000,0.009039,10.000000,1,3.004252,0.027157,100.000000,164.466857,0,100000,0,-0.841562,50.000000
895,154.240204,Series RC,-0.882987,,5.69609946845e-07,-2.794104,-107.537475,-21.626464,1000000,0.009033,10.000000,1,2.930305,0.026470,100.000000,50.836063,0,100000,0,-0.882987,50.000000
896,154.416258,Series RC,-0.884360,,5.67019692739e-07,-2.806868,-107.488082,15.856129,1000000,0.009052,10.000000,1,2.942889,0.026640,100.000000,88.368057,0,100000,0,-0.884360,50.000000
897,154.589969,Series RC,-1.064509,,5.2793470031e-07,-3.014671,-109.448616,72.955818,1000000,0.009005,10.000000,1,3.197096,0.028789,100.000000,143.507202,0,100000,0,-1.064509,50.000000
898,154.764850,Series RC,-1.035460,,5.39970642971e-07,-2.947474,-109.356590,111.392013,1000000,0.009006,10.000000,1,3.124065,0.028134,100.000000,-177.964599,0,100000,0,-1.035460,50.000000
899,154.939202,Series RC,-0.889214,,5.71226248428e-07,-2.786198,-107.700469,13.101252,1000000,0.009031,10.000000,1,2.924654,0.026414,100.000000,85.400794,0,100000,0,-0.889214,50.000000
900,155.114536,Series RC,-0.833945,,5.43849862775e-07,-2.926450,-105.905868,127.998329,1000000,0.009036,10.000000,1,3.042955,0.027497,100.000000,-157.907546,0,100000,0,-0.833945,50.000000
901,155.288033,Series RC,-1.069831,,5.19068084328e-07,-3.066167,-109.234634,70.978118,1000000,0.009001,10.000000,1,3.247448,0.029231,100.000000,141.743499,0,100000,0,-1.069831,50.000000
902,155.465306,Series RC,-1.023814,,5.11115881102e-07,-3.113872,-108.200408,101.884376,1000000,0.009013,10.000000,1,3.277864,0.029543,100.000000,173.683959,0,100000,0,-1.023814,50.000000
903,155.639273,Series RC,-0.987394,,5.11994397002e-07,-3.108529,-107.621948,-7.781803,1000000,0.009019,10.000000,1,3.261579,0.029415,100.000000,64.596237,0,100000,0,-0.987394,50.000000
904,155.814861,Series RC,-0.932582,,5.17105853762e-07,-3.077802,-106.856941,-10.283970,1000000,0.009022,10.000000,1,3.215987,0.029015,100.000000,62.859096,0,100000,0,-0.932582,50.000000
905,155.989364,Series RC,-0.958995,,5.62077900525e-07,-2.831546,-108.710342,115.713783,1000000,0.009015,10.000000,1,2.989536,0.026951,100.000000,-172.996536,0,100000,0,-0.958995,50.000000
906,156.164341,Series RC,-0.904278,,5.19434006162e-07,-3.064007,-106.442871,-47.544872,1000000,0.009031,10.000000,1,3.194661,0.028850,100.000000,26.012266,0,100000,0,-0.904278,50.000000
907,156.340331,Series RC,-0.926795,,5.68288126135e-07,-2.800603,-108.310760,-62.356544,1000000,0.009025,10.000000,1,2.949971,0.026623,100.000000,9.332682,0,100000,0,-0.926795,50.000000
908,156.515069,Series RC,-0.878372,,5.28640508024e-07,-3.010646,-106.264869,22.908922,1000000,0.009034,10.000000,1,3.136165,0.028334,100.000000,96.644058,0,100000,0,-0.878372,50.000000
909,156.689693,Series RC,-1.006786,,5.11954211812e-07,-3.108773,-107.944717,-115.081909,1000000,0.009014,10.000000,1,3.267735,0.029457,100.000000,-43.026641,0,100000,0,-1.006786,50.000000
910,156.863712,Series RC,-1.034871,,5.11275148051e-07,-3.112902,-108.389167,30.933891,1000000,0.009005,10.000000,1,3.280414,0.029539,100.000000,102.544708,0,100000,0,-1.034871,50.000000
911,157.038758,Series RC,-0.995636,,5.12194758275e-07,-3.107313,-107.766342,64.553451,1000000,0.009015,10.000000,1,3.262925,0.029415,100.000000,136.787109,0,100000,0,-0.995636,50.000000
912,157.212931,Series RC,-0.828260,,5.47749215027e-07,-2.905617,-105.910446,-16.506437,1000000,0.009037,10.000000,1,3.021362,0.027303,100.000000,57.583118,0,100000,0,-0.828260,50.000000
913,157.386915,Series RC,-0.955806,,5.1580369245e-07,-3.085572,-107.211212,-45.350025,1000000,0.009021,10.000000,1,3.230220,0.029139,100.000000,27.438772,0,100000,0,-0.955806,50.000000
914,157.562263,Series RC,-1.029376,,5.11566847293e-07,-3.111127,-108.307785,-5.620706,1000000,0.009009,10.000000,1,3.276999,0.029522,100.000000,66.071517,0,100000,0,-1.029376,50.000000
915,157.736107,Series RC,-1.061519,,5.13333328254e-07,-3.100421,-108.900123,68.726348,1000000,0.009006,10.000000,1,3.277107,0.029512,100.000000,139.826232,0,100000,0,-1.061519,50.000000
916,157.910707,Series RC,-0.911466,,5.23361944734e-07,-3.041011,-106.684768,-119.485687,1000000,0.009027,10.000000,1,3.174668,0.028657,100.000000,-46.170444,0,100000,0,-0.911466,50.000000
917,158.084553,Series RC,-0.942297,,5.6549457864e-07,-2.814438,-108.510971,-27.686569,1000000,0.009016,10.000000,1,2.967994,0.026759,100.000000,43.802463,0,100000,0,-0.942297,50.000000
918,158.259749,Series RC,-0.994393,,5.54050511169e-07,-2.872571,-109.094223,149.862136,1000000,0.009004,10.000000,1,3.039816,0.027370,100.000000,-139.232086,0,100000,0,-0.994393,50.000000
919,158.431296,Series RC,-0.943160,,5.66400598063e-07,-2.809936,-108.554405,-27.373483,1000000,0.009017,10.000000,1,2.963999,0.026726,100.000000,44.072090,0,100000,0,-0.943160,50.000000
920,158.605793,Series RC,-0.898910,,5.23129711076e-07,-3.042361,-106.460540,-11.872284,1000000,0.009029,10.000000,1,3.172380,0.028644,100.000000,61.667171,0,100000,0,-0.898910,50.000000
921,158.781472,Series RC,-0.942005,,5.16229649351e-07,-3.083026,-106.990295,-45.819725,1000000,0.009022,10.000000,1,3.223728,0.029084,100.000000,27.189973,0,100000,0,-0.942005,50.000000
922,158.954547,Series RC,-1.057479,,5.31577505674e-07,-2.994012,-109.453109,145.737213,1000000,0.009003,10.000000,1,3.175274,0.028588,100.000000,-143.715896,0,100000,0,-1.057479,50.000000
923,159.126944,Series RC,-1.063770,,5.14590085361e-07,-3.092849,-108.980400,141.250000,1000000,0.009001,10.000000,1,3.270676,0.029440,100.000000,-147.730407,0,100000,0,-1.063770,50.000000
924,159.300757,Series RC,-0.995490,,5.11991761715e-07,-3.108545,-107.757293,-7.732299,1000000,0.009018,10.000000,1,3.264054,0.029437,100.000000,64.510398,0,100000,0,-0.995490,50.000000
925,159.474913,Series RC,-0.983130,,5.12884863073e-07,-3.103132,-107.579162,27.969606,1000000,0.009019,10.000000,1,3.255146,0.029357,100.000000,100.390434,0,100000,0,-0.983130,50.000000
926,159.648761,Series RC,-1.038800,,5.11104391449e-07,-3.113942,-108.448509,66.825370,1000000,0.009004,10.000000,1,3.282643,0.029558,100.000000,138.376861,0,100000,0,-1.038800,50.000000
927,159.823605,Series RC,-0.920973,,5.70966401355e-07,-2.787466,-108.283439,-133.862823,1000000,0.009022,10.000000,1,2.935670,0.026486,100.000000,-62.146263,0,100000,0,-0.920973,50.000000
928,159.997754,Series RC,-1.058792,,5.31270704283e-07,-2.995741,-109.465065,73.541778,1000000,0.009006,10.000000,1,3.177343,0.028614,100.000000,144.076721,0,100000,0,-1.058792,50.000000
929,160.171925,Series RC,-1.068763,,5.25327293963e-07,-3.029634,-109.431289,-107.590568,1000000,0.008999,10.000000,1,3.212621,0.028911,100.000000,-37.021869,0,100000,0,-1.068763,50.000000
930,160.347013,Series RC,-0.849818,,5.36928114565e-07,-2.964176,-105.997406,93.017967,1000000,0.009037,10.000000,1,3.083590,0.027867,100.000000,167.020584,0,100000,0,-0.849818,50.000000
931,160.520829,Series RC,-0.898504,,5.71757949638e-07,-2.783607,-107.889251,11.703463,1000000,0.009029,10.000000,1,2.925027,0.026410,100.000000,83.814208,0,100000,0,-0.898504,50.000000
932,160.696175,Series RC,-0.885851,,5.71538664627e-07,-2.784675,-107.646728,85.234169,1000000,0.009031,10.000000,1,2.922182,0.026391,100.000000,157.587448,0,100000,0,-0.885851,50.000000
933,160.870649,Series RC,-1.056604,,5.30217787619e-07,-3.001690,-109.392227,73.501899,1000000,0.009003,10.000000,1,3.182225,0.028650,100.000000,144.109680,0,100000,0,-1.056604,50.000000
934,161.046365,Series RC,-0.838035,,5.46257056131e-07,-2.913554,-106.047004,163.613998,1000000,0.009039,10.000000,1,3.031682,0.027403,100.000000,-122.433006,0,100000,0,-0.838035,50.000000
935,161.220212,Series RC,-0.881289,,5.29558153235e-07,-3.005429,-106.342842,58.859279,1000000,0.009028,10.000000,1,3.131976,0.028277,100.000000,132.516433,0,100000,0,-0.881289,50.000000
936,161.394709,Series RC,-0.947464,,5.17011616537e-07,-3.078363,-107.107406,170.171310,1000000,0.009025,10.000000,1,3.220870,0.029067,100.000000,-116.936088,0,100000,0,-0.947464,50.000000
937,161.570106,Series RC,-0.827301,,5.4321262348e-07,-2.929883,-105.767906,-159.839294,1000000,0.009036,10.000000,1,3.044445,0.027511,100.000000,-85.607200,0,100000,0,-0.827301,50.000000
938,161.745208,Series RC,-1.023811,,5.44127462701e-07,-2.924957,-109.291366,147.924896,1000000,0.009004,10.000000,1,3.098962,0.027904,100.000000,-141.366470,0,100000,0,-1.023811,50.000000
939,161.919881,Series RC,-0.894875,,5.72063134154e-07,-2.782122,-107.830490,-131.819869,1000000,0.009027,10.000000,1,2.922500,0.026382,100.000000,-59.650356,0,100000,0,-0.894875,50.000000
940,162.096578,Series RC,-0.891423,,5.67566661039e-07,-2.804163,-107.635070,123.927742,1000000,0.009047,10.000000,1,2.942442,0.026619,100.000000,-163.707336,0,100000,0,-0.891423,50.000000
941,162.269808,Series RC,-0.943942,,5.65760529135e-07,-2.813115,-108.549201,152.574859,1000000,0.009018,10.000000,1,2.967262,0.026758,100.000000,-135.974319,0,100000,0,-0.943942,50.000000
942,162.444583,Series RC,-0.846429,,5.36601719338e-07,-2.965979,-105.927635,129.389999,1000000,0.009034,10.000000,1,3.084392,0.027864,100.000000,-156.537643,0,100000,0,-0.846429,50.000000
943,162.619029,Series RC,-0.848626,,5.53049367347e-07,-2.877771,-106.430259,126.666183,1000000,0.009039,10.000000,1,3.000289,0.027120,100.000000,-159.764083,0,100000,0,-0.848626,50.000000
944,162.795281,Series RC,-1.071385,,5.17647080359e-07,-3.074584,-109.211662,106.548866,1000000,0.008998,10.000000,1,3.255907,0.029297,100.000000,177.337203,0,100000,0,-1.071385,50.000000
945,162.968507,Series RC,-0.946834,,5.16651614253e-07,-3.080508,-107.085479,62.345512,1000000,0.009024,10.000000,1,3.222736,0.029082,100.000000,135.260040,0,100000,0,-0.946834,50.000000
946,163.142510,Series RC,-0.965813,,5.14877085501e-07,-3.091125,-107.351257,-44.942672,1000000,0.009022,10.000000,1,3.238495,0.029217,100.000000,27.706077,0,100000,0,-0.965813,50.000000
947,163.316565,Series RC,-1.029232,,5.42202199511e-07,-2.935343,-109.322402,147.715179,1000000,0.009003,10.000000,1,3.110556,0.028003,100.000000,-141.607223,0,100000,0,-1.029232,50.000000
948,163.490936,Series RC,-1.047682,,5.35108780527e-07,-2.974254,-109.404815,-33.621688,1000000,0.009003,10.000000,1,3.153383,0.028389,100.000000,36.973491,0,100000,0,-1.047682,50.000000
949,163.666567,Series RC,-1.012037,,5.46954652087e-07,-2.909838,-109.177597,-31.584247,1000000,0.009004,10.000000,1,3.080807,0.027739,100.000000,39.238143,0,100000,0,-1.012037,50.000000
950,163.840836,Series RC,-0.875081,,5.59945534426e-07,-2.842329,-107.112281,-126.399040,1000000,0.009048,10.000000,1,2.973987,0.026909,100.000000,-53.511325,0,100000,0,-0.875081,50.000000
951,164.016657,Series RC,-0.893438,,5.23731362593e-07,-3.038866,-106.383529,59.883007,1000000,0.009034,10.000000,1,3.167481,0.028616,100.000000,133.499465,0,100000,0,-0.893438,50.000000
952,164.190926,Series RC,-1.061879,,5.13309487438e-07,-3.100565,-108.905265,-111.510505,1000000,0.009006,10.000000,1,3.277361,0.029516,100.000000,-40.415752,0,100000,0,-1.061879,50.000000
953,164.366024,Series RC,-1.017081,,5.46197816278e-07,-2.913870,-109.241439,40.419303,1000000,0.009004,10.000000,1,3.086274,0.027788,100.000000,111.177864,0,100000,0,-1.017081,50.000000
954,164.540400,Series RC,-0.888082,,5.64542587826e-07,-2.819184,-107.485160,-163.361755,1000000,0.009050,10.000000,1,2.955755,0.026751,100.000000,-90.846916,0,100000,0,-0.888082,50.000000
955,164.715691,Series RC,-0.984160,,5.56996460013e-07,-2.857378,-109.005111,-65.555809,1000000,0.009011,10.000000,1,3.022115,0.027232,100.000000,5.439064,0,100000,0,-0.984160,50.000000
956,164.894500,Series RC,-0.949618,,5.64572626978e-07,-2.819034,-108.616569,152.137207,1000000,0.009018,10.000000,1,2.974681,0.026827,100.000000,-136.479370,0,100000,0,-0.949618,50.000000
957,165.069130,Series RC,-0.938906,,5.1632175917e-07,-3.082476,-106.940460,-153.922821,1000000,0.009028,10.000000,1,3.222298,0.029091,100.000000,-80.863281,0,100000,0,-0.938906,50.000000
958,165.243843,Series RC,-1.034493,,5.38747825415e-07,-2.954164,-109.299301,-176.856445,1000000,0.009002,10.000000,1,3.130058,0.028178,100.000000,-106.155731,0,100000,0,-1.034493,50.000000
959,165.418807,Series RC,-0.915317,,5.6987406977e-07,-2.792809,-108.146072,-133.910751,1000000,0.009027,10.000000,1,2.938978,0.026530,100.000000,-62.056816,0,100000,0,-0.915317,50.000000
960,165.594263,Series RC,-0.942722,,5.67019692739e-07,-2.806868,-108.565261,116.458137,1000000,0.009014,10.000000,1,2.960951,0.026689,100.000000,-172.107147,0,100000,0,-0.942722,50.000000
961,165.768656,Series RC,-1.048110,,5.12841232933e-07,-3.103396,-108.661361,-3.972611,1000000,0.009007,10.000000,1,3.275607,0.029503,100.000000,67.366020,0,100000,0,-1.048110,50.000000
962,165.943951,Series RC,-0.829169,,5.48111589822e-07,-2.903696,-105.937019,19.410562,1000000,0.009040,10.000000,1,3.019763,0.027298,100.000000,93.473526,0,100000,0,-0.829169,50.000000
963,166.118042,Series RC,-0.972234,,5.60585142866e-07,-2.839086,-108.903564,-65.013290,1000000,0.009009,10.000000,1,3.000941,0.027034,100.000000,6.083140,0,100000,0,-0.972234,50.000000
964,166.293018,Series RC,-0.929368,,5.18386407825e-07,-3.070199,-106.841377,169.486114,1000000,0.009028,10.000000,1,3.207779,0.028961,100.000000,-117.355270,0,100000,0,-0.929368,50.000000
965,166.467332,Series RC,-0.903498,,5.73117236346e-07,-2.777005,-108.022277,47.406719,1000000,0.009029,10.000000,1,2.920285,0.026366,100.000000,119.384437,0,100000,0,-0.903498,50.000000
966,166.643687,Series RC,-0.890824,,5.25940792082e-07,-3.026100,-106.403388,-84.430374,1000000,0.009039,10.000000,1,3.154497,0.028512,100.000000,-10.833782,0,100000,0,-0.890824,50.000000
967,166.818213,Series RC,-0.896663,,5.66647831538e-07,-2.808710,-107.705345,124.597045,1000000,0.009050,10.000000,1,2.948365,0.026683,100.000000,-163.108306,0,100000,0,-0.896663,50.000000
968,166.993589,Series RC,-1.051665,,5.32212104739e-07,-2.990442,-109.375518,109.898178,1000000,0.009004,10.000000,1,3.169975,0.028542,100.000000,-179.477340,0,100000,0,-1.051665,50.000000
969,167.167905,Series RC,-0.873157,,5.61512926363e-07,-2.834395,-107.121841,17.192014,1000000,0.009044,10.000000,1,2.965839,0.026824,100.000000,90.070182,0,100000,0,-0.873157,50.000000
970,167.343298,Series RC,-1.061567,,5.13962100362e-07,-3.096628,-108.922416,33.026271,1000000,0.009003,10.000000,1,3.273535,0.029471,100.000000,104.103843,0,100000,0,-1.061567,50.000000
971,167.517212,Series RC,-1.060356,,5.1338151333e-07,-3.100130,-108.882530,-147.689117,1000000,0.009003,10.000000,1,3.276455,0.029498,100.000000,-76.571640,0,100000,0,-1.060356,50.000000
972,167.691970,Series RC,-0.910260,,5.21432599654e-07,-3.052263,-106.605880,168.798171,1000000,0.009031,10.000000,1,3.185103,0.028765,100.000000,-117.807731,0,100000,0,-0.910260,50.000000
973,167.865987,Series RC,-1.060742,,5.30348179817e-07,-3.000952,-109.466888,37.338787,1000000,0.009003,10.000000,1,3.182905,0.028654,100.000000,107.871894,0,100000,0,-1.060742,50.000000
974,168.040613,Series RC,-0.876658,,5.61214735958e-07,-2.835901,-107.177871,-54.400802,1000000,0.009047,10.000000,1,2.968310,0.026853,100.000000,18.421323,0,100000,0,-0.876658,50.000000
975,168.214589,Series RC,-0.888841,,5.68624760729e-07,-2.798945,-107.617912,16.484334,1000000,0.009046,10.000000,1,2.936687,0.026565,100.000000,88.866416,0,100000,0,-0.888841,50.000000
976,168.390624,Series RC,-0.891058,,5.71970414044e-07,-2.782573,-107.756523,120.773284,1000000,0.009028,10.000000,1,2.921763,0.026379,100.000000,-166.983230,0,100000,0,-0.891058,50.000000
977,168.566660,Series RC,-0.870722,,5.28474100732e-07,-3.011594,-106.125816,58.588829,1000000,0.009031,10.000000,1,3.134941,0.028310,100.000000,132.462997,0,100000,0,-0.870722,50.000000
978,168.740851,Series RC,-0.856526,,5.29415117058e-07,-3.006241,-105.903091,22.224750,1000000,0.009031,10.000000,1,3.125879,0.028231,100.000000,96.321647,0,100000,0,-0.856526,50.000000
979,168.916595,Series RC,-0.852135,,5.57319846105e-07,-2.855720,-106.614875,-17.990015,1000000,0.009046,10.000000,1,2.980146,0.026960,100.000000,55.395103,0,100000,0,-0.852135,50.000000
980,169.090788,Series RC,-0.883602,,5.67230469084e-07,-2.805825,-107.480094,-163.730804,1000000,0.009053,10.000000,1,2.941667,0.026630,100.000000,-91.210884,0,100000,0,-0.883602,50.000000
981,169.264865,Series RC,-0.894340,,5.65723928515e-07,-2.813297,-107.635337,52.281150,1000000,0.009047,10.000000,1,2.952030,0.026706,100.000000,124.645828,0,100000,0,-0.894340,50.000000
982,169.439756,Series RC,-0.996152,,5.54150439048e-07,-2.872053,-109.128746,-138.093231,1000000,0.009008,10.000000,1,3.039903,0.027383,100.000000,-67.221977,0,100000,0,-0.996152,50.000000
983,169.614776,Series RC,-0.885633,,5.70227295938e-07,-2.791079,-107.604667,157.657745,1000000,0.009033,10.000000,1,2.928219,0.026452,100.000000,-129.946945,0,100000,0,-0.885633,50.000000
984,169.788719,Series RC,-0.846372,,5.50083306922e-07,-2.893288,-106.305747,91.091918,1000000,0.009039,10.000000,1,3.014541,0.027248,100.000000,164.786178,0,100000,0,-0.846372,50.000000
985,169.963615,Series RC,-1.002338,,5.12398410767e-07,-3.106078,-107.884994,-79.186981,1000000,0.009015,10.000000,1,3.263802,0.029425,100.000000,-7.071975,0,100000,0,-1.002338,50.000000
986,170.137375,Series RC,-1.054581,,5.32770451162e-07,-2.987308,-109.444084,-142.023727,1000000,0.009002,10.000000,1,3.167988,0.028517,100.000000,-71.467803,0,100000,0,-1.054581,50.000000
987,170.311693,Series RC,-0.941072,,5.14949218789e-07,-3.090692,-106.934753,-46.198207,1000000,0.009026,10.000000,1,3.230789,0.029163,100.000000,26.867038,0,100000,0,-0.941072,50.000000
988,170.486433,Series RC,-0.846444,,5.4410346599e-07,-2.925086,-106.139076,128.015243,1000000,0.009036,10.000000,1,3.045094,0.027515,100.000000,-158.123855,0,100000,0,-0.846444,50.000000
989,170.660824,Series RC,-0.895183,,5.25271639651e-07,-3.029955,-106.459480,-48.581424,1000000,0.009034,10.000000,1,3.159428,0.028543,100.000000,24.959096,0,100000,0,-0.895183,50.000000
990,170.840916,Series RC,-1.037489,,5.40560083321e-07,-2.944260,-109.411277,147.474822,1000000,0.009003,10.000000,1,3.121706,0.028105,100.000000,-141.936477,0,100000,0,-1.037489,50.000000
991,171.014379,Series RC,-1.038535,,5.10543995855e-07,-3.117360,-108.425270,174.921279,1000000,0.009009,10.000000,1,3.285801,0.029601,100.000000,-113.504013,0,100000,0,-1.038535,50.000000
992,171.189439,Series RC,-0.855352,,5.50871166578e-07,-2.889150,-106.491729,127.011093,1000000,0.009042,10.000000,1,3.013107,0.027245,100.000000,-159.480621,0,100000,0,-0.855352,50.000000
993,171.363209,Series RC,-0.887661,,5.70995079484e-07,-2.787326,-107.664764,-22.642019,1000000,0.009028,10.000000,1,2.925257,0.026410,100.000000,49.693222,0,100000,0,-0.887661,50.000000
994,171.538548,Series RC,-0.895594,,5.70740354705e-07,-2.788570,-107.805244,84.819068,1000000,0.009030,10.000000,1,2.928858,0.026447,100.000000,157.013839,0,100000,0,-0.895594,50.000000
995,171.713217,Series RC,-1.060440,,5.27709414693e-07,-3.015958,-109.372169,-35.010562,1000000,0.009002,10.000000,1,3.196957,0.028779,100.000000,35.617271,0,100000,0,-1.060440,50.000000
996,171.887243,Series RC,-1.056256,,5.34064265891e-07,-2.980071,-109.516357,146.259094,1000000,0.009003,10.000000,1,3.161725,0.028465,100.000000,-143.257263,0,100000,0,-1.056256,50.000000
997,172.062059,Series RC,-1.073923,,5.20334740221e-07,-3.058703,-109.346382,-36.755626,1000000,0.009000,10.000000,1,3.241755,0.029176,100.000000,33.897979,0,100000,0,-1.073923,50.000000
998,172.238377,Series RC,-0.854464,,5.44066823934e-07,-2.925283,-106.282882,-87.969680,1000000,0.009039,10.000000,1,3.047521,0.027545,100.000000,-14.252556,0,100000,0,-0.854464,50.000000
999,172.412959,Series RC,-0.844802,,5.44326586807e-07,-2.923887,-106.115638,91.710922,1000000,0.009038,10.000000,1,3.043486,0.027506,100.000000,165.595275,0,100000,0,-0.844802,50.000000
1000,172.587243,Series RC,-1.071450,,5.20194772301e-07,-3.059526,-109.300315,35.357921,1000000,0.008999,10.000000,1,3.241713,0.029171,100.000000,106.057609,0,100000,0,-1.071450,50.000000
