index,elapsed_s,model,series_r,series_l,series_c,impedance_imag_ohm,phase_diff_deg,current_phase_deg,sample_rate_hz,current_amplitude_a,samples_per_period,voltage_pga,impedance_mag_ohm,voltage_amplitude_v,shunt_resistance_ohm,voltage_phase_deg,current_pga,dds_frequency_hz,shunt_range,impedance_real_ohm,captured_cycles
1,0.104086,Series RC,1.192107,,4.52324724233e-07,-351.859924,-89.805877,94.227836,25000,0.002228,25.000000,0,351.861938,0.783866,100.000000,-175.578048,1,1000,0,1.192107,20.000000
2,0.191289,Series RC,1.690460,,4.52000241275e-07,-352.112518,-89.724929,111.429573,25000,0.002226,25.000000,0,352.116577,0.783884,100.000000,-158.295349,1,1000,0,1.690460,20.000000
3,0.264555,Series RC,1.432334,,4.52442605449e-07,-351.768249,-89.766700,166.621780,25000,0.002228,25.000000,0,351.771179,0.783895,100.000000,-103.144927,1,1000,0,1.432334,20.000000
4,0.344011,Series RC,1.318112,,4.51662494143e-07,-352.375823,-89.785682,-111.775238,25000,0.002226,25.000000,0,352.378295,0.784394,100.000000,-21.560911,1,1000,0,1.318112,20.000000
5,0.426122,Series RC,1.546420,,4.51478799876e-07,-352.519195,-89.748657,57.049083,25000,0.002226,25.000000,0,352.522583,0.784541,100.000000,147.300430,1,1000,0,1.546420,20.000000
6,0.505502,Series RC,1.542506,,4.52107762315e-07,-352.028778,-89.748939,96.471733,25000,0.002227,25.000000,0,352.032165,0.783855,100.000000,-173.277221,1,1000,0,1.542506,20.000000
7,0.585808,Series RC,1.371831,,4.51844731882e-07,-352.233703,-89.776847,-127.280761,25000,0.002227,25.000000,0,352.236358,0.784392,100.000000,-37.057605,1,1000,0,1.371831,20.000000
8,0.664960,Series RC,1.222930,,4.51753261241e-07,-352.305023,-89.801116,-12.523914,25000,0.002227,25.000000,0,352.307128,0.784431,100.000000,77.674964,1,1000,0,1.222930,20.000000
9,0.745445,Series RC,1.743296,,4.51949084665e-07,-352.152374,-89.716361,40.173282,25000,0.002226,25.000000,0,352.156677,0.784033,100.000000,130.456909,1,1000,0,1.743296,20.000000
10,0.823748,Series RC,1.172444,,4.51787309592e-07,-352.278472,-89.809303,-142.129531,25000,0.002227,25.000000,0,352.280426,0.784451,100.000000,-51.938850,1,1000,0,1.172444,20.000000
11,0.906667,Series RC,1.331090,,4.51990957883e-07,-352.119750,-89.783409,-38.708507,25000,0.002227,25.000000,0,352.122283,0.784171,100.000000,51.508075,1,1000,0,1.331090,20.000000
12,0.986758,Series RC,1.266630,,4.51985276614e-07,-352.124176,-89.793899,-66.336074,25000,0.002226,25.000000,0,352.126464,0.783981,100.000000,23.870019,1,1000,0,1.266630,20.000000
13,1.067680,Series RC,1.345259,,4.51517730753e-07,-352.488800,-89.781326,-44.274662,25000,0.002225,25.000000,0,352.491363,0.784419,100.000000,45.943996,1,1000,0,1.345259,20.000000
14,1.144068,Series RC,1.328393,,4.5205176256e-07,-352.072387,-89.783813,-69.155067,25000,0.002228,25.000000,0,352.074890,0.784257,100.000000,21.061126,1,1000,0,1.328393,20.000000
15,1.224512,Series RC,1.382002,,4.51924216488e-07,-352.171752,-89.775161,74.076789,25000,0.002227,25.000000,0,352.174468,0.784370,100.000000,164.301620,1,1000,0,1.382002,20.000000
16,1.303879,Series RC,1.882938,,4.51562925632e-07,-352.453521,-89.693901,-131.333892,25000,0.002226,25.000000,0,352.458557,0.784497,100.000000,-41.027790,1,1000,0,1.882938,20.000000
17,1.385974,Series RC,1.298392,,4.52151115181e-07,-351.995025,-89.788650,2.901759,25000,0.002228,25.000000,0,351.997436,0.784275,100.000000,93.113090,1,1000,0,1.298392,20.000000
18,1.458730,Series RC,1.286984,,4.52031348296e-07,-352.088287,-89.790565,74.716201,25000,0.002227,25.000000,0,352.090637,0.784265,100.000000,164.925643,1,1000,0,1.286984,20.000000
19,1.547377,Series RC,1.388593,,4.52129124954e-07,-352.012145,-89.773986,-63.765754,25000,0.002227,25.000000,0,352.014892,0.784089,100.000000,26.460254,1,1000,0,1.388593,20.000000
20,1.624409,Series RC,1.528179,,4.5185181817e-07,-352.228179,-89.751419,-162.245513,25000,0.002226,25.000000,0,352.231506,0.784088,100.000000,-71.996917,1,1000,0,1.528179,20.000000
21,1.704943,Series RC,1.318434,,4.51955194971e-07,-352.147613,-89.785484,-163.239196,25000,0.002227,25.000000,0,352.150085,0.784124,100.000000,-73.024681,1,1000,0,1.318434,20.000000
22,1.777454,Series RC,1.360749,,4.51732131557e-07,-352.321502,-89.778701,19.884120,25000,0.002226,25.000000,0,352.324127,0.784156,100.000000,110.105415,1,1000,0,1.360749,20.000000
23,1.865749,Series RC,1.291918,,4.51949632673e-07,-352.151947,-89.789794,-164.144058,25000,0.002226,25.000000,0,352.154327,0.784038,100.000000,-73.933845,1,1000,0,1.291918,20.000000
24,1.938306,Series RC,1.382292,,4.51609809552e-07,-352.416931,-89.775268,-58.739425,25000,0.002225,25.000000,0,352.419647,0.784285,100.000000,31.485294,1,1000,0,1.382292,20.000000
25,2.030517,Series RC,1.333009,,4.5199495257e-07,-352.116638,-89.783096,139.528121,25000,0.002227,25.000000,0,352.119140,0.784130,100.000000,-130.254974,1,1000,0,1.333009,20.000000
26,2.104408,Series RC,1.625185,,4.5182586271e-07,-352.248413,-89.735649,-129.818008,25000,0.002226,25.000000,0,352.252166,0.784223,100.000000,-39.553668,1,1000,0,1.625185,20.000000
27,2.189246,Series RC,1.643648,,4.51737139725e-07,-352.317596,-89.732696,-167.779190,25000,0.002226,25.000000,0,352.321441,0.784288,100.000000,-77.511901,1,1000,0,1.643648,20.000000
28,2.262289,Series RC,1.250640,,4.51968786855e-07,-352.137023,-89.796508,125.223617,25000,0.002227,25.000000,0,352.139251,0.784149,100.000000,-144.572906,1,1000,0,1.250640,20.000000
29,2.346794,Series RC,1.431580,,4.51779521273e-07,-352.284545,-89.767166,133.070236,25000,0.002226,25.000000,0,352.287445,0.784283,100.000000,-136.696914,1,1000,0,1.431580,20.000000
30,2.419126,Series RC,1.174797,,4.51657486348e-07,-352.379730,-89.808982,-38.679908,25000,0.002226,25.000000,0,352.381683,0.784356,100.000000,51.511096,1,1000,0,1.174797,20.000000
31,2.508242,Series RC,1.321376,,4.51580559455e-07,-352.439758,-89.785186,77.353691,25000,0.002225,25.000000,0,352.442230,0.784343,100.000000,167.568511,1,1000,0,1.321376,20.000000
32,2.580884,Series RC,1.398586,,4.51747705195e-07,-352.309356,-89.772544,119.185920,25000,0.002226,25.000000,0,352.312133,0.784355,100.000000,-150.586624,1,1000,0,1.398586,20.000000
33,2.671650,Series RC,1.567252,,4.51917950468e-07,-352.176635,-89.745025,-18.254182,25000,0.002226,25.000000,0,352.180114,0.784063,100.000000,72.000801,1,1000,0,1.567252,20.000000
34,2.744901,Series RC,2.051855,,4.51819991909e-07,-352.252990,-89.666252,-88.314224,25000,0.002226,25.000000,0,352.258972,0.784106,100.000000,2.019526,1,1000,0,2.051855,20.000000
35,2.832269,Series RC,1.046870,,4.5204420008e-07,-352.078277,-89.829635,-6.995102,25000,0.002227,25.000000,0,352.079833,0.784232,100.000000,83.175262,1,1000,0,1.046870,20.000000
36,2.904978,Series RC,1.147547,,4.5170223872e-07,-352.344818,-89.813392,120.934196,25000,0.002226,25.000000,0,352.346679,0.784364,100.000000,-148.879211,1,1000,0,1.147547,20.000000
37,2.995866,Series RC,1.223803,,4.51679314071e-07,-352.362701,-89.800994,17.952976,25000,0.002226,25.000000,0,352.364837,0.784425,100.000000,108.151969,1,1000,0,1.223803,20.000000
38,3.068867,Series RC,1.548471,,4.51566835883e-07,-352.450469,-89.748268,-30.162578,25000,0.002225,25.000000,0,352.453887,0.784168,100.000000,60.089153,1,1000,0,1.548471,20.000000
39,3.159263,Series RC,1.595837,,4.51432019979e-07,-352.555725,-89.740653,-29.808481,25000,0.002224,25.000000,0,352.559326,0.784250,100.000000,60.450862,1,1000,0,1.595837,20.000000
40,3.232016,Series RC,1.072270,,4.51776076698e-07,-352.287231,-89.825607,149.859878,25000,0.002226,25.000000,0,352.288879,0.784313,100.000000,-119.965728,1,1000,0,1.072270,20.000000
41,3.324554,Series RC,2.184384,,4.51785587238e-07,-352.279815,-89.644729,26.301084,25000,0.002226,25.000000,0,352.286590,0.784171,100.000000,116.656356,1,1000,0,2.184384,20.000000
42,3.399136,Series RC,1.458037,,4.51727709435e-07,-352.324951,-89.762893,-128.112930,25000,0.002227,25.000000,0,352.327972,0.784467,100.000000,-37.875808,1,1000,0,1.458037,20.000000
43,3.480272,Series RC,1.557152,,4.51437647652e-07,-352.551330,-89.746932,86.021827,25000,0.002225,25.000000,0,352.554748,0.784453,100.000000,176.274871,1,1000,0,1.557152,20.000000
44,3.561581,Series RC,1.653808,,4.51921748813e-07,-352.173675,-89.730941,125.661155,25000,0.002226,25.000000,0,352.177551,0.783943,100.000000,-144.069778,1,1000,0,1.653808,20.000000
45,3.634404,Series RC,1.343200,,4.52210002234e-07,-351.949188,-89.781326,-94.271896,25000,0.002228,25.000000,0,351.951751,0.784087,100.000000,-4.053242,1,1000,0,1.343200,20.000000
46,3.724738,Series RC,1.210452,,4.51739370742e-07,-352.315856,-89.803146,160.350341,25000,0.002227,25.000000,0,352.317932,0.784499,100.000000,-109.452796,1,1000,0,1.210452,20.000000
47,3.797335,Series RC,1.245020,,4.5221113935e-07,-351.948303,-89.797317,-79.350654,25000,0.002228,25.000000,0,351.950500,0.783979,100.000000,10.852032,1,1000,0,1.245020,20.000000
48,3.884795,Series RC,2.156781,,4.51568008203e-07,-352.449554,-89.649383,142.008728,25000,0.002225,25.000000,0,352.456146,0.784285,100.000000,-127.640655,1,1000,0,2.156781,20.000000
49,3.958206,Series RC,1.380916,,4.52059677113e-07,-352.066223,-89.775268,-48.897018,25000,0.002226,25.000000,0,352.068939,0.783871,100.000000,41.327705,1,1000,0,1.380916,20.000000
50,4.044105,Series RC,1.293661,,4.52015559962e-07,-352.100585,-89.789489,91.107383,25000,0.002227,25.000000,0,352.102966,0.784212,100.000000,-178.682098,1,1000,0,1.293661,20.000000
51,4.116784,Series RC,1.666091,,4.51847080698e-07,-352.231872,-89.728988,68.057991,25000,0.002226,25.000000,0,352.235809,0.784234,100.000000,158.329010,1,1000,0,1.666091,20.000000
52,4.207659,Series RC,1.141301,,4.52146019475e-07,-351.998992,-89.814231,-64.284255,25000,0.002228,25.000000,0,352.000854,0.784143,100.000000,25.901498,1,1000,0,1.141301,20.000000
53,4.280800,Series RC,1.691831,,4.51790871045e-07,-352.275695,-89.724830,-103.709602,25000,0.002226,25.000000,0,352.279754,0.784332,100.000000,-13.434430,1,1000,0,1.691831,20.000000
54,4.361040,Series RC,1.508272,,4.51928641176e-07,-352.168304,-89.754615,-61.889381,25000,0.002227,25.000000,0,352.171539,0.784287,100.000000,28.355993,1,1000,0,1.508272,20.000000
55,4.444147,Series RC,1.384846,,4.52092203652e-07,-352.040893,-89.774612,32.647304,25000,0.002228,25.000000,0,352.043609,0.784436,100.000000,122.872695,1,1000,0,1.384846,20.000000
56,4.516884,Series RC,1.975724,,4.51656000822e-07,-352.380889,-89.678756,98.054817,25000,0.002227,25.000000,0,352.386444,0.784750,100.000000,-171.623931,1,1000,0,1.975724,20.000000
57,4.604332,Series RC,1.429294,,4.51838468066e-07,-352.238586,-89.767501,-28.061138,25000,0.002227,25.000000,0,352.241485,0.784513,100.000000,62.171348,1,1000,0,1.429294,20.000000
58,4.677962,Series RC,1.452396,,4.52045101401e-07,-352.077575,-89.763641,136.213317,25000,0.002227,25.000000,0,352.080566,0.784235,100.000000,-133.550338,1,1000,0,1.452396,20.000000
59,4.761494,Series RC,1.506002,,4.5195456866e-07,-352.148101,-89.754966,0.951346,25000,0.002228,25.000000,0,352.151336,0.784488,100.000000,91.196380,1,1000,0,1.506002,20.000000
60,4.834399,Series RC,1.376842,,4.51964085433e-07,-352.140686,-89.775978,-177.224456,25000,0.002227,25.000000,0,352.143371,0.784279,100.000000,-87.000457,1,1000,0,1.376842,20.000000
61,4.925316,Series RC,1.318744,,4.51935064056e-07,-352.163299,-89.785446,146.858047,25000,0.002227,25.000000,0,352.165771,0.784409,100.000000,-122.927391,1,1000,0,1.318744,20.000000
62,5.000793,Series RC,1.286160,,4.51878126868e-07,-352.207672,-89.790771,124.744285,25000,0.002227,25.000000,0,352.210021,0.784282,100.000000,-145.046493,1,1000,0,1.286160,20.000000
63,5.073653,Series RC,1.570537,,4.5189096994e-07,-352.197662,-89.744499,-43.200515,25000,0.002227,25.000000,0,352.201171,0.784388,100.000000,47.054988,1,1000,0,1.570537,20.000000
64,5.163945,Series RC,1.298113,,4.5213128021e-07,-352.010467,-89.788711,-121.290771,25000,0.002228,25.000000,0,352.012847,0.784306,100.000000,-31.079479,1,1000,0,1.298113,20.000000
65,5.236479,Series RC,2.176280,,4.51793884922e-07,-352.273345,-89.646041,-16.413152,25000,0.002227,25.000000,0,352.280059,0.784391,100.000000,73.940795,1,1000,0,2.176280,20.000000
66,5.326323,Series RC,1.469592,,4.51764923868e-07,-352.295928,-89.760993,177.608032,25000,0.002227,25.000000,0,352.298980,0.784442,100.000000,-92.152961,1,1000,0,1.469592,20.000000
67,5.405448,Series RC,1.606665,,4.5176719363e-07,-352.294158,-89.738700,128.856735,25000,0.002227,25.000000,0,352.297821,0.784557,100.000000,-140.881988,1,1000,0,1.606665,20.000000
68,5.486265,Series RC,1.421981,,4.51733775291e-07,-352.320220,-89.768745,176.206512,25000,0.002226,25.000000,0,352.323089,0.784438,100.000000,-93.562240,1,1000,0,1.421981,20.000000
69,5.568210,Series RC,1.374011,,4.51818504032e-07,-352.254150,-89.776512,102.641227,25000,0.002227,25.000000,0,352.256835,0.784451,100.000000,-167.135253,1,1000,0,1.374011,20.000000
70,5.643792,Series RC,1.915891,,4.51797759416e-07,-352.270324,-89.688385,84.729187,25000,0.002227,25.000000,0,352.275543,0.784347,100.000000,175.040786,1,1000,0,1.915891,20.000000
71,5.718108,Series RC,1.037597,,4.51988489478e-07,-352.121673,-89.831161,21.647447,25000,0.002227,25.000000,0,352.123199,0.784321,100.000000,111.816261,1,1000,0,1.037597,20.000000
72,5.808147,Series RC,1.649940,,4.51854323567e-07,-352.226226,-89.731613,58.775707,25000,0.002227,25.000000,0,352.230072,0.784445,100.000000,149.044113,1,1000,0,1.649940,20.000000
73,5.886062,Series RC,1.654556,,4.51648607943e-07,-352.386657,-89.730979,56.280055,25000,0.002226,25.000000,0,352.390533,0.784342,100.000000,146.549072,1,1000,0,1.654556,20.000000
74,5.965481,Series RC,1.272412,,4.51780421539e-07,-352.283843,-89.793052,33.589431,25000,0.002227,25.000000,0,352.286132,0.784445,100.000000,123.796379,1,1000,0,1.272412,20.000000
75,6.049223,Series RC,1.450377,,4.51837176328e-07,-352.239593,-89.764076,177.610382,25000,0.002227,25.000000,0,352.242584,0.784469,100.000000,-92.153694,1,1000,0,1.450377,20.000000
76,6.122628,Series RC,2.215903,,4.51695627598e-07,-352.349975,-89.639678,84.406135,25000,0.002226,25.000000,0,352.356964,0.784490,100.000000,174.766464,1,1000,0,2.215903,20.000000
77,6.208445,Series RC,0.981610,,4.52099727926e-07,-352.035034,-89.840232,-136.311172,25000,0.002228,25.000000,0,352.036407,0.784281,100.000000,-46.151405,1,1000,0,0.981610,20.000000
78,6.286864,Series RC,1.561606,,4.51729509558e-07,-352.323547,-89.746047,174.253311,25000,0.002227,25.000000,0,352.326995,0.784543,100.000000,-95.492736,1,1000,0,1.561606,20.000000
79,6.365393,Series RC,1.594198,,4.51467817959e-07,-352.527770,-89.740898,-44.364486,25000,0.002225,25.000000,0,352.531372,0.784375,100.000000,45.894603,1,1000,0,1.594198,20.000000
80,6.443416,Series RC,2.151178,,4.51579972621e-07,-352.440216,-89.650283,142.090286,25000,0.002226,25.000000,0,352.446777,0.784392,100.000000,-127.560012,1,1000,0,2.151178,20.000000
81,6.528050,Series RC,1.672435,,4.51517223501e-07,-352.489196,-89.728149,172.268127,25000,0.002226,25.000000,0,352.493164,0.784565,100.000000,-97.460037,1,1000,0,1.672435,20.000000
82,6.600581,Series RC,0.969896,,4.52161228578e-07,-351.987152,-89.842117,7.661547,25000,0.002228,25.000000,0,351.988494,0.784196,100.000000,97.819419,1,1000,0,0.969896,20.000000
83,6.690925,Series RC,0.983520,,4.52225216927e-07,-351.937347,-89.839881,-165.232818,25000,0.002228,25.000000,0,351.938720,0.784217,100.000000,-75.072708,1,1000,0,0.983520,20.000000
84,6.763717,Series RC,1.319587,,4.52135357013e-07,-352.007293,-89.785209,-36.948715,25000,0.002228,25.000000,0,352.009765,0.784247,100.000000,53.266075,1,1000,0,1.319587,20.000000
85,6.854688,Series RC,1.927786,,4.517657061e-07,-352.295318,-89.686470,-117.940803,25000,0.002226,25.000000,0,352.300598,0.784292,100.000000,-27.627296,1,1000,0,1.927786,20.000000
86,6.935190,Series RC,1.561142,,4.51450543813e-07,-352.541259,-89.746276,-115.982315,25000,0.002225,25.000000,0,352.544708,0.784551,100.000000,-25.728607,1,1000,0,1.561142,20.000000
87,7.012827,Series RC,1.050330,,4.52144921222e-07,-351.999847,-89.829032,65.147850,25000,0.002228,25.000000,0,352.001403,0.784132,100.000000,155.318817,1,1000,0,1.050330,20.000000
88,7.090818,Series RC,1.531793,,4.51479424869e-07,-352.518707,-89.751029,-72.514663,25000,0.002226,25.000000,0,352.522033,0.784606,100.000000,17.734306,1,1000,0,1.531793,20.000000
89,7.175540,Series RC,1.209361,,4.52178047132e-07,-351.974060,-89.803138,-64.564750,25000,0.002228,25.000000,0,351.976135,0.784088,100.000000,25.632097,1,1000,0,1.209361,20.000000
90,7.253553,Series RC,1.324776,,4.51739330994e-07,-352.315887,-89.784553,-171.900756,25000,0.002227,25.000000,0,352.318389,0.784537,100.000000,-81.685317,1,1000,0,1.324776,20.000000
91,7.337931,Series RC,1.275475,,4.5194501122e-07,-352.155548,-89.792480,-168.708358,25000,0.002227,25.000000,0,352.157867,0.784337,100.000000,-78.500823,1,1000,0,1.275475,20.000000
92,7.412062,Series RC,1.194914,,4.5167512884e-07,-352.365966,-89.805702,-28.346252,25000,0.002226,25.000000,0,352.367980,0.784497,100.000000,61.848037,1,1000,0,1.194914,20.000000
93,7.494213,Series RC,1.198104,,4.51866028617e-07,-352.217102,-89.805099,16.299631,25000,0.002227,25.000000,0,352.219146,0.784419,100.000000,106.494522,1,1000,0,1.198104,20.000000
94,7.567996,Series RC,1.243726,,4.51857768053e-07,-352.223541,-89.797683,103.618415,25000,0.002228,25.000000,0,352.225738,0.784608,100.000000,-166.179260,1,1000,0,1.243726,20.000000
95,7.655125,Series RC,1.446399,,4.51846845943e-07,-352.232055,-89.764717,-19.642446,25000,0.002226,25.000000,0,352.235015,0.784101,100.000000,70.592842,1,1000,0,1.446399,20.000000
96,7.736222,Series RC,1.472857,,4.51923041035e-07,-352.172668,-89.760375,34.960891,25000,0.002227,25.000000,0,352.175750,0.784147,100.000000,125.200508,1,1000,0,1.472857,20.000000
97,7.811697,Series RC,1.552463,,4.51969922757e-07,-352.136138,-89.747398,66.077331,25000,0.002227,25.000000,0,352.139556,0.784301,100.000000,156.329940,1,1000,0,1.552463,20.000000
98,7.893732,Series RC,1.376806,,4.51590139928e-07,-352.432281,-89.776168,-115.918685,25000,0.002226,25.000000,0,352.434967,0.784487,100.000000,-25.694854,1,1000,0,1.376806,20.000000
99,7.973917,Series RC,1.717652,,4.51715384619e-07,-352.334564,-89.720680,-103.545463,25000,0.002226,25.000000,0,352.338745,0.784431,100.000000,-13.266145,1,1000,0,1.717652,20.000000
100,8.055164,Series RC,1.567361,,4.51644343819e-07,-352.389984,-89.745162,-43.557846,25000,0.002226,25.000000,0,352.393463,0.784439,100.000000,46.696990,1,1000,0,1.567361,20.000000
101,8.128326,Series RC,1.570456,,4.52010897364e-07,-352.104217,-89.744453,48.029102,25000,0.002227,25.000000,0,352.107727,0.784183,100.000000,138.284637,1,1000,0,1.570456,20.000000
102,8.217809,Series RC,1.227882,,4.51816703199e-07,-352.255554,-89.800277,95.550178,25000,0.002227,25.000000,0,352.257690,0.784303,100.000000,-174.250122,1,1000,0,1.227882,20.000000
103,8.290517,Series RC,1.513975,,4.51830208509e-07,-352.245025,-89.753738,-80.128562,25000,0.002227,25.000000,0,352.248260,0.784301,100.000000,10.117703,1,1000,0,1.513975,20.000000
104,8.378088,Series RC,1.427056,,4.51828995063e-07,-352.245971,-89.767875,161.999237,25000,0.002226,25.000000,0,352.248870,0.784237,100.000000,-107.768653,1,1000,0,1.427056,20.000000
105,8.451184,Series RC,1.426980,,4.51773415716e-07,-352.289306,-89.767913,17.999542,25000,0.002226,25.000000,0,352.292205,0.784327,100.000000,108.231636,1,1000,0,1.426980,20.000000
106,8.536346,Series RC,1.251449,,4.51949554386e-07,-352.152008,-89.796386,38.152130,25000,0.002227,25.000000,0,352.154235,0.784227,100.000000,128.355758,1,1000,0,1.251449,20.000000
107,8.609028,Series RC,1.335718,,4.51589631231e-07,-352.432678,-89.782852,99.577575,25000,0.002226,25.000000,0,352.435211,0.784402,100.000000,-170.205276,1,1000,0,1.335718,20.000000
108,8.699786,Series RC,1.820818,,4.51963498886e-07,-352.141143,-89.703742,-17.048147,25000,0.002227,25.000000,0,352.145843,0.784252,100.000000,73.248123,1,1000,0,1.820818,20.000000
109,8.772428,Series RC,1.691805,,4.51887641705e-07,-352.200256,-89.724784,-103.423057,25000,0.002227,25.000000,0,352.204315,0.784296,100.000000,-13.147846,1,1000,0,1.691805,20.000000
110,8.867149,Series RC,1.395873,,4.52027548109e-07,-352.091247,-89.772850,126.068954,25000,0.002227,25.000000,0,352.094024,0.784184,100.000000,-143.703887,1,1000,0,1.395873,20.000000
111,8.940414,Series RC,1.236416,,4.52043063804e-07,-352.079162,-89.798789,38.294506,25000,0.002227,25.000000,0,352.081329,0.783973,100.000000,128.495712,1,1000,0,1.236416,20.000000
112,9.026043,Series RC,1.160869,,4.52075391483e-07,-352.053985,-89.811073,125.178771,25000,0.002227,25.000000,0,352.055877,0.783936,100.000000,-144.632293,1,1000,0,1.160869,20.000000
113,9.098471,Series RC,1.861084,,4.51890343808e-07,-352.198150,-89.697242,-17.147907,25000,0.002226,25.000000,0,352.203063,0.784126,100.000000,73.154869,1,1000,0,1.861084,20.000000
114,9.188537,Series RC,1.266087,,4.51969256617e-07,-352.136657,-89.793991,136.158065,25000,0.002227,25.000000,0,352.138946,0.784266,100.000000,-133.635940,1,1000,0,1.266087,20.000000
115,9.266618,Series RC,1.398490,,4.51832831677e-07,-352.242980,-89.772514,173.769256,25000,0.002227,25.000000,0,352.245758,0.784324,100.000000,-96.003257,1,1000,0,1.398490,20.000000
116,9.344961,Series RC,1.333882,,4.5167074757e-07,-352.369384,-89.783103,-167.588577,25000,0.002226,25.000000,0,352.371917,0.784373,100.000000,-77.371673,1,1000,0,1.333882,20.000000
117,9.425552,Series RC,1.309070,,4.51825627978e-07,-352.248596,-89.787071,-38.822013,25000,0.002227,25.000000,0,352.251007,0.784302,100.000000,51.390918,1,1000,0,1.309070,20.000000
118,9.498023,Series RC,0.952240,,4.52017361097e-07,-352.099182,-89.845039,-136.543228,25000,0.002227,25.000000,0,352.100463,0.784184,100.000000,-46.388278,1,1000,0,0.952240,20.000000
119,9.589937,Series RC,2.220998,,4.51752791928e-07,-352.305389,-89.638801,-31.059597,25000,0.002226,25.000000,0,352.312377,0.784237,100.000000,59.301597,1,1000,0,2.220998,20.000000
120,9.663368,Series RC,1.398130,,4.52139198833e-07,-352.004302,-89.772430,-48.085525,25000,0.002227,25.000000,0,352.007080,0.783885,100.000000,42.142059,1,1000,0,1.398130,20.000000
121,9.747832,Series RC,1.285194,,4.51568360541e-07,-352.449279,-89.791069,91.676483,25000,0.002226,25.000000,0,352.451629,0.784473,100.000000,-178.114593,1,1000,0,1.285194,20.000000
122,9.820167,Series RC,1.213580,,4.51731700752e-07,-352.321838,-89.802642,-98.102012,25000,0.002227,25.000000,0,352.323944,0.784523,100.000000,-7.904658,1,1000,0,1.213580,20.000000
123,9.908968,Series RC,0.998746,,4.51789736042e-07,-352.276580,-89.837562,20.208364,25000,0.002226,25.000000,0,352.277984,0.784230,100.000000,110.370796,1,1000,0,0.998746,20.000000
124,9.982085,Series RC,1.480663,,4.51539272103e-07,-352.471984,-89.759315,-43.092010,25000,0.002225,25.000000,0,352.475097,0.784426,100.000000,47.148685,1,1000,0,1.480663,20.000000
125,10.072090,Series RC,1.214511,,4.52135395547e-07,-352.007263,-89.802307,-7.422297,25000,0.002228,25.000000,0,352.009368,0.784182,100.000000,82.775390,1,1000,0,1.214511,20.000000
126,10.144541,Series RC,1.204727,,4.51775685564e-07,-352.287536,-89.804061,1.000755,25000,0.002227,25.000000,0,352.289611,0.784393,100.000000,91.196685,1,1000,0,1.204727,20.000000
127,10.235897,Series RC,1.472478,,4.52013326217e-07,-352.102325,-89.760391,153.934112,25000,0.002226,25.000000,0,352.105407,0.783948,100.000000,-115.826263,1,1000,0,1.472478,20.000000
128,10.309200,Series RC,1.263827,,4.51906829127e-07,-352.185302,-89.794395,-68.232315,25000,0.002227,25.000000,0,352.187561,0.784276,100.000000,21.973278,1,1000,0,1.263827,20.000000
129,10.396081,Series RC,1.281773,,4.51915129981e-07,-352.178833,-89.791465,32.494930,25000,0.002227,25.000000,0,352.181152,0.784403,100.000000,122.703475,1,1000,0,1.281773,20.000000
130,10.475187,Series RC,1.167398,,4.51659794765e-07,-352.377929,-89.810180,0.845801,25000,0.002226,25.000000,0,352.379852,0.784419,100.000000,91.035606,1,1000,0,1.167398,20.000000
131,10.553412,Series RC,1.262225,,4.51338139842e-07,-352.629058,-89.794906,27.752088,25000,0.002224,25.000000,0,352.631317,0.784396,100.000000,117.957168,1,1000,0,1.262225,20.000000
132,10.628359,Series RC,1.337739,,4.51758309629e-07,-352.301086,-89.782432,109.831382,25000,0.002226,25.000000,0,352.303619,0.784110,100.000000,-159.951065,1,1000,0,1.337739,20.000000
133,10.715798,Series RC,1.352660,,4.51880712103e-07,-352.205657,-89.779945,91.433372,25000,0.002226,25.000000,0,352.208251,0.784182,100.000000,-178.346572,1,1000,0,1.352660,20.000000
134,10.789158,Series RC,1.329100,,4.51411506729e-07,-352.571746,-89.784011,-101.796920,25000,0.002225,25.000000,0,352.574249,0.784537,100.000000,-11.580924,1,1000,0,1.329100,20.000000
135,10.875730,Series RC,1.457388,,4.51772671929e-07,-352.289886,-89.762969,10.311341,25000,0.002226,25.000000,0,352.292907,0.784196,100.000000,100.548370,1,1000,0,1.457388,20.000000
136,10.949154,Series RC,1.333169,,4.51969373416e-07,-352.136566,-89.783073,-137.454025,25000,0.002227,25.000000,0,352.139099,0.784184,100.000000,-47.237110,1,1000,0,1.333169,20.000000
137,11.035777,Series RC,1.296478,,4.5170626933e-07,-352.341674,-89.789176,19.784027,25000,0.002226,25.000000,0,352.344055,0.784215,100.000000,109.994850,1,1000,0,1.296478,20.000000
138,11.108290,Series RC,1.334987,,4.51808679152e-07,-352.261810,-89.782859,-120.916664,25000,0.002226,25.000000,0,352.264343,0.784095,100.000000,-30.699520,1,1000,0,1.334987,20.000000
139,11.201217,Series RC,1.293545,,4.52143941148e-07,-352.000610,-89.789451,58.811431,25000,0.002228,25.000000,0,352.002990,0.784355,100.000000,149.021972,1,1000,0,1.293545,20.000000
140,11.274642,Series RC,1.356079,,4.51720823199e-07,-352.330322,-89.779472,35.141433,25000,0.002226,25.000000,0,352.332916,0.784298,100.000000,125.361976,1,1000,0,1.356079,20.000000
141,11.359887,Series RC,1.190837,,4.52074490041e-07,-352.054687,-89.806198,-171.673721,25000,0.002228,25.000000,0,352.056701,0.784272,100.000000,-81.479896,1,1000,0,1.190837,20.000000
142,11.439368,Series RC,1.910643,,4.51807349107e-07,-352.262847,-89.689231,-88.960968,25000,0.002227,25.000000,0,352.268035,0.784414,100.000000,1.349801,1,1000,0,1.910643,20.000000
143,11.519630,Series RC,1.221870,,4.51896804093e-07,-352.193115,-89.801223,87.128684,25000,0.002227,25.000000,0,352.195220,0.784385,100.000000,177.327453,1,1000,0,1.221870,20.000000
144,11.596682,Series RC,1.112730,,4.51888033034e-07,-352.199951,-89.818977,-179.886001,25000,0.002227,25.000000,0,352.201690,0.784330,100.000000,-89.704963,1,1000,0,1.112730,20.000000
145,11.678390,Series RC,1.535379,,4.52056189745e-07,-352.068939,-89.750137,-161.773376,25000,0.002227,25.000000,0,352.072296,0.784209,100.000000,-71.523483,1,1000,0,1.535379,20.000000
146,11.758911,Series RC,1.344077,,4.51604451812e-07,-352.421112,-89.781478,90.654113,25000,0.002226,25.000000,0,352.423675,0.784381,100.000000,-179.127365,1,1000,0,1.344077,20.000000
147,11.840342,Series RC,1.658255,,4.51648295213e-07,-352.386901,-89.730377,-72.696105,25000,0.002226,25.000000,0,352.390808,0.784436,100.000000,17.573520,1,1000,0,1.658255,20.000000
148,11.916553,Series RC,1.580142,,4.51545331618e-07,-352.467254,-89.743141,71.148094,25000,0.002226,25.000000,0,352.470794,0.784438,100.000000,161.404937,1,1000,0,1.580142,20.000000
149,11.995629,Series RC,0.953212,,4.51914425507e-07,-352.179382,-89.844924,151.645019,25000,0.002227,25.000000,0,352.180664,0.784270,100.000000,-118.199913,1,1000,0,0.953212,20.000000
150,12.077995,Series RC,1.278165,,4.52062499404e-07,-352.064025,-89.791984,-178.034576,25000,0.002227,25.000000,0,352.066345,0.784167,100.000000,-87.826568,1,1000,0,1.278165,20.000000
151,12.159389,Series RC,1.410398,,4.51757565892e-07,-352.301666,-89.770622,-53.632446,25000,0.002227,25.000000,0,352.304504,0.784487,100.000000,36.596931,1,1000,0,1.410398,20.000000
152,12.234549,Series RC,0.895499,,4.51970980371e-07,-352.135314,-89.854286,93.966514,25000,0.002228,25.000000,0,352.136444,0.784425,100.000000,-175.887771,1,1000,0,0.895499,20.000000
153,12.318916,Series RC,1.869295,,4.51833730873e-07,-352.242279,-89.695938,155.728164,25000,0.002227,25.000000,0,352.247253,0.784287,100.000000,-113.967788,1,1000,0,1.869295,20.000000
154,12.397829,Series RC,1.361143,,4.51489860455e-07,-352.510559,-89.778762,-81.155288,25000,0.002226,25.000000,0,352.513183,0.784554,100.000000,9.065957,1,1000,0,1.361143,20.000000
155,12.477151,Series RC,1.303588,,4.51629598795e-07,-352.401489,-89.788047,-111.670890,25000,0.002227,25.000000,0,352.403900,0.784646,100.000000,-21.458950,1,1000,0,1.303588,20.000000
156,12.556688,Series RC,1.565206,,4.51490408631e-07,-352.510131,-89.745597,0.220645,25000,0.002226,25.000000,0,352.513610,0.784556,100.000000,90.475059,1,1000,0,1.565206,20.000000
157,12.637839,Series RC,1.023331,,4.52059795243e-07,-352.066131,-89.833465,-165.357604,25000,0.002228,25.000000,0,352.067626,0.784444,100.000000,-75.191055,1,1000,0,1.023331,20.000000
158,12.717362,Series RC,1.202646,,4.51547833618e-07,-352.465301,-89.804496,-113.250328,25000,0.002226,25.000000,0,352.467346,0.784646,100.000000,-23.054807,1,1000,0,1.202646,20.000000
159,12.797189,Series RC,0.800126,,4.51922806201e-07,-352.172851,-89.869819,79.706100,25000,0.002227,25.000000,0,352.173767,0.784431,100.000000,169.836288,1,1000,0,0.800126,20.000000
160,12.871793,Series RC,1.665724,,4.51399745837e-07,-352.580932,-89.729309,-58.421127,25000,0.002225,25.000000,0,352.584869,0.784618,100.000000,31.849573,1,1000,0,1.665724,20.000000
161,12.955765,Series RC,1.343481,,4.51663432396e-07,-352.375091,-89.781547,-141.421234,25000,0.002227,25.000000,0,352.377655,0.784586,100.000000,-51.202774,1,1000,0,1.343481,20.000000
162,13.041009,Series RC,1.097862,,4.51648373395e-07,-352.386840,-89.821495,-138.501968,25000,0.002226,25.000000,0,352.388549,0.784504,100.000000,-48.323463,1,1000,0,1.097862,20.000000
163,13.115502,Series RC,1.239572,,4.52178086957e-07,-351.974029,-89.798217,-48.947734,25000,0.002228,25.000000,0,351.976226,0.784173,100.000000,41.254058,1,1000,0,1.239572,20.000000
164,13.198442,Series RC,1.693684,,4.51856750737e-07,-352.224334,-89.724487,139.961959,25000,0.002226,25.000000,0,352.228393,0.784168,100.000000,-129.762542,1,1000,0,1.693684,20.000000
165,13.272248,Series RC,1.541903,,4.51693789287e-07,-352.351409,-89.749267,111.365188,25000,0.002226,25.000000,0,352.354766,0.784287,100.000000,-158.384078,1,1000,0,1.541903,20.000000
166,13.359393,Series RC,1.193094,,4.51855302386e-07,-352.225463,-89.805923,18.268869,25000,0.002227,25.000000,0,352.227478,0.784561,100.000000,108.462966,1,1000,0,1.193094,20.000000
167,13.439819,Series RC,1.865700,,4.51789226895e-07,-352.276977,-89.696556,83.225532,25000,0.002227,25.000000,0,352.281921,0.784429,100.000000,173.528991,1,1000,0,1.865700,20.000000
168,13.517448,Series RC,1.089364,,4.51757683864e-07,-352.301574,-89.822837,-123.986968,25000,0.002227,25.000000,0,352.303253,0.784455,100.000000,-33.809810,1,1000,0,1.089364,20.000000
169,13.590392,Series RC,1.974526,,4.51622637377e-07,-352.406921,-89.678970,141.227188,25000,0.002226,25.000000,0,352.412445,0.784458,100.000000,-128.451797,1,1000,0,1.974526,20.000000
170,13.680261,Series RC,2.216103,,4.51483568051e-07,-352.515472,-89.639816,69.922729,25000,0.002226,25.000000,0,352.522430,0.784630,100.000000,160.282928,1,1000,0,2.216103,20.000000
171,13.756190,Series RC,1.108897,,4.51944424721e-07,-352.156005,-89.819580,31.656452,25000,0.002228,25.000000,0,352.157745,0.784597,100.000000,121.836853,1,1000,0,1.108897,20.000000
172,13.839891,Series RC,1.223581,,4.52009134794e-07,-352.105590,-89.800888,7.120423,25000,0.002227,25.000000,0,352.107727,0.784303,100.000000,97.319526,1,1000,0,1.223581,20.000000
173,13.916860,Series RC,1.773871,,4.51689015389e-07,-352.355133,-89.711547,-103.753120,25000,0.002226,25.000000,0,352.359588,0.784507,100.000000,-13.464679,1,1000,0,1.773871,20.000000
174,13.997176,Series RC,1.424042,,4.51479698944e-07,-352.518493,-89.768547,-101.392097,25000,0.002226,25.000000,0,352.521362,0.784719,100.000000,-11.160637,1,1000,0,1.424042,20.000000
175,14.078100,Series RC,1.259964,,4.51605978006e-07,-352.419921,-89.795158,1.631938,25000,0.002227,25.000000,0,352.422180,0.784681,100.000000,91.836769,1,1000,0,1.259964,20.000000
176,14.152248,Series RC,1.358141,,4.51761361542e-07,-352.298706,-89.779121,-65.864288,25000,0.002226,25.000000,0,352.301330,0.784320,100.000000,24.356582,1,1000,0,1.358141,20.000000
177,14.241499,Series RC,1.353935,,4.51875660979e-07,-352.209594,-89.779747,23.980333,25000,0.002227,25.000000,0,352.212219,0.784246,100.000000,114.200592,1,1000,0,1.353935,20.000000
178,14.316118,Series RC,1.448186,,4.51891870651e-07,-352.196960,-89.764404,110.154251,25000,0.002227,25.000000,0,352.199920,0.784437,100.000000,-159.610153,1,1000,0,1.448186,20.000000
179,14.399807,Series RC,1.079036,,4.51932204857e-07,-352.165527,-89.824447,-21.278268,25000,0.002227,25.000000,0,352.167175,0.784361,100.000000,68.897300,1,1000,0,1.079036,20.000000
180,14.477797,Series RC,1.122774,,4.51698522264e-07,-352.347717,-89.817420,-136.162719,25000,0.002226,25.000000,0,352.349487,0.784472,100.000000,-45.980148,1,1000,0,1.122774,20.000000
181,14.557404,Series RC,1.277874,,4.51749700381e-07,-352.307800,-89.792175,-140.321517,25000,0.002227,25.000000,0,352.310119,0.784483,100.000000,-50.113697,1,1000,0,1.277874,20.000000
182,14.637060,Series RC,1.349562,,4.51765431677e-07,-352.295532,-89.780509,76.794601,25000,0.002227,25.000000,0,352.298126,0.784510,100.000000,167.014068,1,1000,0,1.349562,20.000000
183,14.718566,Series RC,1.520248,,4.51413616738e-07,-352.570098,-89.752944,-44.634128,25000,0.002226,25.000000,0,352.573364,0.784659,100.000000,45.612918,1,1000,0,1.520248,20.000000
184,14.794401,Series RC,1.456584,,4.52048118671e-07,-352.075225,-89.762954,137.765487,25000,0.002228,25.000000,0,352.078247,0.784379,100.000000,-131.997482,1,1000,0,1.456584,20.000000
185,14.874735,Series RC,1.475475,,4.51583844729e-07,-352.437194,-89.760131,71.146537,25000,0.002226,25.000000,0,352.440277,0.784649,100.000000,161.386413,1,1000,0,1.475475,20.000000
186,14.956163,Series RC,1.401113,,4.52043377081e-07,-352.078918,-89.771995,-164.513076,25000,0.002228,25.000000,0,352.081695,0.784358,100.000000,-74.285064,1,1000,0,1.401113,20.000000
187,15.039320,Series RC,1.337182,,4.5186129213e-07,-352.220794,-89.782485,-13.377627,25000,0.002227,25.000000,0,352.223327,0.784442,100.000000,76.839889,1,1000,0,1.337182,20.000000
188,15.117618,Series RC,1.377001,,4.51581498649e-07,-352.439025,-89.776138,46.623077,25000,0.002226,25.000000,0,352.441711,0.784606,100.000000,136.846939,1,1000,0,1.377001,20.000000
189,15.191403,Series RC,1.906664,,4.51775019996e-07,-352.288055,-89.689895,141.443344,25000,0.002227,25.000000,0,352.293212,0.784623,100.000000,-128.246551,1,1000,0,1.906664,20.000000
190,15.265650,Series RC,1.386423,,4.5146824698e-07,-352.527435,-89.774665,-155.045989,25000,0.002226,25.000000,0,352.530151,0.784597,100.000000,-64.820640,1,1000,0,1.386423,20.000000
191,15.348609,Series RC,1.409134,,4.52135983825e-07,-352.006805,-89.770629,166.726028,25000,0.002228,25.000000,0,352.009613,0.784329,100.000000,-103.044601,1,1000,0,1.409134,20.000000
192,15.424767,Series RC,1.399043,,4.52088127626e-07,-352.044067,-89.772300,138.121368,25000,0.002228,25.000000,0,352.046844,0.784313,100.000000,-131.650939,1,1000,0,1.399043,20.000000
193,15.526026,Series RC,1.418046,,4.51943602086e-07,-352.156646,-89.769279,-162.473861,25000,0.002227,25.000000,0,352.159484,0.784359,100.000000,-72.243141,1,1000,0,1.418046,20.000000
194,15.598712,Series RC,1.215239,,4.51864658464e-07,-352.218170,-89.802307,-77.437393,25000,0.002227,25.000000,0,352.220275,0.784304,100.000000,12.760274,1,1000,0,1.215239,20.000000
195,15.692688,Series RC,1.220032,,4.52111133606e-07,-352.026153,-89.801422,167.737167,25000,0.002228,25.000000,0,352.028289,0.784263,100.000000,-102.064285,1,1000,0,1.220032,20.000000
196,15.765251,Series RC,1.896562,,4.5162044724e-07,-352.408630,-89.691650,156.745590,25000,0.002226,25.000000,0,352.413726,0.784486,100.000000,-112.946067,1,1000,0,1.896562,20.000000
197,15.853672,Series RC,1.272587,,4.5153923239e-07,-352.472015,-89.793128,2.594527,25000,0.002226,25.000000,0,352.474304,0.784603,100.000000,92.801383,1,1000,0,1.272587,20.000000
198,15.926575,Series RC,1.725327,,4.51443274185e-07,-352.546936,-89.719604,158.180633,25000,0.002225,25.000000,0,352.551147,0.784564,100.000000,-111.538978,1,1000,0,1.725327,20.000000
199,16.007256,Series RC,2.164968,,4.51472976512e-07,-352.523742,-89.648124,127.490951,25000,0.002225,25.000000,0,352.530395,0.784547,100.000000,-142.157180,1,1000,0,2.164968,20.000000
200,16.081100,Series RC,1.339581,,4.51788795982e-07,-352.277313,-89.782127,2.117940,25000,0.002227,25.000000,0,352.279876,0.784533,100.000000,92.335807,1,1000,0,1.339581,20.000000
201,16.177701,Series RC,1.140195,,4.52118541635e-07,-352.020385,-89.814414,-36.279373,25000,0.002228,25.000000,0,352.022216,0.784402,100.000000,53.906208,1,1000,0,1.140195,20.000000
202,16.250721,Series RC,1.477752,,4.51735495967e-07,-352.318878,-89.759681,159.688995,25000,0.002227,25.000000,0,352.321990,0.784545,100.000000,-110.070671,1,1000,0,1.477752,20.000000
203,16.342306,Series RC,1.610871,,4.52095260077e-07,-352.038513,-89.737831,168.523880,25000,0.002227,25.000000,0,352.042205,0.784047,100.000000,-101.213935,1,1000,0,1.610871,20.000000
204,16.415738,Series RC,2.194581,,4.51588302475e-07,-352.433715,-89.643218,26.421606,25000,0.002226,25.000000,0,352.440551,0.784395,100.000000,116.778388,1,1000,0,2.194581,20.000000
205,16.497072,Series RC,1.178888,,4.51796076741e-07,-352.271636,-89.808258,178.816253,25000,0.002227,25.000000,0,352.273620,0.784352,100.000000,-90.992019,1,1000,0,1.178888,20.000000
206,16.579408,Series RC,1.544033,,4.51292053231e-07,-352.665069,-89.749145,-58.290695,25000,0.002225,25.000000,0,352.668457,0.784579,100.000000,31.960155,1,1000,0,1.544033,20.000000
207,16.658401,Series RC,1.294435,,4.52008938383e-07,-352.105743,-89.789360,51.259727,25000,0.002227,25.000000,0,352.108123,0.784166,100.000000,141.470367,1,1000,0,1.294435,20.000000
208,16.737843,Series RC,1.275448,,4.51716597455e-07,-352.333618,-89.792587,59.271553,25000,0.002227,25.000000,0,352.335906,0.784555,100.000000,149.478958,1,1000,0,1.275448,20.000000
209,16.810988,Series RC,1.404809,,4.51718241075e-07,-352.332336,-89.771553,-91.513267,25000,0.002225,25.000000,0,352.335144,0.784096,100.000000,-1.284799,1,1000,0,1.404809,20.000000
210,16.900508,Series RC,1.450837,,4.52034012317e-07,-352.086212,-89.763900,-92.102912,25000,0.002227,25.000000,0,352.089202,0.783971,100.000000,-1.866830,1,1000,0,1.450837,20.000000
211,16.973368,Series RC,1.275834,,4.52085659445e-07,-352.045989,-89.792350,93.304542,25000,0.002228,25.000000,0,352.048309,0.784235,100.000000,-176.487823,1,1000,0,1.275834,20.000000
212,17.060796,Series RC,1.241624,,4.51919634051e-07,-352.175323,-89.797996,32.478248,25000,0.002227,25.000000,0,352.177520,0.784427,100.000000,122.680244,1,1000,0,1.241624,20.000000
213,17.142215,Series RC,1.151797,,4.51781282053e-07,-352.283172,-89.812667,-164.985733,25000,0.002226,25.000000,0,352.285064,0.784228,100.000000,-74.798408,1,1000,0,1.151797,20.000000
214,17.222564,Series RC,1.493259,,4.51745592062e-07,-352.311004,-89.757148,-17.786575,25000,0.002226,25.000000,0,352.314178,0.784248,100.000000,72.456268,1,1000,0,1.493259,20.000000
215,17.299494,Series RC,1.356536,,4.51820226636e-07,-352.252807,-89.779357,122.239891,25000,0.002226,25.000000,0,352.255432,0.784273,100.000000,-147.539459,1,1000,0,1.356536,20.000000
216,17.373489,Series RC,1.606359,,4.51782299029e-07,-352.282379,-89.738739,25.802442,25000,0.002226,25.000000,0,352.286041,0.784185,100.000000,116.063713,1,1000,0,1.606359,20.000000
217,17.462836,Series RC,1.702829,,4.51458046743e-07,-352.535400,-89.723243,83.624954,25000,0.002225,25.000000,0,352.539520,0.784492,100.000000,173.901718,1,1000,0,1.702829,20.000000
218,17.535572,Series RC,1.327118,,4.51857063757e-07,-352.224090,-89.784118,-127.937332,25000,0.002227,25.000000,0,352.226593,0.784409,100.000000,-37.721446,1,1000,0,1.327118,20.000000
219,17.626643,Series RC,1.231327,,4.51476963329e-07,-352.520629,-89.799873,121.136436,25000,0.002225,25.000000,0,352.522796,0.784277,100.000000,-148.663436,1,1000,0,1.231327,20.000000
220,17.705077,Series RC,1.281507,,4.5174238265e-07,-352.313507,-89.791595,134.113708,25000,0.002226,25.000000,0,352.315826,0.784290,100.000000,-135.677871,1,1000,0,1.281507,20.000000
221,17.785862,Series RC,1.334742,,4.51948380085e-07,-352.152923,-89.782829,-69.661857,25000,0.002227,25.000000,0,352.155456,0.784315,100.000000,20.555294,1,1000,0,1.334742,20.000000
222,17.866989,Series RC,1.144715,,4.51659169273e-07,-352.378417,-89.813865,-148.510787,25000,0.002225,25.000000,0,352.380279,0.784182,100.000000,-58.324657,1,1000,0,1.144715,20.000000
223,17.945416,Series RC,1.307398,,4.51648646394e-07,-352.386627,-89.787429,-110.703094,25000,0.002225,25.000000,0,352.389068,0.784164,100.000000,-20.490509,1,1000,0,1.307398,20.000000
224,18.027841,Series RC,1.531170,,4.5186148713e-07,-352.220642,-89.750923,54.455894,25000,0.002227,25.000000,0,352.223968,0.784232,100.000000,144.704971,1,1000,0,1.531170,20.000000
225,18.107449,Series RC,1.252830,,4.51996754823e-07,-352.115234,-89.796142,-135.713882,25000,0.002227,25.000000,0,352.117462,0.784180,100.000000,-45.510025,1,1000,0,1.252830,20.000000
226,18.187818,Series RC,1.452678,,4.51565622571e-07,-352.451416,-89.763839,61.002418,25000,0.002225,25.000000,0,352.454406,0.784303,100.000000,151.238586,1,1000,0,1.452678,20.000000
227,18.267045,Series RC,1.408031,,4.51493182833e-07,-352.507965,-89.771133,-174.020492,25000,0.002225,25.000000,0,352.510772,0.784267,100.000000,-83.791633,1,1000,0,1.408031,20.000000
228,18.343581,Series RC,1.067950,,4.51791183973e-07,-352.275451,-89.826301,-93.381111,25000,0.002226,25.000000,0,352.277069,0.784238,100.000000,-3.207428,1,1000,0,1.067950,20.000000
229,18.429130,Series RC,1.394483,,4.51661710987e-07,-352.376434,-89.773254,118.383377,25000,0.002226,25.000000,0,352.379180,0.784449,100.000000,-151.389877,1,1000,0,1.394483,20.000000
230,18.501943,Series RC,2.118145,,4.51689133325e-07,-352.355041,-89.655578,-59.635677,25000,0.002226,25.000000,0,352.361419,0.784249,100.000000,30.708740,1,1000,0,2.118145,20.000000
231,18.597055,Series RC,1.354737,,4.51776351133e-07,-352.287017,-89.779663,-133.503677,25000,0.002226,25.000000,0,352.289611,0.784095,100.000000,-43.283351,1,1000,0,1.354737,20.000000
232,18.669689,Series RC,1.076395,,4.51842499824e-07,-352.235443,-89.824905,-91.022384,25000,0.002226,25.000000,0,352.237091,0.784036,100.000000,-0.847299,1,1000,0,1.076395,20.000000
233,18.759381,Series RC,1.110434,,4.5142147055e-07,-352.563964,-89.819541,135.284103,25000,0.002225,25.000000,0,352.565704,0.784297,100.000000,-134.535430,1,1000,0,1.110434,20.000000
234,18.838974,Series RC,0.855616,,4.51973173909e-07,-352.133605,-89.860778,36.492485,25000,0.002227,25.000000,0,352.134643,0.784116,100.000000,126.631690,1,1000,0,0.855616,20.000000
235,18.914220,Series RC,1.165609,,4.52092281988e-07,-352.040832,-89.810295,-121.093597,25000,0.002227,25.000000,0,352.042755,0.784018,100.000000,-30.903884,1,1000,0,1.165609,20.000000
236,18.998380,Series RC,1.326218,,4.51648646394e-07,-352.386627,-89.784370,-24.753583,25000,0.002226,25.000000,0,352.389129,0.784292,100.000000,65.462059,1,1000,0,1.326218,20.000000
237,19.078678,Series RC,1.425778,,4.51621737739e-07,-352.407623,-89.768196,30.245565,25000,0.002226,25.000000,0,352.410491,0.784311,100.000000,120.477371,1,1000,0,1.425778,20.000000
238,19.160030,Series RC,1.375165,,4.5154947601e-07,-352.464019,-89.776451,130.610427,25000,0.002225,25.000000,0,352.466705,0.784378,100.000000,-139.166015,1,1000,0,1.375165,20.000000
239,19.232717,Series RC,1.202832,,4.52172010448e-07,-351.978759,-89.804206,-106.956314,25000,0.002227,25.000000,0,351.980804,0.783879,100.000000,-16.760515,1,1000,0,1.202832,20.000000
240,19.324873,Series RC,1.227341,,4.52077467895e-07,-352.052368,-89.800247,139.439697,25000,0.002226,25.000000,0,352.054504,0.783805,100.000000,-130.360549,1,1000,0,1.227341,20.000000
241,19.398890,Series RC,1.269373,,4.51726105491e-07,-352.326202,-89.793563,-156.387863,25000,0.002226,25.000000,0,352.328491,0.784362,100.000000,-66.181427,1,1000,0,1.269373,20.000000
242,19.479506,Series RC,1.287066,,4.51943602086e-07,-352.156646,-89.790596,-149.112884,25000,0.002226,25.000000,0,352.158996,0.783911,100.000000,-58.903461,1,1000,0,1.287066,20.000000
243,19.558330,Series RC,1.493785,,4.51891361274e-07,-352.197357,-89.756996,67.826858,25000,0.002226,25.000000,0,352.200531,0.783914,100.000000,158.069885,1,1000,0,1.493785,20.000000
244,19.640780,Series RC,1.244532,,4.52022258765e-07,-352.095367,-89.797485,6.585603,25000,0.002227,25.000000,0,352.097564,0.784110,100.000000,96.788124,1,1000,0,1.244532,20.000000
245,19.715849,Series RC,1.231543,,4.51736708911e-07,-352.317932,-89.799713,-112.035079,25000,0.002226,25.000000,0,352.320068,0.784270,100.000000,-21.834796,1,1000,0,1.231543,20.000000
246,19.804862,Series RC,2.282480,,4.51454646767e-07,-352.538055,-89.629051,-175.011337,25000,0.002225,25.000000,0,352.545440,0.784276,100.000000,-84.640403,1,1000,0,2.282480,20.000000
247,19.878161,Series RC,1.368924,,4.51363099726e-07,-352.609558,-89.777557,-159.425765,25000,0.002224,25.000000,0,352.612213,0.784305,100.000000,-69.203338,1,1000,0,1.368924,20.000000
248,19.959716,Series RC,2.223381,,4.51575907108e-07,-352.443389,-89.638549,-59.961791,25000,0.002225,25.000000,0,352.450408,0.784296,100.000000,30.399654,1,1000,0,2.223381,20.000000
249,20.043035,Series RC,1.582329,,4.51328882347e-07,-352.636291,-89.742904,143.915802,25000,0.002225,25.000000,0,352.639831,0.784497,100.000000,-125.827102,1,1000,0,1.582329,20.000000
250,20.122128,Series RC,1.326749,,4.51868299396e-07,-352.215332,-89.784172,-91.971862,25000,0.002226,25.000000,0,352.217834,0.783865,100.000000,-1.756028,1,1000,0,1.326749,20.000000
251,20.203907,Series RC,1.505926,,4.51624671186e-07,-352.405334,-89.755157,-57.399742,25000,0.002225,25.000000,0,352.408569,0.784275,100.000000,32.845096,1,1000,0,1.505926,20.000000
252,20.280527,Series RC,1.046502,,4.51695666057e-07,-352.349945,-89.829826,-152.493682,25000,0.002225,25.000000,0,352.351501,0.784125,100.000000,-62.323516,1,1000,0,1.046502,20.000000
253,20.361771,Series RC,1.364856,,4.5170759878e-07,-352.340637,-89.778053,73.377616,25000,0.002226,25.000000,0,352.343261,0.784413,100.000000,163.599563,1,1000,0,1.364856,20.000000
254,20.439977,Series RC,1.424887,,4.51664684688e-07,-352.374114,-89.768310,158.580520,25000,0.002226,25.000000,0,352.376983,0.784354,100.000000,-111.187805,1,1000,0,1.424887,20.000000
255,20.512548,Series RC,1.249998,,4.52049450134e-07,-352.074188,-89.796577,-122.416366,25000,0.002227,25.000000,0,352.076416,0.784104,100.000000,-32.212955,1,1000,0,1.249998,20.000000
256,20.604506,Series RC,1.320827,,4.51940586212e-07,-352.158996,-89.785102,64.683006,25000,0.002226,25.000000,0,352.161468,0.784069,100.000000,154.897888,1,1000,0,1.320827,20.000000
257,20.677272,Series RC,1.294945,,4.51654983133e-07,-352.381683,-89.789451,63.055500,25000,0.002225,25.000000,0,352.384063,0.784224,100.000000,153.266052,1,1000,0,1.294945,20.000000
258,20.765250,Series RC,2.156313,,4.51613173422e-07,-352.414306,-89.649429,-30.923488,25000,0.002226,25.000000,0,352.420898,0.784340,100.000000,59.427097,1,1000,0,2.156313,20.000000
259,20.840473,Series RC,1.265887,,4.51890696649e-07,-352.197875,-89.794059,-27.751054,25000,0.002227,25.000000,0,352.200134,0.784282,100.000000,62.454864,1,1000,0,1.265887,20.000000
260,20.923933,Series RC,1.192948,,4.51655844452e-07,-352.381011,-89.806030,48.910133,25000,0.002225,25.000000,0,352.383026,0.784079,100.000000,139.104110,1,1000,0,1.192948,20.000000
261,20.997417,Series RC,1.526517,,4.51747235893e-07,-352.309722,-89.751747,-143.968032,25000,0.002226,25.000000,0,352.313018,0.784300,100.000000,-53.719783,1,1000,0,1.526517,20.000000
262,21.081248,Series RC,1.167701,,4.51932283138e-07,-352.165466,-89.810020,17.308481,25000,0.002227,25.000000,0,352.167419,0.784173,100.000000,107.498474,1,1000,0,1.167701,20.000000
263,21.159825,Series RC,1.438621,,4.51863366576e-07,-352.219177,-89.765975,-36.596775,25000,0.002226,25.000000,0,352.222106,0.784165,100.000000,53.637264,1,1000,0,1.438621,20.000000
264,21.233639,Series RC,1.134117,,4.51831303951e-07,-352.244171,-89.815521,165.813552,25000,0.002226,25.000000,0,352.246002,0.784146,100.000000,-104.001976,1,1000,0,1.134117,20.000000
265,21.323625,Series RC,1.449197,,4.51576688685e-07,-352.442779,-89.764404,104.224960,25000,0.002225,25.000000,0,352.445770,0.784230,100.000000,-165.539459,1,1000,0,1.449197,20.000000
266,21.396324,Series RC,1.049769,,4.51844340629e-07,-352.234008,-89.829238,122.306877,25000,0.002226,25.000000,0,352.235565,0.784129,100.000000,-147.522338,1,1000,0,1.049769,20.000000
267,21.481428,Series RC,1.424888,,4.51531100341e-07,-352.478363,-89.768379,-10.329536,25000,0.002225,25.000000,0,352.481262,0.784251,100.000000,79.902084,1,1000,0,1.424888,20.000000
268,21.554029,Series RC,1.157013,,4.5164696483e-07,-352.387939,-89.811874,20.233058,25000,0.002225,25.000000,0,352.389831,0.784148,100.000000,110.421173,1,1000,0,1.157013,20.000000
269,21.642552,Series RC,1.360613,,4.51610005616e-07,-352.416778,-89.778793,-125.596000,25000,0.002225,25.000000,0,352.419403,0.784281,100.000000,-35.374797,1,1000,0,1.360613,20.000000
270,21.721782,Series RC,1.301148,,4.51659989591e-07,-352.377777,-89.788436,74.688552,25000,0.002226,25.000000,0,352.380187,0.784374,100.000000,164.900100,1,1000,0,1.301148,20.000000
271,21.801907,Series RC,2.214265,,4.5163546593e-07,-352.396911,-89.639984,156.116058,25000,0.002225,25.000000,0,352.403869,0.784260,100.000000,-113.523933,1,1000,0,2.214265,20.000000
272,21.882164,Series RC,1.675552,,4.51515229087e-07,-352.490753,-89.727645,-159.871078,25000,0.002225,25.000000,0,352.494750,0.784296,100.000000,-69.598724,1,1000,0,1.675552,20.000000
273,21.958315,Series RC,1.418634,,4.51381852175e-07,-352.594909,-89.769477,-66.873596,25000,0.002224,25.000000,0,352.597778,0.784310,100.000000,23.356946,1,1000,0,1.418634,20.000000
274,22.042646,Series RC,1.803821,,4.51594128815e-07,-352.429168,-89.706741,-14.977715,25000,0.002225,25.000000,0,352.433776,0.784208,100.000000,75.315544,1,1000,0,1.803821,20.000000
275,22.115305,Series RC,1.698567,,4.51451286539e-07,-352.540679,-89.723945,100.020980,25000,0.002224,25.000000,0,352.544769,0.784204,100.000000,-169.702972,1,1000,0,1.698567,20.000000
276,22.209068,Series RC,2.026621,,4.51491307746e-07,-352.509429,-89.670593,-30.570859,25000,0.002225,25.000000,0,352.515258,0.784211,100.000000,59.758529,1,1000,0,2.026621,20.000000
277,22.283625,Series RC,1.179603,,4.51940273076e-07,-352.159240,-89.808082,-106.452789,25000,0.002226,25.000000,0,352.161224,0.783936,100.000000,-16.260869,1,1000,0,1.179603,20.000000
278,22.365580,Series RC,1.605940,,4.51876443594e-07,-352.208984,-89.738754,97.764854,25000,0.002226,25.000000,0,352.212646,0.784072,100.000000,-171.973907,1,1000,0,1.605940,20.000000
279,22.443768,Series RC,1.947761,,4.51516284574e-07,-352.489929,-89.683403,99.160316,25000,0.002225,25.000000,0,352.495300,0.784229,100.000000,-170.523071,1,1000,0,1.947761,20.000000
280,22.526664,Series RC,1.399802,,4.51572113293e-07,-352.446350,-89.772438,144.929534,25000,0.002225,25.000000,0,352.449127,0.784289,100.000000,-124.842903,1,1000,0,1.399802,20.000000
281,22.599414,Series RC,1.597305,,4.51991231296e-07,-352.119537,-89.740089,97.398231,25000,0.002227,25.000000,0,352.123168,0.784068,100.000000,-172.341857,1,1000,0,1.597305,20.000000
282,22.692582,Series RC,1.287452,,4.52161543304e-07,-351.986907,-89.790428,8.441591,25000,0.002227,25.000000,0,351.989257,0.784003,100.000000,98.651153,1,1000,0,1.287452,20.000000
283,22.765379,Series RC,1.768303,,4.51737843647e-07,-352.317047,-89.712425,69.324630,25000,0.002225,25.000000,0,352.321472,0.784077,100.000000,159.612213,1,1000,0,1.768303,20.000000
284,22.853902,Series RC,1.654751,,4.51687295066e-07,-352.356475,-89.730918,-3.823116,25000,0.002225,25.000000,0,352.360351,0.783985,100.000000,86.445960,1,1000,0,1.654751,20.000000
285,22.926593,Series RC,1.558551,,4.52152368894e-07,-351.994049,-89.746307,-167.915924,25000,0.002229,25.000000,0,351.997497,0.784608,100.000000,-77.662216,1,1000,0,1.558551,20.000000
286,23.016710,Series RC,1.545253,,4.52409047249e-07,-351.794342,-89.748329,65.936775,25000,0.002230,25.000000,0,351.797729,0.784342,100.000000,156.188446,1,1000,0,1.545253,20.000000
287,23.092652,Series RC,1.220912,,4.5190949168e-07,-352.183227,-89.801368,121.202957,25000,0.002227,25.000000,0,352.185333,0.784431,100.000000,-148.598419,1,1000,0,1.220912,20.000000
288,23.176728,Series RC,1.118852,,4.52366116783e-07,-351.827728,-89.817794,93.687744,25000,0.002229,25.000000,0,351.829498,0.784300,100.000000,-176.130035,1,1000,0,1.118852,20.000000
289,23.251367,Series RC,1.290156,,4.52008272128e-07,-352.106262,-89.790061,119.614562,25000,0.002228,25.000000,0,352.108612,0.784602,100.000000,-150.175491,1,1000,0,1.290156,20.000000
290,23.334730,Series RC,1.685606,,4.51748683552e-07,-352.308593,-89.725868,-14.473225,25000,0.002227,25.000000,0,352.312622,0.784629,100.000000,75.800918,1,1000,0,1.685606,20.000000
291,23.413613,Series RC,1.703982,,4.51709164131e-07,-352.339416,-89.722908,114.948059,25000,0.002227,25.000000,0,352.343536,0.784653,100.000000,-154.774841,1,1000,0,1.703982,20.000000
292,23.494912,Series RC,1.425947,,4.52286791572e-07,-351.889434,-89.767822,94.665290,25000,0.002228,25.000000,0,351.892303,0.784089,100.000000,-175.102554,1,1000,0,1.425947,20.000000
293,23.576393,Series RC,1.346359,,4.52163817053e-07,-351.985137,-89.780838,-170.482345,25000,0.002229,25.000000,0,351.987701,0.784571,100.000000,-80.263175,1,1000,0,1.346359,20.000000
294,23.650631,Series RC,1.543318,,4.51599212089e-07,-352.425201,-89.749099,56.930412,25000,0.002227,25.000000,0,352.428588,0.784768,100.000000,147.181335,1,1000,0,1.543318,20.000000
295,23.736324,Series RC,1.291634,,4.51902168771e-07,-352.188934,-89.789863,106.608268,25000,0.002227,25.000000,0,352.191314,0.784438,100.000000,-163.181610,1,1000,0,1.291634,20.000000
296,23.808852,Series RC,1.467267,,4.52196278923e-07,-351.959869,-89.761138,-7.587508,25000,0.002228,25.000000,0,351.962921,0.784223,100.000000,82.651344,1,1000,0,1.467267,20.000000
297,23.902388,Series RC,2.058065,,4.51765588124e-07,-352.295410,-89.665283,155.850585,25000,0.002227,25.000000,0,352.301422,0.784575,100.000000,-113.814697,1,1000,0,2.058065,20.000000
298,23.975163,Series RC,1.391390,,4.51711315385e-07,-352.337738,-89.773742,19.860841,25000,0.002226,25.000000,0,352.340484,0.784385,100.000000,110.087120,1,1000,0,1.391390,20.000000
299,24.064465,Series RC,1.334906,,4.51835923079e-07,-352.240570,-89.782859,-95.414237,25000,0.002227,25.000000,0,352.243103,0.784345,100.000000,-5.197099,1,1000,0,1.334906,20.000000
300,24.137532,Series RC,1.274925,,4.51693397014e-07,-352.351715,-89.792686,149.720779,25000,0.002226,25.000000,0,352.354034,0.784314,100.000000,-120.071891,1,1000,0,1.274925,20.000000
301,24.222616,Series RC,1.984449,,4.51792671671e-07,-352.274291,-89.677238,40.813365,25000,0.002227,25.000000,0,352.279876,0.784590,100.000000,131.136138,1,1000,0,1.984449,20.000000
302,24.295451,Series RC,1.506932,,4.51801712212e-07,-352.267242,-89.754898,99.955825,25000,0.002228,25.000000,0,352.270477,0.784778,100.000000,-169.799072,1,1000,0,1.506932,20.000000
303,24.385582,Series RC,1.465333,,4.52016343062e-07,-352.099975,-89.761550,3.940303,25000,0.002228,25.000000,0,352.103027,0.784391,100.000000,94.178749,1,1000,0,1.465333,20.000000
304,24.458066,Series RC,1.389895,,4.52087970956e-07,-352.044189,-89.773788,51.650741,25000,0.002228,25.000000,0,352.046936,0.784255,100.000000,141.876968,1,1000,0,1.389895,20.000000
305,24.545806,Series RC,2.131257,,4.51830365e-07,-352.244903,-89.653335,-131.639282,25000,0.002227,25.000000,0,352.251342,0.784574,100.000000,-41.292613,1,1000,0,2.131257,20.000000
306,24.622486,Series RC,1.404392,,4.5204145762e-07,-352.080413,-89.771461,138.127044,25000,0.002228,25.000000,0,352.083221,0.784291,100.000000,-131.644424,1,1000,0,1.404392,20.000000
307,24.702818,Series RC,1.374646,,4.52134258812e-07,-352.008148,-89.776245,22.694538,25000,0.002228,25.000000,0,352.010833,0.784315,100.000000,112.918273,1,1000,0,1.374646,20.000000
308,24.783479,Series RC,1.320271,,4.52217138532e-07,-351.943634,-89.785057,137.938018,25000,0.002229,25.000000,0,351.946105,0.784346,100.000000,-131.847045,1,1000,0,1.320271,20.000000
309,24.857836,Series RC,1.135482,,4.51722819429e-07,-352.328765,-89.815345,20.137037,25000,0.002226,25.000000,0,352.330596,0.784316,100.000000,110.321685,1,1000,0,1.135482,20.000000
310,24.933163,Series RC,1.800594,,4.52003219435e-07,-352.110198,-89.707008,141.332138,25000,0.002228,25.000000,0,352.114807,0.784413,100.000000,-128.374893,1,1000,0,1.800594,20.000000
311,25.010683,Series RC,1.258183,,4.5203416895e-07,-352.086090,-89.795249,139.265792,25000,0.002227,25.000000,0,352.088348,0.784185,100.000000,-130.529464,1,1000,0,1.258183,20.000000
312,25.108443,Series RC,1.772045,,4.51961735401e-07,-352.142517,-89.711677,98.045944,25000,0.002227,25.000000,0,352.146972,0.784363,100.000000,-171.665740,1,1000,0,1.772045,20.000000
313,25.181255,Series RC,1.433488,,4.51786956912e-07,-352.278747,-89.766853,2.041295,25000,0.002227,25.000000,0,352.281646,0.784477,100.000000,92.274436,1,1000,0,1.433488,20.000000
314,25.272708,Series RC,1.071513,,4.52130496711e-07,-352.011077,-89.825592,-64.847396,25000,0.002228,25.000000,0,352.012695,0.784379,100.000000,25.327011,1,1000,0,1.071513,20.000000
315,25.349067,Series RC,1.478359,,4.51601480186e-07,-352.423431,-89.759658,102.467491,25000,0.002226,25.000000,0,352.426544,0.784510,100.000000,-167.292160,1,1000,0,1.478359,20.000000
316,25.430809,Series RC,1.382514,,4.51921552478e-07,-352.173828,-89.775070,-126.422775,25000,0.002227,25.000000,0,352.176544,0.784464,100.000000,-36.197849,1,1000,0,1.382514,20.000000
317,25.508490,Series RC,1.595749,,4.51623458844e-07,-352.406280,-89.740554,128.429077,25000,0.002226,25.000000,0,352.409881,0.784436,100.000000,-141.311462,1,1000,0,1.595749,20.000000
318,25.590984,Series RC,2.328287,,4.51732287981e-07,-352.321380,-89.621368,12.146705,25000,0.002226,25.000000,0,352.329071,0.784275,100.000000,102.525337,1,1000,0,2.328287,20.000000
319,25.664354,Series RC,1.488128,,4.51518278997e-07,-352.488372,-89.758110,-145.078918,25000,0.002225,25.000000,0,352.491516,0.784341,100.000000,-54.837017,1,1000,0,1.488128,20.000000
320,25.752478,Series RC,1.280045,,4.51872920564e-07,-352.211730,-89.791770,-38.861354,25000,0.002227,25.000000,0,352.214050,0.784502,100.000000,51.346897,1,1000,0,1.280045,20.000000
321,25.825197,Series RC,1.310166,,4.52258472838e-07,-351.911468,-89.786689,6.715239,25000,0.002229,25.000000,0,351.913909,0.784327,100.000000,96.928535,1,1000,0,1.310166,20.000000
322,25.918770,Series RC,1.319869,,4.51866224904e-07,-352.216949,-89.785293,-97.369506,25000,0.002227,25.000000,0,352.219421,0.784512,100.000000,-7.154806,1,1000,0,1.319869,20.000000
323,25.991899,Series RC,1.295577,,4.52167031172e-07,-351.982635,-89.789108,109.589981,25000,0.002228,25.000000,0,351.985015,0.784131,100.000000,-160.199127,1,1000,0,1.295577,20.000000
324,26.081848,Series RC,1.219648,,4.52191220741e-07,-351.963806,-89.801452,150.286651,25000,0.002228,25.000000,0,351.965911,0.784338,100.000000,-119.514808,1,1000,0,1.219648,20.000000
325,26.154627,Series RC,1.178763,,4.5184383136e-07,-352.234405,-89.808258,134.056915,25000,0.002227,25.000000,0,352.236389,0.784515,100.000000,-135.751327,1,1000,0,1.178763,20.000000
326,26.242384,Series RC,1.175375,,4.52145469705e-07,-351.999420,-89.808685,50.513366,25000,0.002228,25.000000,0,352.001373,0.784246,100.000000,140.704696,1,1000,0,1.175375,20.000000
327,26.315269,Series RC,1.268447,,4.52175538144e-07,-351.976013,-89.793518,-36.141139,25000,0.002228,25.000000,0,351.978302,0.784196,100.000000,54.065334,1,1000,0,1.268447,20.000000
328,26.407049,Series RC,1.387497,,4.51829895526e-07,-352.245269,-89.774314,-66.988121,25000,0.002227,25.000000,0,352.247985,0.784391,100.000000,23.237577,1,1000,0,1.387497,20.000000
329,26.483599,Series RC,1.098864,,4.51927114084e-07,-352.169494,-89.821220,-138.221923,25000,0.002227,25.000000,0,352.171203,0.784297,100.000000,-48.043125,1,1000,0,1.098864,20.000000
330,26.565870,Series RC,1.170926,,4.52113720224e-07,-352.024139,-89.809417,79.240821,25000,0.002228,25.000000,0,352.026092,0.784215,100.000000,169.431396,1,1000,0,1.170926,20.000000
331,26.645572,Series RC,1.303961,,4.51937060897e-07,-352.161743,-89.787841,150.081558,25000,0.002227,25.000000,0,352.164154,0.784289,100.000000,-119.706291,1,1000,0,1.303961,20.000000
332,26.726861,Series RC,1.288396,,4.51889364837e-07,-352.198913,-89.790397,47.011730,25000,0.002227,25.000000,0,352.201263,0.784432,100.000000,137.221313,1,1000,0,1.288396,20.000000
333,26.801787,Series RC,1.634902,,4.51855928422e-07,-352.224975,-89.734046,169.611740,25000,0.002226,25.000000,0,352.228759,0.784195,100.000000,-100.122329,1,1000,0,1.634902,20.000000
334,26.890499,Series RC,1.542060,,4.51844613865e-07,-352.233795,-89.749160,111.742118,25000,0.002226,25.000000,0,352.237182,0.784231,100.000000,-158.007034,1,1000,0,1.542060,20.000000
335,26.963862,Series RC,1.507519,,4.51650798353e-07,-352.384948,-89.754882,14.269313,25000,0.002226,25.000000,0,352.388183,0.784497,100.000000,104.514427,1,1000,0,1.507519,20.000000
336,27.047022,Series RC,1.249663,,4.51957858094e-07,-352.145538,-89.796676,132.447219,25000,0.002228,25.000000,0,352.147766,0.784499,100.000000,-137.349456,1,1000,0,1.249663,20.000000
337,27.126971,Series RC,1.399162,,4.52131083693e-07,-352.010620,-89.772262,-155.263473,25000,0.002229,25.000000,0,352.013397,0.784479,100.000000,-65.035736,1,1000,0,1.399162,20.000000
338,27.207816,Series RC,1.488009,,4.51860235029e-07,-352.221618,-89.757942,-176.395629,25000,0.002226,25.000000,0,352.224761,0.784226,100.000000,-86.153564,1,1000,0,1.488009,20.000000
339,27.285918,Series RC,1.314500,,4.51950848051e-07,-352.151000,-89.786125,124.346786,25000,0.002227,25.000000,0,352.153442,0.784138,100.000000,-145.439361,1,1000,0,1.314500,20.000000
340,27.366545,Series RC,1.409204,,4.52167384445e-07,-351.982360,-89.770614,166.905700,25000,0.002227,25.000000,0,351.985198,0.784023,100.000000,-102.864921,1,1000,0,1.409204,20.000000
341,27.445486,Series RC,1.473625,,4.5179040037e-07,-352.276062,-89.760322,19.659742,25000,0.002226,25.000000,0,352.279144,0.784213,100.000000,109.899421,1,1000,0,1.473625,20.000000
342,27.521796,Series RC,1.172845,,4.5195613444e-07,-352.146881,-89.809165,7.710766,25000,0.002227,25.000000,0,352.148834,0.784266,100.000000,97.901588,1,1000,0,1.172845,20.000000
343,27.595577,Series RC,1.495212,,4.52069042941e-07,-352.058929,-89.756660,74.964523,25000,0.002228,25.000000,0,352.062103,0.784268,100.000000,165.207855,1,1000,0,1.495212,20.000000
344,27.690186,Series RC,1.911271,,4.51857416546e-07,-352.223815,-89.689094,26.928897,25000,0.002227,25.000000,0,352.229003,0.784414,100.000000,117.239807,1,1000,0,1.911271,20.000000
345,27.764161,Series RC,1.946585,,4.51808444438e-07,-352.261993,-89.683387,-103.362564,25000,0.002227,25.000000,0,352.267364,0.784464,100.000000,-13.045949,1,1000,0,1.946585,20.000000
346,27.846737,Series RC,1.596423,,4.51884470048e-07,-352.202728,-89.740295,-125.640953,25000,0.002227,25.000000,0,352.206359,0.784270,100.000000,-35.381256,1,1000,0,1.596423,20.000000
347,27.925026,Series RC,1.447177,,4.51839956075e-07,-352.237426,-89.764602,92.778335,25000,0.002227,25.000000,0,352.240386,0.784286,100.000000,-176.986251,1,1000,0,1.447177,20.000000
348,28.003111,Series RC,1.334435,,4.518817693e-07,-352.204833,-89.782920,-163.353393,25000,0.002227,25.000000,0,352.207366,0.784194,100.000000,-73.136283,1,1000,0,1.334435,20.000000
349,28.087728,Series RC,1.340707,,4.51918929562e-07,-352.175872,-89.781883,-127.847206,25000,0.002227,25.000000,0,352.178436,0.784398,100.000000,-37.629070,1,1000,0,1.340707,20.000000
350,28.166278,Series RC,1.647434,,4.51988842473e-07,-352.121398,-89.731933,87.738136,25000,0.002228,25.000000,0,352.125244,0.784430,100.000000,178.006195,1,1000,0,1.647434,20.000000
351,28.246971,Series RC,1.586784,,4.51855340872e-07,-352.225433,-89.741874,-69.649627,25000,0.002227,25.000000,0,352.229003,0.784420,100.000000,20.608497,1,1000,0,1.586784,20.000000
352,28.320373,Series RC,1.335376,,4.52046197885e-07,-352.076721,-89.782684,121.792968,25000,0.002228,25.000000,0,352.079254,0.784394,100.000000,-147.989700,1,1000,0,1.335376,20.000000
353,28.408306,Series RC,1.418431,,4.51767544996e-07,-352.293884,-89.769309,-54.022994,25000,0.002227,25.000000,0,352.296752,0.784484,100.000000,36.207683,1,1000,0,1.418431,20.000000
354,28.486733,Series RC,1.267577,,4.52186594345e-07,-351.967407,-89.793655,-62.533397,25000,0.002228,25.000000,0,351.969696,0.784212,100.000000,27.672952,1,1000,0,1.267577,20.000000
355,28.566463,Series RC,2.187058,,4.51649664054e-07,-352.385833,-89.644401,84.371444,25000,0.002226,25.000000,0,352.392608,0.784522,100.000000,174.727066,1,1000,0,2.187058,20.000000
356,28.639856,Series RC,1.297329,,4.52082955006e-07,-352.048095,-89.788856,109.451477,25000,0.002227,25.000000,0,352.050476,0.784183,100.000000,-160.337371,1,1000,0,1.297329,20.000000
357,28.730249,Series RC,1.161533,,4.52208786748e-07,-351.950134,-89.810905,122.113067,25000,0.002229,25.000000,0,351.952056,0.784397,100.000000,-147.697830,1,1000,0,1.161533,20.000000
358,28.803401,Series RC,1.613833,,4.52041222663e-07,-352.080596,-89.737373,-90.006088,25000,0.002227,25.000000,0,352.084289,0.784155,100.000000,0.256541,1,1000,0,1.613833,20.000000
359,28.886118,Series RC,1.500086,,4.51713233326e-07,-352.336242,-89.756057,-41.610637,25000,0.002227,25.000000,0,352.339447,0.784488,100.000000,48.633304,1,1000,0,1.500086,20.000000
360,28.959085,Series RC,1.682084,,4.51521445516e-07,-352.485900,-89.726577,-116.593124,25000,0.002225,25.000000,0,352.489929,0.784301,100.000000,-26.319711,1,1000,0,1.682084,20.000000
361,29.059518,Series RC,1.775146,,4.51535400759e-07,-352.475006,-89.711441,-158.819244,25000,0.002225,25.000000,0,352.479461,0.784433,100.000000,-68.530693,1,1000,0,1.775146,20.000000
362,29.132070,Series RC,1.396472,,4.52023708187e-07,-352.094238,-89.772750,-4.571103,25000,0.002227,25.000000,0,352.097015,0.784050,100.000000,85.656143,1,1000,0,1.396472,20.000000
363,29.220640,Series RC,1.330257,,4.51817565134e-07,-352.254882,-89.783630,-170.173248,25000,0.002227,25.000000,0,352.257385,0.784568,100.000000,-79.956878,1,1000,0,1.330257,20.000000
364,29.293022,Series RC,1.081194,,4.51732248234e-07,-352.321411,-89.824165,63.406330,25000,0.002227,25.000000,0,352.323059,0.784574,100.000000,153.582168,1,1000,0,1.081194,20.000000
365,29.389847,Series RC,1.670454,,4.51598117772e-07,-352.426055,-89.728424,172.999450,25000,0.002226,25.000000,0,352.430023,0.784386,100.000000,-96.728965,1,1000,0,1.670454,20.000000
366,29.462773,Series RC,1.305739,,4.51670238691e-07,-352.369781,-89.787681,117.811332,25000,0.002227,25.000000,0,352.372192,0.784614,100.000000,-151.976348,1,1000,0,1.305739,20.000000
367,29.548148,Series RC,1.118491,,4.51901386067e-07,-352.189544,-89.818038,91.023452,25000,0.002227,25.000000,0,352.191314,0.784457,100.000000,-178.794601,1,1000,0,1.118491,20.000000
368,29.620960,Series RC,1.802312,,4.5150917038e-07,-352.495483,-89.707046,-145.596969,25000,0.002225,25.000000,0,352.500091,0.784477,100.000000,-55.304035,1,1000,0,1.802312,20.000000
369,29.711942,Series RC,1.358739,,4.52205140327e-07,-351.952972,-89.778800,152.097595,25000,0.002228,25.000000,0,351.955596,0.784001,100.000000,-117.681213,1,1000,0,1.358739,20.000000
370,29.784765,Series RC,1.248138,,4.51901973737e-07,-352.189086,-89.796943,177.361511,25000,0.002227,25.000000,0,352.191284,0.784404,100.000000,-92.435440,1,1000,0,1.248138,20.000000
371,29.877866,Series RC,1.565240,,4.51820070152e-07,-352.252929,-89.745407,82.761337,25000,0.002226,25.000000,0,352.256408,0.784215,100.000000,173.015930,1,1000,0,1.565240,20.000000
372,29.952318,Series RC,1.170384,,4.52160954959e-07,-351.987365,-89.809486,122.532875,25000,0.002228,25.000000,0,351.989318,0.784169,100.000000,-147.276596,1,1000,0,1.170384,20.000000
373,30.037820,Series RC,1.474795,,4.5210082596e-07,-352.034179,-89.759963,-79.881454,25000,0.002228,25.000000,0,352.037261,0.784184,100.000000,10.358601,1,1000,0,1.474795,20.000000
374,30.111977,Series RC,1.996050,,4.51619313093e-07,-352.409515,-89.675476,98.254905,25000,0.002226,25.000000,0,352.415161,0.784588,100.000000,-171.420578,1,1000,0,1.996050,20.000000
375,30.197774,Series RC,1.850616,,4.51678219366e-07,-352.363555,-89.699081,155.532806,25000,0.002226,25.000000,0,352.368408,0.784259,100.000000,-114.166267,1,1000,0,1.850616,20.000000
376,30.273543,Series RC,1.825225,,4.51787035143e-07,-352.278686,-89.703140,83.478210,25000,0.002227,25.000000,0,352.283416,0.784366,100.000000,173.775085,1,1000,0,1.825225,20.000000
377,30.354160,Series RC,1.550959,,4.51674228993e-07,-352.366668,-89.747802,-0.080494,25000,0.002227,25.000000,0,352.370086,0.784621,100.000000,90.171707,1,1000,0,1.550959,20.000000
378,30.427592,Series RC,1.230141,,4.52004707246e-07,-352.109039,-89.799835,-155.496429,25000,0.002228,25.000000,0,352.111175,0.784462,100.000000,-65.296257,1,1000,0,1.230141,20.000000
379,30.515393,Series RC,1.503770,,4.51918851286e-07,-352.175933,-89.755348,9.440993,25000,0.002226,25.000000,0,352.179138,0.784046,100.000000,99.685646,1,1000,0,1.503770,20.000000
380,30.587745,Series RC,1.643589,,4.51799560097e-07,-352.268920,-89.732666,-60.554073,25000,0.002227,25.000000,0,352.272766,0.784388,100.000000,29.713256,1,1000,0,1.643589,20.000000
381,30.684494,Series RC,1.400658,,4.51756665717e-07,-352.302368,-89.772209,61.139450,25000,0.002227,25.000000,0,352.305145,0.784416,100.000000,151.367248,1,1000,0,1.400658,20.000000
382,30.757190,Series RC,1.370906,,4.51762223265e-07,-352.298034,-89.777046,-24.100481,25000,0.002226,25.000000,0,352.300720,0.784333,100.000000,66.122467,1,1000,0,1.370906,20.000000
383,30.843367,Series RC,1.322838,,4.51884509822e-07,-352.202697,-89.784805,-140.351486,25000,0.002227,25.000000,0,352.205169,0.784271,100.000000,-50.136299,1,1000,0,1.322838,20.000000
384,30.924800,Series RC,1.411639,,4.52113367035e-07,-352.024414,-89.770240,-63.562305,25000,0.002227,25.000000,0,352.027252,0.784095,100.000000,26.667469,1,1000,0,1.411639,20.000000
385,31.006593,Series RC,1.070862,,4.51873663398e-07,-352.211151,-89.825798,93.989997,25000,0.002227,25.000000,0,352.212768,0.784389,100.000000,-175.835784,1,1000,0,1.070862,20.000000
386,31.079990,Series RC,1.584077,,4.5181325934e-07,-352.258239,-89.742347,14.260986,25000,0.002227,25.000000,0,352.261810,0.784486,100.000000,104.518646,1,1000,0,1.584077,20.000000
387,31.167880,Series RC,1.376709,,4.51925234107e-07,-352.170959,-89.776016,146.742385,25000,0.002227,25.000000,0,352.173645,0.784416,100.000000,-123.033622,1,1000,0,1.376709,20.000000
388,31.240754,Series RC,2.261207,,4.51590374416e-07,-352.432098,-89.632392,113.116546,25000,0.002226,25.000000,0,352.439331,0.784592,100.000000,-156.515853,1,1000,0,2.261207,20.000000
389,31.327418,Series RC,1.468059,,4.51900798399e-07,-352.190002,-89.761169,60.696258,25000,0.002227,25.000000,0,352.193054,0.784379,100.000000,150.935104,1,1000,0,1.468059,20.000000
390,31.406153,Series RC,1.385693,,4.52034875081e-07,-352.085540,-89.774497,-48.254444,25000,0.002227,25.000000,0,352.088256,0.784184,100.000000,41.971054,1,1000,0,1.385693,20.000000
391,31.484614,Series RC,1.212587,,4.52039066982e-07,-352.082275,-89.802665,-149.666717,25000,0.002227,25.000000,0,352.084350,0.784194,100.000000,-59.469383,1,1000,0,1.212587,20.000000
392,31.566077,Series RC,1.227319,,4.51930874085e-07,-352.166564,-89.800315,22.198232,25000,0.002227,25.000000,0,352.168701,0.784258,100.000000,112.397911,1,1000,0,1.227319,20.000000
393,31.645016,Series RC,1.406529,,4.51651305906e-07,-352.384552,-89.771301,-169.298309,25000,0.002226,25.000000,0,352.387359,0.784502,100.000000,-79.069610,1,1000,0,1.406529,20.000000
394,31.726290,Series RC,1.130045,,4.52116541905e-07,-352.021942,-89.816078,166.357208,25000,0.002228,25.000000,0,352.023742,0.784298,100.000000,-103.458869,1,1000,0,1.130045,20.000000
395,31.804017,Series RC,1.468740,,4.5169120619e-07,-352.353424,-89.761169,-101.723686,25000,0.002227,25.000000,0,352.356475,0.784522,100.000000,-11.484866,1,1000,0,1.468740,20.000000
396,31.884914,Series RC,1.234102,,4.51814745901e-07,-352.257080,-89.799270,160.325393,25000,0.002227,25.000000,0,352.259246,0.784471,100.000000,-109.473869,1,1000,0,1.234102,20.000000
397,31.961296,Series RC,2.052537,,4.51910117866e-07,-352.182739,-89.666076,127.023590,25000,0.002227,25.000000,0,352.188720,0.784375,100.000000,-142.642486,1,1000,0,2.052537,20.000000
398,32.048638,Series RC,1.409799,,4.51626705013e-07,-352.403747,-89.770790,-97.414077,25000,0.002226,25.000000,0,352.406555,0.784503,100.000000,-7.184856,1,1000,0,1.409799,20.000000
399,32.126729,Series RC,1.732534,,4.51952845031e-07,-352.149444,-89.718109,25.781019,25000,0.002227,25.000000,0,352.153717,0.784122,100.000000,116.062911,1,1000,0,1.732534,20.000000
400,32.199724,Series RC,1.283416,,4.51691362586e-07,-352.353302,-89.791305,78.101318,25000,0.002227,25.000000,0,352.355651,0.784551,100.000000,168.309997,1,1000,0,1.283416,20.000000
401,32.285577,Series RC,1.323752,,4.52146019475e-07,-351.998992,-89.784523,51.704349,25000,0.002228,25.000000,0,352.001464,0.784229,100.000000,141.919815,1,1000,0,1.323752,20.000000
402,32.357916,Series RC,1.430293,,4.52053290494e-07,-352.071197,-89.767234,-4.342250,25000,0.002227,25.000000,0,352.074096,0.784097,100.000000,85.890533,1,1000,0,1.430293,20.000000
403,32.450046,Series RC,1.552463,,4.51994326149e-07,-352.117126,-89.747383,111.603256,25000,0.002227,25.000000,0,352.120544,0.784067,100.000000,-158.144149,1,1000,0,1.552463,20.000000
404,32.529325,Series RC,1.153369,,4.52185378985e-07,-351.968353,-89.812248,166.328689,25000,0.002228,25.000000,0,351.970245,0.784271,100.000000,-103.483581,1,1000,0,1.153369,20.000000
405,32.610887,Series RC,1.289344,,4.52027744536e-07,-352.091094,-89.790184,-91.827384,25000,0.002227,25.000000,0,352.093475,0.783999,100.000000,-1.617566,1,1000,0,1.289344,20.000000
406,32.693053,Series RC,1.417850,,4.52032994208e-07,-352.087005,-89.769271,109.577835,25000,0.002227,25.000000,0,352.089843,0.784072,100.000000,-160.191436,1,1000,0,1.417850,20.000000
407,32.769944,Series RC,1.383206,,4.51887446683e-07,-352.200408,-89.774986,161.617050,25000,0.002228,25.000000,0,352.203125,0.784640,100.000000,-108.157920,1,1000,0,1.383206,20.000000
408,32.847334,Series RC,1.231835,,4.51845436139e-07,-352.233154,-89.799621,121.365623,25000,0.002227,25.000000,0,352.235321,0.784502,100.000000,-148.433990,1,1000,0,1.231835,20.000000
409,32.929592,Series RC,1.199929,,4.51811067354e-07,-352.259948,-89.804824,-94.705696,25000,0.002227,25.000000,0,352.261993,0.784403,100.000000,-4.510533,1,1000,0,1.199929,20.000000
410,33.010034,Series RC,1.284551,,4.51705878316e-07,-352.341979,-89.791107,2.057812,25000,0.002227,25.000000,0,352.344299,0.784644,100.000000,92.266708,1,1000,0,1.284551,20.000000
411,33.090101,Series RC,2.091081,,4.51456092551e-07,-352.536926,-89.660156,156.647964,25000,0.002225,25.000000,0,352.543121,0.784536,100.000000,-113.012184,1,1000,0,2.091081,20.000000
412,33.171088,Series RC,1.519874,,4.51574577151e-07,-352.444427,-89.752914,-173.688796,25000,0.002226,25.000000,0,352.447723,0.784586,100.000000,-83.441719,1,1000,0,1.519874,20.000000
413,33.249816,Series RC,2.198312,,4.51581380769e-07,-352.439117,-89.642623,-174.907989,25000,0.002226,25.000000,0,352.445983,0.784475,100.000000,-84.550621,1,1000,0,2.198312,20.000000
414,33.329378,Series RC,1.729208,,4.5150533926e-07,-352.498474,-89.718933,86.122238,25000,0.002226,25.000000,0,352.502716,0.784604,100.000000,176.403289,1,1000,0,1.729208,20.000000
415,33.410459,Series RC,1.398595,,4.51337827541e-07,-352.629302,-89.772750,-73.238784,25000,0.002225,25.000000,0,352.632080,0.784584,100.000000,16.988447,1,1000,0,1.398595,20.000000
416,33.491843,Series RC,1.391013,,4.51888189565e-07,-352.199829,-89.773712,-48.740207,25000,0.002226,25.000000,0,352.202575,0.784067,100.000000,41.486076,1,1000,0,1.391013,20.000000
417,33.567839,Series RC,1.595636,,4.51726927334e-07,-352.325561,-89.740516,82.419548,25000,0.002226,25.000000,0,352.329193,0.784198,100.000000,172.679031,1,1000,0,1.595636,20.000000
418,33.646616,Series RC,1.249871,,4.51852209436e-07,-352.227874,-89.796684,88.456855,25000,0.002227,25.000000,0,352.230102,0.784571,100.000000,178.660156,1,1000,0,1.249871,20.000000
419,33.729802,Series RC,1.323995,,4.51948458371e-07,-352.152862,-89.784584,3.893253,25000,0.002228,25.000000,0,352.155364,0.784510,100.000000,94.108673,1,1000,0,1.323995,20.000000
420,33.809490,Series RC,1.507593,,4.51527934968e-07,-352.480834,-89.754943,71.169914,25000,0.002226,25.000000,0,352.484069,0.784670,100.000000,161.414962,1,1000,0,1.507593,20.000000
421,33.882135,Series RC,1.425825,,4.51873077085e-07,-352.211608,-89.768058,-25.237548,25000,0.002227,25.000000,0,352.214477,0.784352,100.000000,64.994415,1,1000,0,1.425825,20.000000
422,33.969459,Series RC,2.075516,,4.51459219779e-07,-352.534484,-89.662681,-174.738739,25000,0.002225,25.000000,0,352.540588,0.784536,100.000000,-84.401412,1,1000,0,2.075516,20.000000
423,34.042099,Series RC,1.805942,,4.51694258478e-07,-352.351043,-89.706336,-57.924762,25000,0.002226,25.000000,0,352.355651,0.784481,100.000000,32.368896,1,1000,0,1.805942,20.000000
424,34.133751,Series RC,1.189918,,4.51817721617e-07,-352.254760,-89.806457,167.348297,25000,0.002226,25.000000,0,352.256774,0.784195,100.000000,-102.458160,1,1000,0,1.189918,20.000000
425,34.208768,Series RC,1.134204,,4.51897313481e-07,-352.192718,-89.815483,50.663513,25000,0.002227,25.000000,0,352.194549,0.784355,100.000000,140.848037,1,1000,0,1.134204,20.000000
426,34.281617,Series RC,1.583113,,4.51848568764e-07,-352.230712,-89.742477,83.314262,25000,0.002227,25.000000,0,352.234283,0.784402,100.000000,173.571762,1,1000,0,1.583113,20.000000
427,34.373318,Series RC,1.432135,,4.51790009211e-07,-352.276367,-89.767066,-10.384296,25000,0.002227,25.000000,0,352.279296,0.784423,100.000000,79.848625,1,1000,0,1.432135,20.000000
428,34.445838,Series RC,1.253919,,4.51906789349e-07,-352.185333,-89.796005,-105.599220,25000,0.002227,25.000000,0,352.187561,0.784233,100.000000,-15.395225,1,1000,0,1.253919,20.000000
429,34.531722,Series RC,1.412423,,4.51862152952e-07,-352.220123,-89.770240,68.313339,25000,0.002227,25.000000,0,352.222961,0.784413,100.000000,158.543075,1,1000,0,1.412423,20.000000
430,34.604606,Series RC,1.449476,,4.51830325236e-07,-352.244934,-89.764228,44.799922,25000,0.002227,25.000000,0,352.247924,0.784479,100.000000,135.035690,1,1000,0,1.449476,20.000000
431,34.694880,Series RC,2.156285,,4.5183024699e-07,-352.244995,-89.649261,-16.789678,25000,0.002227,25.000000,0,352.251586,0.784530,100.000000,73.561065,1,1000,0,2.156285,20.000000
432,34.768459,Series RC,1.534428,,4.51989938684e-07,-352.120544,-89.750320,40.017986,25000,0.002227,25.000000,0,352.123870,0.784349,100.000000,130.267654,1,1000,0,1.534428,20.000000
433,34.857419,Series RC,1.362104,,4.51895825094e-07,-352.193878,-89.778404,-69.038436,25000,0.002227,25.000000,0,352.196502,0.784436,100.000000,21.183149,1,1000,0,1.362104,20.000000
434,34.933552,Series RC,1.683913,,4.51752126427e-07,-352.305908,-89.726142,-72.186462,25000,0.002226,25.000000,0,352.309936,0.784394,100.000000,18.087379,1,1000,0,1.683913,20.000000
435,35.017325,Series RC,1.467666,,4.51918341849e-07,-352.176330,-89.761222,-32.698726,25000,0.002227,25.000000,0,352.179382,0.784270,100.000000,57.540031,1,1000,0,1.467666,20.000000
436,35.090980,Series RC,1.513208,,4.51657917012e-07,-352.379394,-89.753952,-111.124145,25000,0.002226,25.000000,0,352.382629,0.784429,100.000000,-20.878103,1,1000,0,1.513208,20.000000
437,35.175873,Series RC,1.191540,,4.51648529761e-07,-352.386718,-89.806266,119.616012,25000,0.002226,25.000000,0,352.388732,0.784535,100.000000,-150.190246,1,1000,0,1.191540,20.000000
438,35.253404,Series RC,1.712845,,4.51653692444e-07,-352.382690,-89.721496,86.109748,25000,0.002226,25.000000,0,352.386871,0.784410,100.000000,176.388259,1,1000,0,1.712845,20.000000
439,35.333668,Series RC,1.328664,,4.52073901922e-07,-352.055145,-89.783767,-90.678718,25000,0.002227,25.000000,0,352.057647,0.784116,100.000000,-0.462493,1,1000,0,1.328664,20.000000
440,35.415213,Series RC,1.577847,,4.51432802339e-07,-352.555114,-89.743576,13.396194,25000,0.002225,25.000000,0,352.558654,0.784383,100.000000,103.652626,1,1000,0,1.577847,20.000000
441,35.492382,Series RC,1.436821,,4.51901072986e-07,-352.189788,-89.766250,82.101478,25000,0.002227,25.000000,0,352.192718,0.784257,100.000000,172.335235,1,1000,0,1.436821,20.000000
442,35.576223,Series RC,1.273388,,4.52208786748e-07,-351.950134,-89.792694,-92.432670,25000,0.002228,25.000000,0,351.952453,0.784266,100.000000,-2.225354,1,1000,0,1.273388,20.000000
443,35.651502,Series RC,1.293978,,4.52168716611e-07,-351.981323,-89.789360,-149.162658,25000,0.002228,25.000000,0,351.983703,0.784159,100.000000,-58.952003,1,1000,0,1.293978,20.000000
444,35.735445,Series RC,2.129336,,4.51774667335e-07,-352.288330,-89.653686,-45.765472,25000,0.002227,25.000000,0,352.294769,0.784402,100.000000,44.580848,1,1000,0,2.129336,20.000000
445,35.811829,Series RC,1.302975,,4.51783786668e-07,-352.281219,-89.788078,-69.677055,25000,0.002227,25.000000,0,352.283630,0.784611,100.000000,20.534875,1,1000,0,1.302975,20.000000
446,35.893533,Series RC,1.637470,,4.51865833614e-07,-352.217254,-89.733634,68.121894,25000,0.002226,25.000000,0,352.221069,0.784134,100.000000,158.388259,1,1000,0,1.637470,20.000000
447,35.974768,Series RC,1.332984,,4.51747470544e-07,-352.309539,-89.783218,-38.302219,25000,0.002227,25.000000,0,352.312072,0.784640,100.000000,51.914562,1,1000,0,1.332984,20.000000
448,36.054817,Series RC,1.198635,,4.51919007839e-07,-352.175811,-89.804992,47.069728,25000,0.002228,25.000000,0,352.177856,0.784633,100.000000,137.264724,1,1000,0,1.198635,20.000000
449,36.136837,Series RC,1.402076,,4.52057679189e-07,-352.067779,-89.771827,52.339263,25000,0.002227,25.000000,0,352.070556,0.784128,100.000000,142.567428,1,1000,0,1.402076,20.000000
450,36.213205,Series RC,1.320433,,4.51960482745e-07,-352.143493,-89.785156,80.939796,25000,0.002227,25.000000,0,352.145965,0.784134,100.000000,171.154617,1,1000,0,1.320433,20.000000
451,36.290847,Series RC,1.799634,,4.51337475563e-07,-352.629577,-89.707588,-159.949600,25000,0.002225,25.000000,0,352.634185,0.784582,100.000000,-69.657180,1,1000,0,1.799634,20.000000
452,36.377967,Series RC,1.464973,,4.51661085489e-07,-352.376922,-89.761795,72.237335,25000,0.002226,25.000000,0,352.379974,0.784529,100.000000,162.475540,1,1000,0,1.464973,20.000000
453,36.451860,Series RC,1.385461,,4.51699618349e-07,-352.346862,-89.774703,104.217285,25000,0.002227,25.000000,0,352.349578,0.784638,100.000000,-165.557434,1,1000,0,1.385461,20.000000
454,36.533863,Series RC,1.422756,,4.51994482754e-07,-352.117004,-89.768493,66.836654,25000,0.002227,25.000000,0,352.119873,0.784110,100.000000,157.068176,1,1000,0,1.422756,20.000000
455,36.614380,Series RC,1.499093,,4.51556865644e-07,-352.458251,-89.756301,71.981246,25000,0.002226,25.000000,0,352.461456,0.784748,100.000000,162.224929,1,1000,0,1.499093,20.000000
456,36.697036,Series RC,1.154138,,4.51917206205e-07,-352.177215,-89.812225,-109.413330,25000,0.002227,25.000000,0,352.179107,0.784328,100.000000,-19.225557,1,1000,0,1.154138,20.000000
457,36.770312,Series RC,1.328927,,4.51841404328e-07,-352.236297,-89.783836,133.471054,25000,0.002228,25.000000,0,352.238800,0.784639,100.000000,-136.312789,1,1000,0,1.328927,20.000000
458,36.855380,Series RC,1.950381,,4.51668439041e-07,-352.371185,-89.682868,-132.253356,25000,0.002226,25.000000,0,352.376586,0.784553,100.000000,-41.936210,1,1000,0,1.950381,20.000000
459,36.933416,Series RC,1.671536,,4.51328686526e-07,-352.636444,-89.728416,-102.350440,25000,0.002225,25.000000,0,352.640411,0.784668,100.000000,-12.078855,1,1000,0,1.671536,20.000000
460,37.014626,Series RC,1.534491,,4.518726845e-07,-352.211914,-89.750381,-89.755584,25000,0.002227,25.000000,0,352.215240,0.784378,100.000000,0.494036,1,1000,0,1.534491,20.000000
461,37.093173,Series RC,1.587941,,4.52004197615e-07,-352.109436,-89.741607,-22.268695,25000,0.002227,25.000000,0,352.113006,0.784297,100.000000,67.989707,1,1000,0,1.587941,20.000000
462,37.166862,Series RC,1.609683,,4.5181584255e-07,-352.256225,-89.738174,154.297332,25000,0.002227,25.000000,0,352.259887,0.784326,100.000000,-115.440841,1,1000,0,1.609683,20.000000
463,37.257223,Series RC,1.417128,,4.51915248036e-07,-352.178741,-89.769447,61.290054,25000,0.002227,25.000000,0,352.181579,0.784370,100.000000,151.520599,1,1000,0,1.417128,20.000000
464,37.331217,Series RC,1.350685,,4.51726927334e-07,-352.325561,-89.780349,-157.895858,25000,0.002226,25.000000,0,352.328155,0.784411,100.000000,-67.676185,1,1000,0,1.350685,20.000000
465,37.409460,Series RC,1.405121,,4.51779834185e-07,-352.284301,-89.771469,-154.812149,25000,0.002227,25.000000,0,352.287109,0.784469,100.000000,-64.583618,1,1000,0,1.405121,20.000000
466,37.494579,Series RC,1.458354,,4.51993816541e-07,-352.117523,-89.762695,-69.704719,25000,0.002228,25.000000,0,352.120544,0.784396,100.000000,20.532585,1,1000,0,1.458354,20.000000
467,37.576963,Series RC,1.567319,,4.5175345743e-07,-352.304870,-89.745101,-39.786293,25000,0.002226,25.000000,0,352.308349,0.784355,100.000000,50.468620,1,1000,0,1.567319,20.000000
468,37.652080,Series RC,1.410123,,4.51549748889e-07,-352.463806,-89.770767,92.517082,25000,0.002225,25.000000,0,352.466644,0.784335,100.000000,-177.253677,1,1000,0,1.410123,20.000000
469,37.733733,Series RC,1.443258,,4.51804804471e-07,-352.264831,-89.765251,146.651779,25000,0.002227,25.000000,0,352.267791,0.784363,100.000000,-123.113471,1,1000,0,1.443258,20.000000
470,37.807491,Series RC,1.497947,,4.51801124803e-07,-352.267700,-89.756362,-53.463768,25000,0.002227,25.000000,0,352.270874,0.784368,100.000000,36.779865,1,1000,0,1.497947,20.000000
471,37.898219,Series RC,1.789617,,4.51743322517e-07,-352.312774,-89.708953,-74.791191,25000,0.002227,25.000000,0,352.317321,0.784467,100.000000,15.499852,1,1000,0,1.789617,20.000000
472,37.973018,Series RC,1.532373,,4.51853226731e-07,-352.227081,-89.750724,-169.164733,25000,0.002227,25.000000,0,352.230407,0.784416,100.000000,-78.915489,1,1000,0,1.532373,20.000000
473,38.053458,Series RC,1.412156,,4.51652205661e-07,-352.383850,-89.770385,117.860809,25000,0.002226,25.000000,0,352.386657,0.784527,100.000000,-151.909591,1,1000,0,1.412156,20.000000
474,38.136801,Series RC,1.125764,,4.51914347232e-07,-352.179443,-89.816848,-91.771430,25000,0.002227,25.000000,0,352.181243,0.784236,100.000000,-1.588287,1,1000,0,1.125764,20.000000
475,38.214121,Series RC,1.239817,,4.51966436774e-07,-352.138854,-89.798271,36.822269,25000,0.002228,25.000000,0,352.141052,0.784400,100.000000,127.023994,1,1000,0,1.239817,20.000000
476,38.289836,Series RC,1.450098,,4.51610161955e-07,-352.416656,-89.764236,160.001342,25000,0.002226,25.000000,0,352.419647,0.784553,100.000000,-109.762886,1,1000,0,1.450098,20.000000
477,38.375084,Series RC,1.283540,,4.51943484017e-07,-352.156738,-89.791168,52.662635,25000,0.002227,25.000000,0,352.159088,0.784267,100.000000,142.871459,1,1000,0,1.283540,20.000000
478,38.449501,Series RC,1.349734,,4.5196059954e-07,-352.143402,-89.780387,138.118133,25000,0.002227,25.000000,0,352.145996,0.784249,100.000000,-131.662246,1,1000,0,1.349734,20.000000
479,38.522279,Series RC,1.427965,,4.51621034179e-07,-352.408172,-89.767837,-40.593170,25000,0.002226,25.000000,0,352.411071,0.784520,100.000000,49.638999,1,1000,0,1.427965,20.000000
480,38.617111,Series RC,1.376303,,4.51479698944e-07,-352.518493,-89.776306,-156.510421,25000,0.002225,25.000000,0,352.521179,0.784531,100.000000,-66.286743,1,1000,0,1.376303,20.000000
481,38.689588,Series RC,1.653570,,4.5171139359e-07,-352.337677,-89.731101,174.095108,25000,0.002227,25.000000,0,352.341552,0.784495,100.000000,-95.635986,1,1000,0,1.653570,20.000000
482,38.776892,Series RC,1.337635,,4.51821831248e-07,-352.251556,-89.782424,-40.197868,25000,0.002227,25.000000,0,352.254089,0.784487,100.000000,50.019695,1,1000,0,1.337635,20.000000
483,38.853361,Series RC,1.456443,,4.51648998858e-07,-352.386352,-89.763191,72.343811,25000,0.002226,25.000000,0,352.389373,0.784447,100.000000,162.580612,1,1000,0,1.456443,20.000000
484,38.940199,Series RC,1.151614,,4.52050821409e-07,-352.073120,-89.812583,-121.581039,25000,0.002228,25.000000,0,352.075012,0.784371,100.000000,-31.393610,1,1000,0,1.151614,20.000000
485,39.013537,Series RC,1.704595,,4.51524494229e-07,-352.483520,-89.722915,-173.619155,25000,0.002226,25.000000,0,352.487640,0.784520,100.000000,-83.342071,1,1000,0,1.704595,20.000000
486,39.094018,Series RC,1.369547,,4.51711864099e-07,-352.337310,-89.777282,-69.745506,25000,0.002227,25.000000,0,352.339965,0.784580,100.000000,20.477212,1,1000,0,1.369547,20.000000
487,39.180498,Series RC,1.555380,,4.5202504079e-07,-352.093200,-89.746887,110.911537,25000,0.002227,25.000000,0,352.096649,0.784144,100.000000,-158.835372,1,1000,0,1.555380,20.000000
488,39.253258,Series RC,0.948812,,4.5205039128e-07,-352.073455,-89.845588,-78.754928,25000,0.002228,25.000000,0,352.074737,0.784266,100.000000,11.399493,1,1000,0,0.948812,20.000000
489,39.334953,Series RC,1.257582,,4.51676614492e-07,-352.364807,-89.795509,-169.482559,25000,0.002227,25.000000,0,352.367065,0.784603,100.000000,-79.278076,1,1000,0,1.257582,20.000000
490,39.414720,Series RC,1.533550,,4.51506550968e-07,-352.497528,-89.750724,86.374786,25000,0.002226,25.000000,0,352.500854,0.784648,100.000000,176.624084,1,1000,0,1.533550,20.000000
491,39.493342,Series RC,1.426308,,4.52252158992e-07,-351.916381,-89.767776,22.857744,25000,0.002228,25.000000,0,351.919281,0.784013,100.000000,113.089950,1,1000,0,1.426308,20.000000
492,39.576062,Series RC,1.380719,,4.52014384034e-07,-352.101501,-89.775321,-134.822052,25000,0.002227,25.000000,0,352.104217,0.783969,100.000000,-44.597373,1,1000,0,1.380719,20.000000
493,39.654587,Series RC,1.315506,,4.51663001722e-07,-352.375427,-89.786094,133.070587,25000,0.002226,25.000000,0,352.377899,0.784448,100.000000,-136.715515,1,1000,0,1.315506,20.000000
494,39.733661,Series RC,1.387263,,4.52179655571e-07,-351.972808,-89.774177,-49.456184,25000,0.002227,25.000000,0,351.975555,0.783942,100.000000,40.769645,1,1000,0,1.387263,20.000000
495,39.811532,Series RC,1.224249,,4.5176237971e-07,-352.297912,-89.800888,-25.357336,25000,0.002227,25.000000,0,352.300048,0.784519,100.000000,64.841758,1,1000,0,1.224249,20.000000
496,39.885994,Series RC,1.503170,,4.52048823562e-07,-352.074676,-89.755378,-65.732444,25000,0.002228,25.000000,0,352.077880,0.784295,100.000000,24.512176,1,1000,0,1.503170,20.000000
497,39.959905,Series RC,1.098781,,4.5196095249e-07,-352.143127,-89.821220,21.902511,25000,0.002227,25.000000,0,352.144836,0.784207,100.000000,112.081291,1,1000,0,1.098781,20.000000
498,40.058889,Series RC,1.948260,,4.51614776564e-07,-352.413055,-89.683250,54.915298,25000,0.002226,25.000000,0,352.418426,0.784501,100.000000,145.232025,1,1000,0,1.948260,20.000000
499,40.133481,Series RC,1.324140,,4.51554832446e-07,-352.459838,-89.784744,58.115253,25000,0.002226,25.000000,0,352.462310,0.784546,100.000000,148.330505,1,1000,0,1.324140,20.000000
500,40.214885,Series RC,1.287848,,4.51727905601e-07,-352.324798,-89.790565,-85.310066,25000,0.002227,25.000000,0,352.327148,0.784579,100.000000,4.899385,1,1000,0,1.287848,20.000000
501,40.289578,Series RC,1.405378,,4.51319274561e-07,-352.643798,-89.771659,56.284660,25000,0.002225,25.000000,0,352.646606,0.784572,100.000000,146.512985,1,1000,0,1.405378,20.000000
502,40.377295,Series RC,1.270348,,4.51917049654e-07,-352.177337,-89.793327,-54.689971,25000,0.002227,25.000000,0,352.179626,0.784456,100.000000,35.516696,1,1000,0,1.270348,20.000000
503,40.450344,Series RC,1.296880,,4.51742187753e-07,-352.313659,-89.789085,-142.052307,25000,0.002227,25.000000,0,352.316040,0.784582,100.000000,-51.841407,1,1000,0,1.296880,20.000000
504,40.534989,Series RC,1.572279,,4.51776351133e-07,-352.287017,-89.744285,-147.701507,25000,0.002226,25.000000,0,352.290527,0.784250,100.000000,-57.445796,1,1000,0,1.572279,20.000000
505,40.608890,Series RC,1.514384,,4.51758231408e-07,-352.301147,-89.753707,62.501399,25000,0.002226,25.000000,0,352.304412,0.784328,100.000000,152.747695,1,1000,0,1.514384,20.000000
506,40.696187,Series RC,1.252717,,4.5173459588e-07,-352.319580,-89.796279,52.885986,25000,0.002226,25.000000,0,352.321807,0.784106,100.000000,143.089706,1,1000,0,1.252717,20.000000
507,40.768782,Series RC,1.579550,,4.51690776745e-07,-352.353759,-89.743148,158.492095,25000,0.002226,25.000000,0,352.357299,0.784432,100.000000,-111.251060,1,1000,0,1.579550,20.000000
508,40.856247,Series RC,1.328391,,4.51766606311e-07,-352.294616,-89.783950,14.819779,25000,0.002226,25.000000,0,352.297119,0.784357,100.000000,105.035827,1,1000,0,1.328391,20.000000
509,40.928864,Series RC,1.363324,,4.51908903991e-07,-352.183685,-89.778198,174.103866,25000,0.002228,25.000000,0,352.186340,0.784534,100.000000,-95.674354,1,1000,0,1.363324,20.000000
510,41.018270,Series RC,1.603133,,4.51697387725e-07,-352.348602,-89.739311,40.141723,25000,0.002226,25.000000,0,352.352264,0.784284,100.000000,130.402404,1,1000,0,1.603133,20.000000
511,41.091611,Series RC,1.682852,,4.5176613697e-07,-352.294982,-89.726303,-172.816329,25000,0.002226,25.000000,0,352.299011,0.784361,100.000000,-82.542640,1,1000,0,1.682852,20.000000
512,41.165596,Series RC,1.377111,,4.51490134543e-07,-352.510345,-89.776168,-153.032272,25000,0.002225,25.000000,0,352.513031,0.784303,100.000000,-62.808437,1,1000,0,1.377111,20.000000
513,41.259618,Series RC,1.533254,,4.5184109133e-07,-352.236541,-89.750595,-61.143558,25000,0.002227,25.000000,0,352.239868,0.784268,100.000000,29.105850,1,1000,0,1.533254,20.000000
514,41.339529,Series RC,1.645916,,4.51760226687e-07,-352.299591,-89.732322,-43.208545,25000,0.002226,25.000000,0,352.303436,0.784370,100.000000,47.059150,1,1000,0,1.645916,20.000000
515,41.418639,Series RC,1.588304,,4.51805430367e-07,-352.264343,-89.741661,-86.290321,25000,0.002226,25.000000,0,352.267913,0.784275,100.000000,3.968035,1,1000,0,1.588304,20.000000
516,41.498893,Series RC,1.512985,,4.51724736186e-07,-352.327270,-89.753952,-42.747344,25000,0.002226,25.000000,0,352.330535,0.784132,100.000000,47.498699,1,1000,0,1.512985,20.000000
517,41.575793,Series RC,1.605420,,4.51621034179e-07,-352.408172,-89.738983,42.504207,25000,0.002226,25.000000,0,352.411834,0.784367,100.000000,132.765228,1,1000,0,1.605420,20.000000
518,41.657591,Series RC,2.094090,,4.51840269072e-07,-352.237182,-89.659370,11.834446,25000,0.002227,25.000000,0,352.243408,0.784319,100.000000,102.175071,1,1000,0,2.094090,20.000000
519,41.737737,Series RC,1.142510,,4.51933380359e-07,-352.164611,-89.814109,-50.720184,25000,0.002227,25.000000,0,352.166473,0.784262,100.000000,39.465690,1,1000,0,1.142510,20.000000
520,41.812557,Series RC,1.199090,,4.52000632798e-07,-352.112213,-89.804885,-18.875646,25000,0.002227,25.000000,0,352.114257,0.784052,100.000000,71.319450,1,1000,0,1.199090,20.000000
521,41.897685,Series RC,1.548983,,4.51907573355e-07,-352.184722,-89.748001,-75.874435,25000,0.002226,25.000000,0,352.188140,0.784105,100.000000,14.377565,1,1000,0,1.548983,20.000000
522,41.974497,Series RC,1.707496,,4.51779599501e-07,-352.284484,-89.722297,-28.729202,25000,0.002226,25.000000,0,352.288635,0.784202,100.000000,61.548503,1,1000,0,1.707496,20.000000
523,42.052459,Series RC,1.249657,,4.51626196234e-07,-352.404144,-89.796821,-82.715118,25000,0.002226,25.000000,0,352.406372,0.784424,100.000000,7.488058,1,1000,0,1.249657,20.000000
524,42.139478,Series RC,2.116184,,4.51605703777e-07,-352.420135,-89.655960,-102.835151,25000,0.002225,25.000000,0,352.426483,0.784233,100.000000,-12.491109,1,1000,0,2.116184,20.000000
525,42.215668,Series RC,1.221190,,4.51651111088e-07,-352.384704,-89.801437,-80.957923,25000,0.002226,25.000000,0,352.386810,0.784461,100.000000,9.240625,1,1000,0,1.221190,20.000000
526,42.289354,Series RC,1.500322,,4.51617084544e-07,-352.411254,-89.756072,101.597160,25000,0.002226,25.000000,0,352.414459,0.784411,100.000000,-168.158920,1,1000,0,1.500322,20.000000
527,42.375416,Series RC,1.413258,,4.52186045762e-07,-351.967834,-89.769943,-164.095077,25000,0.002228,25.000000,0,351.970672,0.784061,100.000000,-73.865005,1,1000,0,1.413258,20.000000
528,42.453982,Series RC,1.322865,,4.51588458799e-07,-352.433593,-89.784942,-126.321800,25000,0.002226,25.000000,0,352.436065,0.784384,100.000000,-36.106742,1,1000,0,1.322865,20.000000
529,42.528437,Series RC,1.276484,,4.51468833524e-07,-352.526977,-89.792533,-82.991035,25000,0.002225,25.000000,0,352.529296,0.784471,100.000000,7.216446,1,1000,0,1.276484,20.000000
530,42.616645,Series RC,1.353222,,4.51665035895e-07,-352.373840,-89.779968,-128.643112,25000,0.002226,25.000000,0,352.376434,0.784434,100.000000,-38.423091,1,1000,0,1.353222,20.000000
531,42.694314,Series RC,1.361632,,4.51662219846e-07,-352.376037,-89.778594,-52.686767,25000,0.002226,25.000000,0,352.378662,0.784484,100.000000,37.534626,1,1000,0,1.361632,20.000000
532,42.773510,Series RC,1.341349,,4.51702513066e-07,-352.344604,-89.781883,-156.070220,25000,0.002227,25.000000,0,352.347137,0.784536,100.000000,-65.852081,1,1000,0,1.341349,20.000000
533,42.855785,Series RC,1.176283,,4.5173209181e-07,-352.321533,-89.808708,-98.060745,25000,0.002227,25.000000,0,352.323486,0.784496,100.000000,-7.869438,1,1000,0,1.176283,20.000000
534,42.934582,Series RC,1.214186,,4.51631594219e-07,-352.399932,-89.802589,5.709295,25000,0.002226,25.000000,0,352.402038,0.784357,100.000000,95.906700,1,1000,0,1.214186,20.000000
535,43.018656,Series RC,1.883721,,4.51455819785e-07,-352.537139,-89.693855,-73.632316,25000,0.002225,25.000000,0,352.542175,0.784397,100.000000,16.673839,1,1000,0,1.883721,20.000000
536,43.094338,Series RC,1.286351,,4.51781634724e-07,-352.282897,-89.790786,-53.852085,25000,0.002227,25.000000,0,352.285247,0.784449,100.000000,36.357116,1,1000,0,1.286351,20.000000
537,43.174526,Series RC,1.443498,,4.52071550748e-07,-352.056976,-89.765075,-164.338882,25000,0.002227,25.000000,0,352.059936,0.783977,100.000000,-74.103958,1,1000,0,1.443498,20.000000
538,43.254504,Series RC,1.334518,,4.52081033924e-07,-352.049591,-89.782806,-94.213378,25000,0.002227,25.000000,0,352.052124,0.784142,100.000000,-3.996191,1,1000,0,1.334518,20.000000
539,43.337073,Series RC,1.621521,,4.51723483561e-07,-352.328247,-89.736305,-103.794334,25000,0.002226,25.000000,0,352.332000,0.784250,100.000000,-13.530636,1,1000,0,1.621521,20.000000
540,43.420111,Series RC,1.110969,,4.51955547913e-07,-352.147338,-89.819244,108.497100,25000,0.002227,25.000000,0,352.149108,0.784223,100.000000,-161.322158,1,1000,0,1.110969,20.000000
541,43.503428,Series RC,1.049910,,4.52072726974e-07,-352.056060,-89.829132,122.730850,25000,0.002227,25.000000,0,352.057617,0.784202,100.000000,-147.098281,1,1000,0,1.049910,20.000000
542,43.582005,Series RC,1.318202,,4.51228484744e-07,-352.714752,-89.785865,-116.298255,25000,0.002224,25.000000,0,352.717224,0.784587,100.000000,-26.084140,1,1000,0,1.318202,20.000000
543,43.658226,Series RC,1.245263,,4.51726652959e-07,-352.325775,-89.797492,90.029800,25000,0.002227,25.000000,0,352.327972,0.784513,100.000000,-179.767684,1,1000,0,1.245263,20.000000
544,43.742476,Series RC,1.423609,,4.52016931031e-07,-352.099517,-89.768341,165.265243,25000,0.002227,25.000000,0,352.102386,0.784120,100.000000,-104.503097,1,1000,0,1.423609,20.000000
545,43.821108,Series RC,1.434457,,4.51693436754e-07,-352.351684,-89.766746,-104.293441,25000,0.002226,25.000000,0,352.354614,0.784242,100.000000,-14.060174,1,1000,0,1.434457,20.000000
546,43.903669,Series RC,1.068603,,4.51834905862e-07,-352.241363,-89.826179,122.812454,25000,0.002226,25.000000,0,352.242980,0.784210,100.000000,-147.013717,1,1000,0,1.068603,20.000000
547,43.982553,Series RC,1.541868,,4.51236566236e-07,-352.708435,-89.749534,-30.041210,25000,0.002224,25.000000,0,352.711791,0.784547,100.000000,60.209266,1,1000,0,1.541868,20.000000
548,44.060769,Series RC,1.534965,,4.51782533716e-07,-352.282196,-89.750350,-81.376640,25000,0.002226,25.000000,0,352.285552,0.784174,100.000000,8.873021,1,1000,0,1.534965,20.000000
549,44.143974,Series RC,1.529278,,4.51825002026e-07,-352.249084,-89.751251,0.909574,25000,0.002227,25.000000,0,352.252380,0.784423,100.000000,91.158332,1,1000,0,1.529278,20.000000
550,44.221100,Series RC,1.226317,,4.51867282033e-07,-352.216125,-89.800514,64.706344,25000,0.002227,25.000000,0,352.218261,0.784266,100.000000,154.905822,1,1000,0,1.226317,20.000000
551,44.302088,Series RC,2.083193,,4.51562416996e-07,-352.453918,-89.661346,113.007286,25000,0.002226,25.000000,0,352.460083,0.784498,100.000000,-156.654083,1,1000,0,2.083193,20.000000
552,44.382701,Series RC,1.573040,,4.51582045766e-07,-352.438598,-89.744270,114.651580,25000,0.002226,25.000000,0,352.442108,0.784507,100.000000,-155.092697,1,1000,0,1.573040,20.000000
553,44.456048,Series RC,1.400180,,4.51802456095e-07,-352.266662,-89.772262,-38.530647,25000,0.002226,25.000000,0,352.269439,0.784283,100.000000,51.697090,1,1000,0,1.400180,20.000000
554,44.537194,Series RC,1.483954,,4.51714133328e-07,-352.335540,-89.758682,75.916145,25000,0.002226,25.000000,0,352.338684,0.784396,100.000000,166.157485,1,1000,0,1.483954,20.000000
555,44.619426,Series RC,1.544738,,4.51798463527e-07,-352.269775,-89.748756,132.700454,25000,0.002227,25.000000,0,352.273162,0.784377,100.000000,-137.048309,1,1000,0,1.544738,20.000000
556,44.697248,Series RC,1.627742,,4.51535753046e-07,-352.474731,-89.735412,-144.884124,25000,0.002226,25.000000,0,352.478485,0.784525,100.000000,-54.619533,1,1000,0,1.627742,20.000000
557,44.769947,Series RC,1.301606,,4.51880084716e-07,-352.206146,-89.788253,167.597122,25000,0.002227,25.000000,0,352.208557,0.784294,100.000000,-102.191139,1,1000,0,1.301606,20.000000
558,44.853575,Series RC,1.576451,,4.51928797735e-07,-352.168182,-89.743522,39.793037,25000,0.002227,25.000000,0,352.171722,0.784294,100.000000,130.049499,1,1000,0,1.576451,20.000000
559,44.936051,Series RC,1.477907,,4.51868026131e-07,-352.215545,-89.759590,-85.536064,25000,0.002227,25.000000,0,352.218658,0.784298,100.000000,4.704349,1,1000,0,1.477907,20.000000
560,45.016495,Series RC,1.277844,,4.51493260962e-07,-352.507904,-89.792304,91.781204,25000,0.002225,25.000000,0,352.510223,0.784430,100.000000,-178.011108,1,1000,0,1.277844,20.000000
561,45.096360,Series RC,1.232408,,4.51789187138e-07,-352.277008,-89.799552,-108.619056,25000,0.002227,25.000000,0,352.279174,0.784412,100.000000,-18.418611,1,1000,0,1.232408,20.000000
562,45.178184,Series RC,1.582371,,4.51580872092e-07,-352.439514,-89.742752,-159.807525,25000,0.002225,25.000000,0,352.443054,0.784350,100.000000,-69.550254,1,1000,0,1.582371,20.000000
563,45.256158,Series RC,1.308452,,4.51603788031e-07,-352.421630,-89.787269,132.167419,25000,0.002226,25.000000,0,352.424072,0.784408,100.000000,-137.619842,1,1000,0,1.308452,20.000000
564,45.335784,Series RC,0.889928,,4.51815451347e-07,-352.256530,-89.855247,122.887557,25000,0.002227,25.000000,0,352.257659,0.784357,100.000000,-146.967681,1,1000,0,0.889928,20.000000
565,45.409210,Series RC,1.407644,,4.51805939549e-07,-352.263946,-89.771049,175.058578,25000,0.002227,25.000000,0,352.266754,0.784416,100.000000,-94.712478,1,1000,0,1.407644,20.000000
566,45.495109,Series RC,1.731665,,4.51500219673e-07,-352.502471,-89.718536,129.419616,25000,0.002225,25.000000,0,352.506713,0.784318,100.000000,-140.298919,1,1000,0,1.731665,20.000000
567,45.567989,Series RC,1.305763,,4.51603982808e-07,-352.421478,-89.787712,102.737625,25000,0.002226,25.000000,0,352.423889,0.784464,100.000000,-167.050109,1,1000,0,1.305763,20.000000
568,45.657099,Series RC,1.032324,,4.51944581292e-07,-352.155883,-89.832031,50.899147,25000,0.002227,25.000000,0,352.157379,0.784342,100.000000,141.067092,1,1000,0,1.032324,20.000000
569,45.736931,Series RC,1.148755,,4.51557294834e-07,-352.457916,-89.813255,106.380760,25000,0.002226,25.000000,0,352.459808,0.784496,100.000000,-163.432479,1,1000,0,1.148755,20.000000
570,45.816899,Series RC,1.281208,,4.52054936565e-07,-352.069915,-89.791496,37.249782,25000,0.002227,25.000000,0,352.072235,0.784156,100.000000,127.458297,1,1000,0,1.281208,20.000000
571,45.896879,Series RC,1.383441,,4.51563746881e-07,-352.452880,-89.775100,31.321743,25000,0.002226,25.000000,0,352.455596,0.784491,100.000000,121.546661,1,1000,0,1.383441,20.000000
572,45.975024,Series RC,1.395838,,4.51576610528e-07,-352.442840,-89.773078,16.669532,25000,0.002226,25.000000,0,352.445587,0.784540,100.000000,106.896438,1,1000,0,1.395838,20.000000
573,46.058667,Series RC,1.627102,,4.51713271788e-07,-352.336212,-89.735412,68.111587,25000,0.002226,25.000000,0,352.339965,0.784235,100.000000,158.376190,1,1000,0,1.627102,20.000000
574,46.144316,Series RC,1.424906,,4.52217805403e-07,-351.943115,-89.768028,-63.425735,25000,0.002228,25.000000,0,351.945983,0.784002,100.000000,26.806232,1,1000,0,1.424906,20.000000
575,46.217581,Series RC,1.341479,,4.51517145363e-07,-352.489257,-89.781951,174.299179,25000,0.002226,25.000000,0,352.491821,0.784574,100.000000,-95.482772,1,1000,0,1.341479,20.000000
576,46.294749,Series RC,1.268751,,4.51528794521e-07,-352.480163,-89.793762,-99.129058,25000,0.002226,25.000000,0,352.482452,0.784606,100.000000,-8.922817,1,1000,0,1.268751,20.000000
577,46.375031,Series RC,1.250773,,4.51829739035e-07,-352.245391,-89.796546,-8.142145,25000,0.002227,25.000000,0,352.247619,0.784383,100.000000,82.061302,1,1000,0,1.250773,20.000000
578,46.452014,Series RC,1.378674,,4.52134533683e-07,-352.007934,-89.775596,66.180587,25000,0.002227,25.000000,0,352.010620,0.783979,100.000000,156.404983,1,1000,0,1.378674,20.000000
579,46.537240,Series RC,1.298249,,4.51733188059e-07,-352.320678,-89.788871,61.836753,25000,0.002227,25.000000,0,352.323059,0.784461,100.000000,152.047882,1,1000,0,1.298249,20.000000
580,46.614787,Series RC,1.483376,,4.51353100081e-07,-352.617370,-89.758964,143.121597,25000,0.002225,25.000000,0,352.620483,0.784495,100.000000,-126.637374,1,1000,0,1.483376,20.000000
581,46.695835,Series RC,1.304944,,4.51741953108e-07,-352.313842,-89.787780,-12.018520,25000,0.002227,25.000000,0,352.316253,0.784548,100.000000,78.193695,1,1000,0,1.304944,20.000000
582,46.775959,Series RC,1.335203,,4.52076644776e-07,-352.053009,-89.782699,-7.593245,25000,0.002227,25.000000,0,352.055541,0.784091,100.000000,82.624046,1,1000,0,1.335203,20.000000
583,46.856014,Series RC,1.405217,,4.51317009298e-07,-352.645568,-89.771690,42.321453,25000,0.002225,25.000000,0,352.648376,0.784525,100.000000,132.549758,1,1000,0,1.405217,20.000000
584,46.937225,Series RC,1.286331,,4.52024844365e-07,-352.093353,-89.790672,64.361618,25000,0.002227,25.000000,0,352.095703,0.784218,100.000000,154.570953,1,1000,0,1.286331,20.000000
585,47.014161,Series RC,1.602538,,4.51699187606e-07,-352.347198,-89.739410,140.535491,25000,0.002226,25.000000,0,352.350830,0.784191,100.000000,-129.203903,1,1000,0,1.602538,20.000000
586,47.098076,Series RC,1.664762,,4.5140998185e-07,-352.572937,-89.729461,113.560974,25000,0.002225,25.000000,0,352.576873,0.784446,100.000000,-156.168502,1,1000,0,1.664762,20.000000
587,47.176379,Series RC,1.138121,,4.51975562566e-07,-352.131744,-89.814811,122.765266,25000,0.002227,25.000000,0,352.133575,0.784109,100.000000,-147.049530,1,1000,0,1.138121,20.000000
588,47.255573,Series RC,1.427856,,4.51868221137e-07,-352.215393,-89.767730,-171.247665,25000,0.002227,25.000000,0,352.218292,0.784429,100.000000,-81.015403,1,1000,0,1.427856,20.000000
589,47.336691,Series RC,1.562537,,4.51678805174e-07,-352.363098,-89.745918,-104.772979,25000,0.002225,25.000000,0,352.366577,0.784189,100.000000,-14.518898,1,1000,0,1.562537,20.000000
590,47.410563,Series RC,1.261093,,4.51983788931e-07,-352.125335,-89.794799,-11.615292,25000,0.002227,25.000000,0,352.127593,0.784300,100.000000,78.589897,1,1000,0,1.261093,20.000000
591,47.496080,Series RC,1.554479,,4.51725479815e-07,-352.326690,-89.747215,-110.224311,25000,0.002226,25.000000,0,352.330108,0.784187,100.000000,-19.971529,1,1000,0,1.554479,20.000000
592,47.574832,Series RC,1.613422,,4.51686004192e-07,-352.357482,-89.737640,76.938911,25000,0.002226,25.000000,0,352.361175,0.784289,100.000000,167.201263,1,1000,0,1.613422,20.000000
593,47.656393,Series RC,1.494501,,4.515226176e-07,-352.484985,-89.757072,-3.770769,25000,0.002225,25.000000,0,352.488159,0.784331,100.000000,86.472152,1,1000,0,1.494501,20.000000
594,47.739456,Series RC,1.222812,,4.51672742075e-07,-352.367828,-89.801162,-163.526199,25000,0.002225,25.000000,0,352.369934,0.784109,100.000000,-73.327377,1,1000,0,1.222812,20.000000
595,47.811980,Series RC,1.548295,,4.51618335297e-07,-352.410278,-89.748268,-159.116973,25000,0.002226,25.000000,0,352.413696,0.784461,100.000000,-68.865257,1,1000,0,1.548295,20.000000
596,47.905037,Series RC,1.565181,,4.51643327464e-07,-352.390777,-89.745513,28.462554,25000,0.002226,25.000000,0,352.394256,0.784361,100.000000,118.717041,1,1000,0,1.565181,20.000000
597,47.977747,Series RC,0.954880,,4.51681308653e-07,-352.361145,-89.844734,93.990043,25000,0.002226,25.000000,0,352.362426,0.784362,100.000000,-175.854690,1,1000,0,0.954880,20.000000
598,48.060830,Series RC,1.250988,,4.51934241456e-07,-352.163940,-89.796470,-49.415092,25000,0.002227,25.000000,0,352.166168,0.784196,100.000000,40.788444,1,1000,0,1.250988,20.000000
599,48.140594,Series RC,1.347132,,4.51453317524e-07,-352.539093,-89.781051,-15.421655,25000,0.002225,25.000000,0,352.541656,0.784513,100.000000,74.797286,1,1000,0,1.347132,20.000000
600,48.214176,Series RC,1.338291,,4.51515503206e-07,-352.490539,-89.782463,106.368087,25000,0.002225,25.000000,0,352.493072,0.784347,100.000000,-163.414352,1,1000,0,1.338291,20.000000
601,48.296177,Series RC,1.873885,,4.51577588143e-07,-352.442077,-89.695365,98.886383,25000,0.002226,25.000000,0,352.447052,0.784373,100.000000,-170.808975,1,1000,0,1.873885,20.000000
602,48.375654,Series RC,1.424587,,4.51812946381e-07,-352.258483,-89.768280,103.779678,25000,0.002227,25.000000,0,352.261352,0.784317,100.000000,-165.988616,1,1000,0,1.424587,20.000000
603,48.463087,Series RC,1.636532,,4.51800067984e-07,-352.268524,-89.733818,-75.118286,25000,0.002226,25.000000,0,352.272308,0.784226,100.000000,15.147884,1,1000,0,1.636532,20.000000
604,48.536280,Series RC,1.404888,,4.51476649555e-07,-352.520874,-89.771659,77.041046,25000,0.002225,25.000000,0,352.523681,0.784438,100.000000,167.269393,1,1000,0,1.404888,20.000000
605,48.616965,Series RC,1.334549,,4.51871510597e-07,-352.212829,-89.782897,139.249694,25000,0.002226,25.000000,0,352.215362,0.784052,100.000000,-130.533218,1,1000,0,1.334549,20.000000
606,48.692006,Series RC,1.496632,,4.51589592791e-07,-352.432708,-89.756690,29.669406,25000,0.002225,25.000000,0,352.435882,0.784275,100.000000,119.912704,1,1000,0,1.496632,20.000000
607,48.777550,Series RC,1.217301,,4.51597881995e-07,-352.426239,-89.802093,47.769805,25000,0.002226,25.000000,0,352.428344,0.784467,100.000000,137.967712,1,1000,0,1.217301,20.000000
608,48.855547,Series RC,0.885523,,4.51792240751e-07,-352.274627,-89.855972,-122.124214,25000,0.002226,25.000000,0,352.275726,0.784334,100.000000,-31.980197,1,1000,0,0.885523,20.000000
609,48.935509,Series RC,1.656627,,4.51862936804e-07,-352.219512,-89.730514,-118.485153,25000,0.002226,25.000000,0,352.223419,0.784172,100.000000,-28.215654,1,1000,0,1.656627,20.000000
610,49.023838,Series RC,1.209663,,4.51751813553e-07,-352.306152,-89.803268,-137.804107,25000,0.002226,25.000000,0,352.308227,0.784347,100.000000,-47.607391,1,1000,0,1.209663,20.000000
611,49.099353,Series RC,1.526231,,4.51284750319e-07,-352.670776,-89.752037,-15.428430,25000,0.002224,25.000000,0,352.674072,0.784307,100.000000,74.819526,1,1000,0,1.526231,20.000000
612,49.174673,Series RC,1.315308,,4.52163738692e-07,-351.985198,-89.785896,8.522803,25000,0.002227,25.000000,0,351.987640,0.783942,100.000000,98.736900,1,1000,0,1.315308,20.000000
613,49.262468,Series RC,1.305405,,4.51582358406e-07,-352.438354,-89.787780,-84.244689,25000,0.002226,25.000000,0,352.440765,0.784477,100.000000,5.967528,1,1000,0,1.305405,20.000000
614,49.335338,Series RC,1.342967,,4.51779950887e-07,-352.284210,-89.781578,-154.592605,25000,0.002227,25.000000,0,352.286773,0.784458,100.000000,-64.374191,1,1000,0,1.342967,20.000000
615,49.429516,Series RC,1.594948,,4.51422133796e-07,-352.563446,-89.740798,157.608291,25000,0.002225,25.000000,0,352.567047,0.784406,100.000000,-112.132499,1,1000,0,1.594948,20.000000
616,49.506487,Series RC,2.017437,,4.51778464555e-07,-352.285369,-89.671890,-132.503265,25000,0.002226,25.000000,0,352.291137,0.784161,100.000000,-42.175163,1,1000,0,2.017437,20.000000
617,49.590309,Series RC,1.798852,,4.51786800451e-07,-352.278869,-89.707435,-146.958587,25000,0.002226,25.000000,0,352.283447,0.784115,100.000000,-56.666015,1,1000,0,1.798852,20.000000
618,49.663719,Series RC,1.139144,,4.52169266437e-07,-351.980895,-89.814567,151.465530,25000,0.002227,25.000000,0,351.982757,0.783996,100.000000,-118.349037,1,1000,0,1.139144,20.000000
619,49.748741,Series RC,1.299203,,4.52219256079e-07,-351.941986,-89.788490,-64.939468,25000,0.002228,25.000000,0,351.944396,0.783990,100.000000,25.272033,1,1000,0,1.299203,20.000000
620,49.821895,Series RC,1.283122,,4.51735808819e-07,-352.318634,-89.791336,-54.002704,25000,0.002227,25.000000,0,352.320983,0.784495,100.000000,36.205978,1,1000,0,1.283122,20.000000
621,49.906173,Series RC,1.303764,,4.51685104303e-07,-352.358184,-89.788002,-9.045325,25000,0.002226,25.000000,0,352.360595,0.784343,100.000000,81.166679,1,1000,0,1.303764,20.000000
622,49.986241,Series RC,1.569230,,4.51662650518e-07,-352.375701,-89.744842,96.884597,25000,0.002225,25.000000,0,352.379180,0.784058,100.000000,-172.860260,1,1000,0,1.569230,20.000000
623,50.062485,Series RC,1.520217,,4.52046785931e-07,-352.076263,-89.752601,123.901466,25000,0.002226,25.000000,0,352.079559,0.783848,100.000000,-145.851135,1,1000,0,1.520217,20.000000
624,50.145903,Series RC,1.285411,,4.52112113538e-07,-352.025390,-89.790786,-151.467346,25000,0.002227,25.000000,0,352.027740,0.784063,100.000000,-61.258110,1,1000,0,1.285411,20.000000
625,50.220814,Series RC,1.400949,,4.51717106437e-07,-352.333221,-89.772178,2.207342,25000,0.002227,25.000000,0,352.335998,0.784558,100.000000,92.435165,1,1000,0,1.400949,20.000000
626,50.300265,Series RC,1.345528,,4.5176617544e-07,-352.294952,-89.781173,-27.465736,25000,0.002227,25.000000,0,352.297515,0.784580,100.000000,62.753086,1,1000,0,1.345528,20.000000
627,50.377703,Series RC,1.302253,,4.51888816975e-07,-352.199340,-89.788146,136.406936,25000,0.002226,25.000000,0,352.201751,0.784134,100.000000,-133.381210,1,1000,0,1.302253,20.000000
628,50.450505,Series RC,1.219776,,4.51801321034e-07,-352.267547,-89.801597,-26.081298,25000,0.002227,25.000000,0,352.269653,0.784479,100.000000,64.117111,1,1000,0,1.219776,20.000000
629,50.541942,Series RC,1.431273,,4.51531883045e-07,-352.477752,-89.767341,-158.262222,25000,0.002226,25.000000,0,352.480651,0.784501,100.000000,-68.029541,1,1000,0,1.431273,20.000000
630,50.623729,Series RC,1.256232,,4.51920651649e-07,-352.174530,-89.795616,8.089109,25000,0.002226,25.000000,0,352.176757,0.784023,100.000000,98.293487,1,1000,0,1.256232,20.000000
631,50.709230,Series RC,1.389650,,4.51676185075e-07,-352.365142,-89.774032,-68.663673,25000,0.002226,25.000000,0,352.367889,0.784396,100.000000,21.562295,1,1000,0,1.389650,20.000000
632,50.782907,Series RC,1.279191,,4.51729627515e-07,-352.323455,-89.791976,124.200294,25000,0.002225,25.000000,0,352.325775,0.784034,100.000000,-145.591659,1,1000,0,1.279191,20.000000
633,50.866278,Series RC,2.157563,,4.51421821379e-07,-352.563690,-89.649368,-16.555730,25000,0.002225,25.000000,0,352.570281,0.784358,100.000000,73.794891,1,1000,0,2.157563,20.000000
634,50.945082,Series RC,1.199352,,4.51743987991e-07,-352.312255,-89.804954,136.811309,25000,0.002226,25.000000,0,352.314300,0.784186,100.000000,-132.993637,1,1000,0,1.199352,20.000000
635,51.026482,Series RC,1.258242,,4.51681152264e-07,-352.361267,-89.795402,61.306259,25000,0.002226,25.000000,0,352.363525,0.784340,100.000000,151.510864,1,1000,0,1.258242,20.000000
636,51.104818,Series RC,1.712520,,4.51384820912e-07,-352.592590,-89.721725,-159.804321,25000,0.002225,25.000000,0,352.596740,0.784460,100.000000,-69.526046,1,1000,0,1.712520,20.000000
637,51.187276,Series RC,1.648568,,4.5158603451e-07,-352.435485,-89.731986,-29.433118,25000,0.002226,25.000000,0,352.439331,0.784396,100.000000,60.834873,1,1000,0,1.648568,20.000000
638,51.263099,Series RC,1.525656,,4.51529693788e-07,-352.479461,-89.751998,120.180564,25000,0.002225,25.000000,0,352.482757,0.784351,100.000000,-149.571441,1,1000,0,1.525656,20.000000
639,51.335687,Series RC,1.346212,,4.51705564224e-07,-352.342224,-89.781082,72.572601,25000,0.002226,25.000000,0,352.344787,0.784265,100.000000,162.791519,1,1000,0,1.346212,20.000000
640,51.431194,Series RC,2.009641,,4.51529575935e-07,-352.479553,-89.673339,-88.292434,25000,0.002225,25.000000,0,352.485290,0.784305,100.000000,2.034236,1,1000,0,2.009641,20.000000
641,51.504729,Series RC,1.436146,,4.51770010988e-07,-352.291961,-89.766426,97.091529,25000,0.002226,25.000000,0,352.294891,0.784216,100.000000,-172.674896,1,1000,0,1.436146,20.000000
642,51.589079,Series RC,1.045988,,4.51845162903e-07,-352.233367,-89.829849,-79.106819,25000,0.002226,25.000000,0,352.234924,0.784182,100.000000,11.063317,1,1000,0,1.045988,20.000000
643,51.664567,Series RC,1.523892,,4.51728649241e-07,-352.324218,-89.752174,57.656444,25000,0.002226,25.000000,0,352.327514,0.784274,100.000000,147.904251,1,1000,0,1.523892,20.000000
644,51.745513,Series RC,1.617313,,4.51397167383e-07,-352.582946,-89.737174,-130.828353,25000,0.002224,25.000000,0,352.586669,0.784316,100.000000,-40.565528,1,1000,0,1.617313,20.000000
645,51.826558,Series RC,2.083980,,4.51628582507e-07,-352.402282,-89.661170,-145.929656,25000,0.002225,25.000000,0,352.408447,0.784212,100.000000,-55.590850,1,1000,0,2.083980,20.000000
646,51.904480,Series RC,1.500510,,4.51990330189e-07,-352.120239,-89.755836,-133.871002,25000,0.002227,25.000000,0,352.123443,0.784080,100.000000,-43.626838,1,1000,0,1.500510,20.000000
647,51.988872,Series RC,2.194041,,4.5187241123e-07,-352.212127,-89.643089,-160.809310,25000,0.002226,25.000000,0,352.218963,0.784043,100.000000,-70.452392,1,1000,0,2.194041,20.000000
648,52.063054,Series RC,1.466353,,4.51908787223e-07,-352.183776,-89.761444,-32.423274,25000,0.002226,25.000000,0,352.186828,0.783963,100.000000,57.815269,1,1000,0,1.466353,20.000000
649,52.135895,Series RC,1.635759,,4.51271121493e-07,-352.681427,-89.734260,42.101169,25000,0.002223,25.000000,0,352.685211,0.784166,100.000000,132.366897,1,1000,0,1.635759,20.000000
650,52.220162,Series RC,1.269595,,4.52005569899e-07,-352.108367,-89.793411,-134.601806,25000,0.002226,25.000000,0,352.110656,0.783956,100.000000,-44.395210,1,1000,0,1.269595,20.000000
651,52.314003,Series RC,1.498177,,4.51883725896e-07,-352.203308,-89.756271,68.239097,25000,0.002226,25.000000,0,352.206481,0.783942,100.000000,158.482818,1,1000,0,1.498177,20.000000
652,52.392990,Series RC,1.352340,,4.51735066438e-07,-352.319213,-89.780075,19.192174,25000,0.002226,25.000000,0,352.321807,0.784280,100.000000,109.412086,1,1000,0,1.352340,20.000000
653,52.472920,Series RC,1.344949,,4.51509131953e-07,-352.495513,-89.781387,16.208816,25000,0.002225,25.000000,0,352.498077,0.784405,100.000000,106.427436,1,1000,0,1.344949,20.000000
654,52.557361,Series RC,1.535791,,4.51539623114e-07,-352.471710,-89.750350,-12.950734,25000,0.002225,25.000000,0,352.475067,0.784347,100.000000,77.298912,1,1000,0,1.535791,20.000000
655,52.632984,Series RC,1.471493,,4.51490837695e-07,-352.509796,-89.760833,145.592025,25000,0.002225,25.000000,0,352.512878,0.784398,100.000000,-124.168792,1,1000,0,1.471493,20.000000
656,52.715350,Series RC,1.317839,,4.51986177701e-07,-352.123474,-89.785560,9.213370,25000,0.002226,25.000000,0,352.125946,0.783895,100.000000,99.427803,1,1000,0,1.317839,20.000000
657,52.795211,Series RC,1.934121,,4.51404316457e-07,-352.577362,-89.685691,142.413436,25000,0.002224,25.000000,0,352.582672,0.784088,100.000000,-127.272262,1,1000,0,1.934121,20.000000
658,52.874595,Series RC,1.622294,,4.51905771813e-07,-352.186126,-89.736076,97.374542,25000,0.002226,25.000000,0,352.189880,0.783901,100.000000,-172.361541,1,1000,0,1.622294,20.000000
659,52.948440,Series RC,1.382202,,4.51309705578e-07,-352.651275,-89.775428,-143.455352,25000,0.002224,25.000000,0,352.653991,0.784316,100.000000,-53.230781,1,1000,0,1.382202,20.000000
660,53.033445,Series RC,1.337998,,4.52068024674e-07,-352.059722,-89.782249,162.748550,25000,0.002228,25.000000,0,352.062255,0.784515,100.000000,-107.033706,1,1000,0,1.337998,20.000000
661,53.111407,Series RC,1.419869,,4.52405554488e-07,-351.797058,-89.768745,179.454940,25000,0.002229,25.000000,0,351.799926,0.784335,100.000000,-90.313789,1,1000,0,1.419869,20.000000
662,53.190217,Series RC,1.460881,,4.52017087652e-07,-352.099395,-89.762275,163.403335,25000,0.002228,25.000000,0,352.102416,0.784495,100.000000,-106.358932,1,1000,0,1.460881,20.000000
663,53.275999,Series RC,1.186890,,4.52010975672e-07,-352.104156,-89.806861,106.604202,25000,0.002228,25.000000,0,352.106140,0.784516,100.000000,-163.202667,1,1000,0,1.186890,20.000000
664,53.350422,Series RC,1.409219,,4.52001064116e-07,-352.111877,-89.770690,89.786041,25000,0.002228,25.000000,0,352.114685,0.784593,100.000000,-179.984649,1,1000,0,1.409219,20.000000
665,53.445592,Series RC,1.709515,,4.51623458844e-07,-352.406280,-89.722061,157.791336,25000,0.002226,25.000000,0,352.410430,0.784558,100.000000,-111.930725,1,1000,0,1.709515,20.000000
666,53.523630,Series RC,1.302685,,4.52175851605e-07,-351.975769,-89.787940,-137.195785,25000,0.002228,25.000000,0,351.978179,0.784320,100.000000,-46.983726,1,1000,0,1.302685,20.000000
667,53.596911,Series RC,1.792431,,4.51415374667e-07,-352.568725,-89.708717,-116.616416,25000,0.002225,25.000000,0,352.573272,0.784557,100.000000,-26.325138,1,1000,0,1.792431,20.000000
668,53.672740,Series RC,2.228977,,4.51633784464e-07,-352.398223,-89.637596,-30.920684,25000,0.002226,25.000000,0,352.405273,0.784488,100.000000,59.441722,1,1000,0,2.228977,20.000000
669,53.758957,Series RC,1.711194,,4.51912232539e-07,-352.181091,-89.721603,-75.999664,25000,0.002227,25.000000,0,352.185241,0.784160,100.000000,14.278726,1,1000,0,1.711194,20.000000
670,53.841553,Series RC,1.370903,,4.51929267415e-07,-352.167816,-89.776954,3.588984,25000,0.002227,25.000000,0,352.170501,0.784401,100.000000,93.812004,1,1000,0,1.370903,20.000000
671,53.922133,Series RC,1.463271,,4.51823514115e-07,-352.250244,-89.761985,-140.660202,25000,0.002227,25.000000,0,352.253295,0.784530,100.000000,-50.422199,1,1000,0,1.463271,20.000000
672,53.996488,Series RC,1.696808,,4.51628738859e-07,-352.402160,-89.724121,86.230422,25000,0.002226,25.000000,0,352.406250,0.784588,100.000000,176.506317,1,1000,0,1.696808,20.000000
673,54.076501,Series RC,1.123760,,4.51977364665e-07,-352.130340,-89.817153,-179.586868,25000,0.002227,25.000000,0,352.132141,0.784202,100.000000,-89.403991,1,1000,0,1.123760,20.000000
674,54.154709,Series RC,1.463466,,4.51970783993e-07,-352.135467,-89.761878,-171.404479,25000,0.002228,25.000000,0,352.138519,0.784572,100.000000,-81.166343,1,1000,0,1.463466,20.000000
675,54.227621,Series RC,1.455139,,4.51792828136e-07,-352.274169,-89.763328,-42.661174,25000,0.002227,25.000000,0,352.277191,0.784408,100.000000,47.575496,1,1000,0,1.455139,20.000000
676,54.315771,Series RC,1.463208,,4.51946618001e-07,-352.154296,-89.761940,-139.824508,25000,0.002227,25.000000,0,352.157348,0.784313,100.000000,-49.586463,1,1000,0,1.463208,20.000000
677,54.392524,Series RC,1.542811,,4.51649233406e-07,-352.386169,-89.749145,-73.022056,25000,0.002226,25.000000,0,352.389556,0.784584,100.000000,17.228780,1,1000,0,1.542811,20.000000
678,54.472361,Series RC,1.365938,,4.52071864065e-07,-352.056732,-89.777694,-169.923370,25000,0.002228,25.000000,0,352.059387,0.784403,100.000000,-79.701057,1,1000,0,1.365938,20.000000
679,54.547984,Series RC,1.607195,,4.51712567943e-07,-352.336761,-89.738647,129.352325,25000,0.002227,25.000000,0,352.340423,0.784650,100.000000,-140.386306,1,1000,0,1.607195,20.000000
680,54.621307,Series RC,1.578876,,4.51763318378e-07,-352.297180,-89.743217,71.491325,25000,0.002227,25.000000,0,352.300720,0.784543,100.000000,161.748107,1,1000,0,1.578876,20.000000
681,54.712851,Series RC,1.376195,,4.51818309069e-07,-352.254302,-89.776145,102.732345,25000,0.002227,25.000000,0,352.256988,0.784479,100.000000,-167.043807,1,1000,0,1.376195,20.000000
682,54.793793,Series RC,1.632477,,4.51574264523e-07,-352.444671,-89.734611,-44.612884,25000,0.002226,25.000000,0,352.448455,0.784524,100.000000,45.652511,1,1000,0,1.632477,20.000000
683,54.871392,Series RC,1.256313,,4.51891283007e-07,-352.197418,-89.795616,-47.800128,25000,0.002226,25.000000,0,352.199676,0.784165,100.000000,42.404247,1,1000,0,1.256313,20.000000
684,54.951499,Series RC,1.503932,,4.5164301474e-07,-352.391021,-89.755470,147.366333,25000,0.002226,25.000000,0,352.394226,0.784532,100.000000,-122.389144,1,1000,0,1.503932,20.000000
685,55.033904,Series RC,1.511613,,4.51632493896e-07,-352.399230,-89.754226,-169.403427,25000,0.002226,25.000000,0,352.402465,0.784589,100.000000,-79.157653,1,1000,0,1.511613,20.000000
686,55.107612,Series RC,1.777902,,4.51646534187e-07,-352.388275,-89.710929,-88.003471,25000,0.002226,25.000000,0,352.392761,0.784441,100.000000,2.285595,1,1000,0,1.777902,20.000000
687,55.197870,Series RC,1.556023,,4.52009056486e-07,-352.105651,-89.746795,-143.511138,25000,0.002227,25.000000,0,352.109100,0.784306,100.000000,-53.257949,1,1000,0,1.556023,20.000000
688,55.273544,Series RC,1.340997,,4.52104157335e-07,-352.031585,-89.781745,-35.009124,25000,0.002228,25.000000,0,352.034118,0.784372,100.000000,55.209136,1,1000,0,1.340997,20.000000
689,55.354759,Series RC,1.677677,,4.51621737739e-07,-352.407623,-89.727241,-159.234619,25000,0.002226,25.000000,0,352.411621,0.784489,100.000000,-68.961860,1,1000,0,1.677677,20.000000
690,55.434357,Series RC,1.529623,,4.51921474201e-07,-352.173889,-89.751144,-84.114830,25000,0.002228,25.000000,0,352.177215,0.784486,100.000000,6.134038,1,1000,0,1.529623,20.000000
691,55.512333,Series RC,1.085161,,4.52073666932e-07,-352.055328,-89.823387,137.458633,25000,0.002228,25.000000,0,352.057006,0.784390,100.000000,-132.364761,1,1000,0,1.085161,20.000000
692,55.590684,Series RC,1.257508,,4.51672976649e-07,-352.367645,-89.795532,120.870445,25000,0.002227,25.000000,0,352.369903,0.784552,100.000000,-148.925094,1,1000,0,1.257508,20.000000
693,55.672298,Series RC,1.314786,,4.51650563803e-07,-352.385131,-89.786224,-109.800292,25000,0.002226,25.000000,0,352.387573,0.784506,100.000000,-19.586511,1,1000,0,1.314786,20.000000
694,55.752314,Series RC,1.444497,,4.51680017813e-07,-352.362152,-89.765113,105.867080,25000,0.002227,25.000000,0,352.365112,0.784592,100.000000,-163.898040,1,1000,0,1.444497,20.000000
695,55.825165,Series RC,1.410211,,4.52167422984e-07,-351.982330,-89.770446,110.433853,25000,0.002228,25.000000,0,351.985168,0.784051,100.000000,-159.336593,1,1000,0,1.410211,20.000000
696,55.913871,Series RC,1.244198,,4.52143627731e-07,-352.000854,-89.797485,81.035209,25000,0.002228,25.000000,0,352.003051,0.784170,100.000000,171.237731,1,1000,0,1.244198,20.000000
697,55.993102,Series RC,1.730947,,4.51709633354e-07,-352.339050,-89.718528,-43.121696,25000,0.002227,25.000000,0,352.343292,0.784495,100.000000,47.159778,1,1000,0,1.730947,20.000000
698,56.071627,Series RC,1.317364,,4.52149351517e-07,-351.996398,-89.785560,35.446029,25000,0.002228,25.000000,0,351.998870,0.784414,100.000000,125.660469,1,1000,0,1.317364,20.000000
699,56.153085,Series RC,1.791500,,4.52073471749e-07,-352.055480,-89.708442,-132.929641,25000,0.002227,25.000000,0,352.060028,0.784201,100.000000,-42.638095,1,1000,0,1.791500,20.000000
700,56.231031,Series RC,1.407359,,4.51762574624e-07,-352.297760,-89.771118,30.416212,25000,0.002227,25.000000,0,352.300567,0.784589,100.000000,120.645103,1,1000,0,1.407359,20.000000
701,56.311782,Series RC,1.393562,,4.51824023338e-07,-352.249847,-89.773323,18.558015,25000,0.002227,25.000000,0,352.252593,0.784535,100.000000,108.784683,1,1000,0,1.393562,20.000000
702,56.394113,Series RC,1.372102,,4.52253334873e-07,-351.915466,-89.776603,-78.267662,25000,0.002228,25.000000,0,351.918151,0.784109,100.000000,11.955727,1,1000,0,1.372102,20.000000
703,56.475234,Series RC,1.836306,,4.51457852092e-07,-352.535552,-89.701553,41.502208,25000,0.002225,25.000000,0,352.540344,0.784516,100.000000,131.800643,1,1000,0,1.836306,20.000000
704,56.555899,Series RC,1.984954,,4.51754317841e-07,-352.304199,-89.677185,83.536911,25000,0.002227,25.000000,0,352.309783,0.784449,100.000000,173.859710,1,1000,0,1.984954,20.000000
705,56.635088,Series RC,1.291372,,4.51964360097e-07,-352.140472,-89.789886,-40.345001,25000,0.002228,25.000000,0,352.142852,0.784602,100.000000,49.865108,1,1000,0,1.291372,20.000000
706,56.713081,Series RC,1.588730,,4.51636325892e-07,-352.396240,-89.741683,28.790597,25000,0.002226,25.000000,0,352.399810,0.784537,100.000000,119.048912,1,1000,0,1.588730,20.000000
707,56.793840,Series RC,2.343657,,4.5155471458e-07,-352.459930,-89.619018,26.463779,25000,0.002226,25.000000,0,352.467712,0.784582,100.000000,116.844749,1,1000,0,2.343657,20.000000
708,56.870189,Series RC,1.271924,,4.52013522631e-07,-352.102172,-89.793022,-52.910766,25000,0.002228,25.000000,0,352.104461,0.784354,100.000000,37.296195,1,1000,0,1.271924,20.000000
709,56.951811,Series RC,1.216275,,4.51854245313e-07,-352.226287,-89.802154,63.280178,25000,0.002227,25.000000,0,352.228393,0.784381,100.000000,153.478027,1,1000,0,1.216275,20.000000
710,57.034020,Series RC,1.597470,,4.51493339091e-07,-352.507843,-89.740356,-58.384590,25000,0.002226,25.000000,0,352.511474,0.784580,100.000000,31.875061,1,1000,0,1.597470,20.000000
711,57.112795,Series RC,1.438785,,4.52022611812e-07,-352.095092,-89.765869,3.764220,25000,0.002228,25.000000,0,352.098022,0.784470,100.000000,93.998359,1,1000,0,1.438785,20.000000
712,57.193750,Series RC,2.231147,,4.51568751316e-07,-352.448974,-89.637298,-59.882644,25000,0.002226,25.000000,0,352.456024,0.784596,100.000000,30.480073,1,1000,0,2.231147,20.000000
713,57.273742,Series RC,1.942530,,4.51774823788e-07,-352.288208,-89.684066,-103.486267,25000,0.002227,25.000000,0,352.293579,0.784473,100.000000,-13.170326,1,1000,0,1.942530,20.000000
714,57.355052,Series RC,1.282361,,4.51944463222e-07,-352.155975,-89.791358,-93.434822,25000,0.002227,25.000000,0,352.158294,0.784248,100.000000,-3.226187,1,1000,0,1.282361,20.000000
715,57.434423,Series RC,1.418209,,4.51838155072e-07,-352.238830,-89.769309,9.369868,25000,0.002226,25.000000,0,352.241668,0.784140,100.000000,99.600555,1,1000,0,1.418209,20.000000
716,57.511867,Series RC,1.538422,,4.52074568371e-07,-352.054626,-89.749633,152.208786,25000,0.002227,25.000000,0,352.057983,0.784202,100.000000,-117.540824,1,1000,0,1.538422,20.000000
717,57.584604,Series RC,2.120639,,4.51694884068e-07,-352.350555,-89.655158,-45.670532,25000,0.002227,25.000000,0,352.356933,0.784715,100.000000,44.674289,1,1000,0,2.120639,20.000000
718,57.674699,Series RC,1.143750,,4.5190761185e-07,-352.184692,-89.813926,-165.152618,25000,0.002227,25.000000,0,352.186553,0.784265,100.000000,-74.966552,1,1000,0,1.143750,20.000000
719,57.754789,Series RC,1.697514,,4.51888072808e-07,-352.199920,-89.723846,-118.120018,25000,0.002227,25.000000,0,352.204010,0.784358,100.000000,-27.843866,1,1000,0,1.697514,20.000000
720,57.834654,Series RC,1.477606,,4.51960051505e-07,-352.143829,-89.759590,-94.185111,25000,0.002227,25.000000,0,352.146911,0.784237,100.000000,-3.944713,1,1000,0,1.477606,20.000000
721,57.912067,Series RC,1.405068,,4.51851034357e-07,-352.228790,-89.771438,-139.362350,25000,0.002227,25.000000,0,352.231597,0.784329,100.000000,-49.133789,1,1000,0,1.405068,20.000000
722,57.992834,Series RC,1.554849,,4.51715737187e-07,-352.334289,-89.747154,10.761249,25000,0.002226,25.000000,0,352.337707,0.784405,100.000000,101.014083,1,1000,0,1.554849,20.000000
723,58.072845,Series RC,1.312221,,4.51955194971e-07,-352.147613,-89.786491,-62.417469,25000,0.002227,25.000000,0,352.150054,0.784133,100.000000,27.796041,1,1000,0,1.312221,20.000000
724,58.153876,Series RC,1.271919,,4.51955586416e-07,-352.147308,-89.793052,-62.257949,25000,0.002227,25.000000,0,352.149597,0.784126,100.000000,27.948995,1,1000,0,1.271919,20.000000
725,58.232161,Series RC,1.454194,,4.51721136031e-07,-352.330078,-89.763519,-58.546379,25000,0.002226,25.000000,0,352.333068,0.784423,100.000000,31.690116,1,1000,0,1.454194,20.000000
726,58.313111,Series RC,2.008829,,4.51901033209e-07,-352.189819,-89.673202,40.645828,25000,0.002228,25.000000,0,352.195556,0.784569,100.000000,130.972640,1,1000,0,2.008829,20.000000
727,58.388485,Series RC,1.162533,,4.51852404428e-07,-352.227722,-89.810897,-136.129867,25000,0.002227,25.000000,0,352.229644,0.784348,100.000000,-45.940765,1,1000,0,1.162533,20.000000
728,58.477972,Series RC,1.513555,,4.51880359278e-07,-352.205932,-89.753776,147.862365,25000,0.002227,25.000000,0,352.209167,0.784432,100.000000,-121.891403,1,1000,0,1.513555,20.000000
729,58.562251,Series RC,1.433156,,4.51679939619e-07,-352.362213,-89.766960,-26.919605,25000,0.002226,25.000000,0,352.365142,0.784506,100.000000,63.313442,1,1000,0,1.433156,20.000000
730,58.634990,Series RC,1.240702,,4.51582905525e-07,-352.437927,-89.798294,63.151885,25000,0.002226,25.000000,0,352.440124,0.784542,100.000000,153.353591,1,1000,0,1.240702,20.000000
731,58.724349,Series RC,1.386231,,4.51968865148e-07,-352.136962,-89.774452,-36.633937,25000,0.002227,25.000000,0,352.139678,0.784347,100.000000,53.591629,1,1000,0,1.386231,20.000000
732,58.796973,Series RC,1.977409,,4.5192358898e-07,-352.172241,-89.678291,98.042617,25000,0.002227,25.000000,0,352.177795,0.784459,100.000000,-171.635665,1,1000,0,1.977409,20.000000
733,58.884556,Series RC,1.428583,,4.51585095298e-07,-352.436218,-89.767753,-37.959850,25000,0.002226,25.000000,0,352.439117,0.784582,100.000000,52.272396,1,1000,0,1.428583,20.000000
734,58.966668,Series RC,1.313838,,4.51600893298e-07,-352.423889,-89.786399,178.278472,25000,0.002226,25.000000,0,352.426330,0.784529,100.000000,-91.507911,1,1000,0,1.313838,20.000000
735,59.047796,Series RC,1.314219,,4.52191809165e-07,-351.963348,-89.786056,-135.357818,25000,0.002228,25.000000,0,351.965789,0.784229,100.000000,-45.143875,1,1000,0,1.314219,20.000000
736,59.124527,Series RC,1.122874,,4.52131083693e-07,-352.010620,-89.817230,-93.010925,25000,0.002228,25.000000,0,352.012420,0.784294,100.000000,-2.828149,1,1000,0,1.122874,20.000000
737,59.198327,Series RC,1.982835,,4.51892496788e-07,-352.196472,-89.677436,-146.742477,25000,0.002227,25.000000,0,352.202056,0.784238,100.000000,-56.419910,1,1000,0,1.982835,20.000000
738,59.285910,Series RC,1.742594,,4.51564919185e-07,-352.451965,-89.716720,86.074729,25000,0.002226,25.000000,0,352.456268,0.784429,100.000000,176.358016,1,1000,0,1.742594,20.000000
739,59.369520,Series RC,1.230082,,4.51903031033e-07,-352.188262,-89.799880,-51.414237,25000,0.002227,25.000000,0,352.190399,0.784404,100.000000,38.785877,1,1000,0,1.230082,20.000000
740,59.451086,Series RC,1.441206,,4.5223756958e-07,-351.927734,-89.765365,166.801895,25000,0.002228,25.000000,0,351.930694,0.784113,100.000000,-102.963462,1,1000,0,1.441206,20.000000
741,59.524721,Series RC,1.407652,,4.51991897501e-07,-352.119018,-89.770950,9.837285,25000,0.002227,25.000000,0,352.121826,0.784005,100.000000,100.066337,1,1000,0,1.407652,20.000000
742,59.604601,Series RC,1.474793,,4.51844262379e-07,-352.234069,-89.760101,-124.778747,25000,0.002227,25.000000,0,352.237152,0.784467,100.000000,-34.538848,1,1000,0,1.474793,20.000000
743,59.677479,Series RC,2.103186,,4.51509951726e-07,-352.494873,-89.658142,-160.079467,25000,0.002225,25.000000,0,352.501129,0.784453,100.000000,-69.737602,1,1000,0,2.103186,20.000000
744,59.767302,Series RC,1.528027,,4.51226220392e-07,-352.716522,-89.751785,142.920333,25000,0.002224,25.000000,0,352.719848,0.784503,100.000000,-126.831459,1,1000,0,1.528027,20.000000
745,59.843447,Series RC,1.402764,,4.51835884597e-07,-352.240600,-89.771827,88.778518,25000,0.002227,25.000000,0,352.243377,0.784547,100.000000,179.006683,1,1000,0,1.402764,20.000000
746,59.925603,Series RC,1.670719,,4.51799129164e-07,-352.269256,-89.728256,140.400070,25000,0.002226,25.000000,0,352.273223,0.784127,100.000000,-129.328155,1,1000,0,1.670719,20.000000
747,60.008724,Series RC,1.385460,,4.52192986017e-07,-351.962432,-89.774459,179.622985,25000,0.002228,25.000000,0,351.965148,0.784225,100.000000,-90.151473,1,1000,0,1.385460,20.000000
748,60.081422,Series RC,1.225277,,4.51755218007e-07,-352.303497,-89.800727,-127.719902,25000,0.002227,25.000000,0,352.305633,0.784608,100.000000,-37.520648,1,1000,0,1.225277,20.000000
749,60.167847,Series RC,1.590140,,4.51450700041e-07,-352.541137,-89.741569,114.443565,25000,0.002225,25.000000,0,352.544708,0.784548,100.000000,-155.297988,1,1000,0,1.590140,20.000000
750,60.247266,Series RC,1.370087,,4.51644618094e-07,-352.389770,-89.777236,-70.293190,25000,0.002226,25.000000,0,352.392425,0.784589,100.000000,19.929590,1,1000,0,1.370087,20.000000
751,60.329531,Series RC,1.430580,,4.52015911715e-07,-352.100311,-89.767204,64.495307,25000,0.002227,25.000000,0,352.103210,0.784249,100.000000,154.728088,1,1000,0,1.430580,20.000000
752,60.407630,Series RC,1.359029,,4.51940977631e-07,-352.158691,-89.778892,161.618453,25000,0.002228,25.000000,0,352.161315,0.784456,100.000000,-108.160423,1,1000,0,1.359029,20.000000
753,60.488942,Series RC,1.236620,,4.52030173569e-07,-352.089202,-89.798767,-170.059555,25000,0.002228,25.000000,0,352.091369,0.784483,100.000000,-79.858314,1,1000,0,1.236620,20.000000
754,60.569087,Series RC,1.505604,,4.5212453836e-07,-352.015716,-89.754943,-49.197750,25000,0.002227,25.000000,0,352.018920,0.784034,100.000000,41.047306,1,1000,0,1.505604,20.000000
755,60.649701,Series RC,1.581166,,4.51732991887e-07,-352.320831,-89.742858,-0.018146,25000,0.002227,25.000000,0,352.324371,0.784585,100.000000,90.238975,1,1000,0,1.581166,20.000000
756,60.728694,Series RC,1.397071,,4.51938824189e-07,-352.160369,-89.772697,-141.648422,25000,0.002228,25.000000,0,352.163146,0.784499,100.000000,-51.421104,1,1000,0,1.397071,20.000000
757,60.809259,Series RC,1.600317,,4.51828211329e-07,-352.246582,-89.739692,-143.979064,25000,0.002227,25.000000,0,352.250213,0.784512,100.000000,-53.718753,1,1000,0,1.600317,20.000000
758,60.888057,Series RC,1.556472,,4.51927427201e-07,-352.169250,-89.746772,49.794208,25000,0.002227,25.000000,0,352.172698,0.784162,100.000000,140.047439,1,1000,0,1.556472,20.000000
759,60.970054,Series RC,1.433589,,4.52072883633e-07,-352.055938,-89.766685,-11.638422,25000,0.002228,25.000000,0,352.058868,0.784379,100.000000,78.594871,1,1000,0,1.433589,20.000000
760,61.051880,Series RC,1.501411,,4.51921317646e-07,-352.174011,-89.755729,-13.037323,25000,0.002227,25.000000,0,352.177215,0.784469,100.000000,77.206947,1,1000,0,1.501411,20.000000
761,61.133248,Series RC,1.365195,,4.51928719456e-07,-352.168243,-89.777885,-76.415328,25000,0.002227,25.000000,0,352.170898,0.784279,100.000000,13.806790,1,1000,0,1.365195,20.000000
762,61.215182,Series RC,1.391554,,4.51767115406e-07,-352.294219,-89.773681,58.132717,25000,0.002227,25.000000,0,352.296966,0.784438,100.000000,148.359024,1,1000,0,1.391554,20.000000
763,61.288962,Series RC,1.604835,,4.51643836281e-07,-352.390380,-89.739059,42.282791,25000,0.002226,25.000000,0,352.394042,0.784547,100.000000,132.543731,1,1000,0,1.604835,20.000000
764,61.369406,Series RC,1.545969,,4.51855928422e-07,-352.224975,-89.748519,-61.437313,25000,0.002227,25.000000,0,352.228363,0.784257,100.000000,28.814176,1,1000,0,1.545969,20.000000
765,61.448406,Series RC,1.461438,,4.52000711103e-07,-352.112152,-89.762191,109.058715,25000,0.002228,25.000000,0,352.115173,0.784360,100.000000,-160.703475,1,1000,0,1.461438,20.000000
766,61.521075,Series RC,1.602483,,4.51998792003e-07,-352.113647,-89.739242,100.927528,25000,0.002228,25.000000,0,352.117309,0.784380,100.000000,-168.811737,1,1000,0,1.602483,20.000000
767,61.610897,Series RC,1.102780,,4.51836197587e-07,-352.240356,-89.820617,-6.697710,25000,0.002227,25.000000,0,352.242095,0.784333,100.000000,83.481681,1,1000,0,1.102780,20.000000
768,61.684331,Series RC,1.714918,,4.51727396594e-07,-352.325195,-89.721122,-130.016067,25000,0.002226,25.000000,0,352.329376,0.784319,100.000000,-39.737167,1,1000,0,1.714918,20.000000
769,61.774617,Series RC,1.648480,,4.51633041137e-07,-352.398803,-89.731979,99.907470,25000,0.002226,25.000000,0,352.402648,0.784496,100.000000,-169.824523,1,1000,0,1.648480,20.000000
770,61.850570,Series RC,1.531366,,4.51605273213e-07,-352.420471,-89.751029,-167.601547,25000,0.002226,25.000000,0,352.423797,0.784336,100.000000,-77.352584,1,1000,0,1.531366,20.000000
771,61.938718,Series RC,2.089527,,4.51900720129e-07,-352.190063,-89.660064,170.243713,25000,0.002227,25.000000,0,352.196258,0.784386,100.000000,-99.416358,1,1000,0,2.089527,20.000000
772,62.011376,Series RC,1.689507,,4.51603826473e-07,-352.421600,-89.725326,-144.896179,25000,0.002226,25.000000,0,352.425659,0.784382,100.000000,-54.621494,1,1000,0,1.689507,20.000000
773,62.098206,Series RC,1.554418,,4.51792162518e-07,-352.274688,-89.747184,87.705718,25000,0.002226,25.000000,0,352.278106,0.784339,100.000000,177.958557,1,1000,0,1.554418,20.000000
774,62.170959,Series RC,1.293721,,4.52023786499e-07,-352.094177,-89.789474,38.376716,25000,0.002227,25.000000,0,352.096557,0.784159,100.000000,128.587249,1,1000,0,1.293721,20.000000
775,62.265324,Series RC,1.458621,,4.51962989348e-07,-352.141540,-89.762664,-61.850780,25000,0.002227,25.000000,0,352.144561,0.784188,100.000000,28.386547,1,1000,0,1.458621,20.000000
776,62.341920,Series RC,1.638360,,4.51712880762e-07,-352.336517,-89.733573,76.859954,25000,0.002227,25.000000,0,352.340332,0.784515,100.000000,167.126388,1,1000,0,1.638360,20.000000
777,62.423769,Series RC,1.394915,,4.5160335747e-07,-352.421966,-89.773216,-70.128059,25000,0.002226,25.000000,0,352.424713,0.784531,100.000000,20.098726,1,1000,0,1.394915,20.000000
778,62.505391,Series RC,1.140963,,4.52213178463e-07,-351.946716,-89.814247,-121.588417,25000,0.002228,25.000000,0,351.948577,0.784274,100.000000,-31.402662,1,1000,0,1.140963,20.000000
779,62.584134,Series RC,1.378094,,4.5174633576e-07,-352.310424,-89.775878,104.355415,25000,0.002227,25.000000,0,352.313110,0.784568,100.000000,-165.420486,1,1000,0,1.378094,20.000000
780,62.659717,Series RC,1.512344,,4.51564841031e-07,-352.452026,-89.754150,0.427708,25000,0.002226,25.000000,0,352.455261,0.784414,100.000000,90.673553,1,1000,0,1.512344,20.000000
781,62.743670,Series RC,1.457341,,4.51631085429e-07,-352.400329,-89.763053,-142.419387,25000,0.002226,25.000000,0,352.403350,0.784598,100.000000,-52.182430,1,1000,0,1.457341,20.000000
782,62.820453,Series RC,1.089781,,4.52002709807e-07,-352.110595,-89.822669,-150.612838,25000,0.002227,25.000000,0,352.112274,0.784261,100.000000,-60.435508,1,1000,0,1.089781,20.000000
783,62.902998,Series RC,1.404333,,4.51790479885e-07,-352.276000,-89.771591,117.804237,25000,0.002227,25.000000,0,352.278808,0.784584,100.000000,-151.967346,1,1000,0,1.404333,20.000000
784,62.983042,Series RC,1.325454,,4.51737139725e-07,-352.317596,-89.784446,-39.768516,25000,0.002227,25.000000,0,352.320098,0.784561,100.000000,50.447048,1,1000,0,1.325454,20.000000
785,63.062853,Series RC,1.794154,,4.51827859869e-07,-352.246856,-89.708168,-31.917655,25000,0.002226,25.000000,0,352.251434,0.784067,100.000000,58.374168,1,1000,0,1.794154,20.000000
786,63.136595,Series RC,1.656803,,4.51540093266e-07,-352.471343,-89.730674,-86.725616,25000,0.002226,25.000000,0,352.475219,0.784495,100.000000,3.543690,1,1000,0,1.656803,20.000000
787,63.222553,Series RC,1.322903,,4.5171917956e-07,-352.331604,-89.784873,163.667068,25000,0.002226,25.000000,0,352.334106,0.784415,100.000000,-106.117805,1,1000,0,1.322903,20.000000
788,63.295379,Series RC,2.091465,,4.51481926138e-07,-352.516754,-89.660064,171.021087,25000,0.002225,25.000000,0,352.522949,0.784427,100.000000,-98.638977,1,1000,0,2.091465,20.000000
789,63.390878,Series RC,1.493324,,4.51827663615e-07,-352.247009,-89.757102,76.915420,25000,0.002227,25.000000,0,352.250152,0.784510,100.000000,167.158325,1,1000,0,1.493324,20.000000
790,63.464188,Series RC,1.699281,,4.51641449848e-07,-352.392242,-89.723716,-86.898094,25000,0.002226,25.000000,0,352.396331,0.784491,100.000000,3.378195,1,1000,0,1.699281,20.000000
791,63.536609,Series RC,1.268528,,4.51907377033e-07,-352.184875,-89.793624,19.081966,25000,0.002227,25.000000,0,352.187164,0.784405,100.000000,109.288345,1,1000,0,1.268528,20.000000
792,63.629629,Series RC,1.227596,,4.51983670841e-07,-352.125427,-89.800247,161.279418,25000,0.002228,25.000000,0,352.127563,0.784537,100.000000,-108.520820,1,1000,0,1.227596,20.000000
793,63.703011,Series RC,1.513874,,4.52035736565e-07,-352.084869,-89.753639,174.086395,25000,0.002229,25.000000,0,352.088134,0.784697,100.000000,-95.667243,1,1000,0,1.513874,20.000000
794,63.783989,Series RC,1.628196,,4.51549436295e-07,-352.464050,-89.735321,-59.077548,25000,0.002226,25.000000,0,352.467803,0.784528,100.000000,31.187128,1,1000,0,1.628196,20.000000
795,63.858628,Series RC,1.739257,,4.51645712636e-07,-352.388916,-89.717201,-88.049552,25000,0.002226,25.000000,0,352.393188,0.784532,100.000000,2.233225,1,1000,0,1.739257,20.000000
796,63.952330,Series RC,1.392870,,4.52021200911e-07,-352.096191,-89.773345,166.385299,25000,0.002227,25.000000,0,352.098937,0.784113,100.000000,-103.388053,1,1000,0,1.392870,20.000000
797,64.025345,Series RC,1.647806,,4.51426275927e-07,-352.560211,-89.732215,56.109722,25000,0.002225,25.000000,0,352.564056,0.784582,100.000000,146.377502,1,1000,0,1.647806,20.000000
798,64.110171,Series RC,1.657313,,4.51767544996e-07,-352.293884,-89.730461,68.107887,25000,0.002226,25.000000,0,352.297790,0.784246,100.000000,158.377426,1,1000,0,1.657313,20.000000
799,64.183179,Series RC,1.167231,,4.51854127291e-07,-352.226379,-89.810127,7.569485,25000,0.002226,25.000000,0,352.228302,0.784156,100.000000,97.759338,1,1000,0,1.167231,20.000000
800,64.276412,Series RC,1.543654,,4.52041927533e-07,-352.080047,-89.748794,1.269904,25000,0.002228,25.000000,0,352.083435,0.784341,100.000000,91.521110,1,1000,0,1.543654,20.000000
801,64.349305,Series RC,1.401611,,4.5185549738e-07,-352.225311,-89.772003,90.602355,25000,0.002227,25.000000,0,352.228088,0.784319,100.000000,-179.169647,1,1000,0,1.401611,20.000000
802,64.440482,Series RC,1.496135,,4.51840934832e-07,-352.236663,-89.756637,47.073623,25000,0.002227,25.000000,0,352.239837,0.784392,100.000000,137.316986,1,1000,0,1.496135,20.000000
803,64.513206,Series RC,1.298657,,4.51795724048e-07,-352.271911,-89.788780,108.659286,25000,0.002227,25.000000,0,352.274291,0.784386,100.000000,-161.129486,1,1000,0,1.298657,20.000000
804,64.603816,Series RC,1.606932,,4.51810048966e-07,-352.260742,-89.738632,14.344991,25000,0.002227,25.000000,0,352.264404,0.784377,100.000000,104.606369,1,1000,0,1.606932,20.000000
805,64.680754,Series RC,1.256198,,4.51872214938e-07,-352.212280,-89.795646,-93.990440,25000,0.002227,25.000000,0,352.214508,0.784231,100.000000,-3.786085,1,1000,0,1.256198,20.000000
806,64.761728,Series RC,1.544363,,4.51785274317e-07,-352.280059,-89.748825,-143.309951,25000,0.002226,25.000000,0,352.283447,0.784317,100.000000,-53.058776,1,1000,0,1.544363,20.000000
807,64.844197,Series RC,1.685306,,4.52008978178e-07,-352.105712,-89.725761,-161.507141,25000,0.002228,25.000000,0,352.109741,0.784363,100.000000,-71.232910,1,1000,0,1.685306,20.000000
808,64.920544,Series RC,1.698588,,4.51691480523e-07,-352.353210,-89.723793,14.487764,25000,0.002226,25.000000,0,352.357299,0.784284,100.000000,104.763961,1,1000,0,1.698588,20.000000
809,64.995162,Series RC,1.772635,,4.51618647986e-07,-352.410034,-89.711807,57.168727,25000,0.002226,25.000000,0,352.414489,0.784437,100.000000,147.456924,1,1000,0,1.772635,20.000000
810,65.083474,Series RC,1.393967,,4.52182713179e-07,-351.970428,-89.773078,-6.087933,25000,0.002228,25.000000,0,351.973175,0.784236,100.000000,84.138984,1,1000,0,1.393967,20.000000
811,65.156528,Series RC,1.482843,,4.51668947915e-07,-352.370788,-89.758888,105.577438,25000,0.002226,25.000000,0,352.373901,0.784379,100.000000,-164.181457,1,1000,0,1.482843,20.000000
812,65.243890,Series RC,1.556927,,4.51965965733e-07,-352.139221,-89.746673,126.031875,25000,0.002227,25.000000,0,352.142669,0.784150,100.000000,-143.714797,1,1000,0,1.556927,20.000000
813,65.320633,Series RC,1.429444,,4.5184398786e-07,-352.234283,-89.767486,-96.003784,25000,0.002227,25.000000,0,352.237182,0.784503,100.000000,-5.771268,1,1000,0,1.429444,20.000000
814,65.402264,Series RC,1.150389,,4.52103334119e-07,-352.032226,-89.812759,166.265716,25000,0.002228,25.000000,0,352.034088,0.784406,100.000000,-103.547042,1,1000,0,1.150389,20.000000
815,65.485099,Series RC,1.333458,,4.51757331231e-07,-352.301849,-89.783134,32.668224,25000,0.002227,25.000000,0,352.304382,0.784534,100.000000,122.885070,1,1000,0,1.333458,20.000000
816,65.560480,Series RC,1.344159,,4.51774510883e-07,-352.288452,-89.781387,-25.076406,25000,0.002227,25.000000,0,352.291015,0.784580,100.000000,65.142204,1,1000,0,1.344159,20.000000
817,65.639079,Series RC,1.909352,,4.51814745901e-07,-352.257080,-89.689445,111.997474,25000,0.002226,25.000000,0,352.262268,0.784185,100.000000,-157.691970,1,1000,0,1.909352,20.000000
818,65.724192,Series RC,1.286286,,4.51804413287e-07,-352.265136,-89.790786,-38.848270,25000,0.002227,25.000000,0,352.267486,0.784516,100.000000,51.360927,1,1000,0,1.286286,20.000000
819,65.799870,Series RC,1.190331,,4.51820070152e-07,-352.252929,-89.806381,4.730521,25000,0.002227,25.000000,0,352.254943,0.784540,100.000000,94.924125,1,1000,0,1.190331,20.000000
820,65.879539,Series RC,1.209221,,4.51791144216e-07,-352.275482,-89.803329,-97.172149,25000,0.002227,25.000000,0,352.277557,0.784515,100.000000,-6.975478,1,1000,0,1.209221,20.000000
821,65.961990,Series RC,1.649524,,4.51991231296e-07,-352.119537,-89.731590,126.086349,25000,0.002227,25.000000,0,352.123413,0.784177,100.000000,-143.645248,1,1000,0,1.649524,20.000000
822,66.044166,Series RC,1.324460,,4.51846845943e-07,-352.232055,-89.784553,-68.258277,25000,0.002227,25.000000,0,352.234558,0.784533,100.000000,21.957166,1,1000,0,1.324460,20.000000
823,66.126510,Series RC,1.544682,,4.5223239354e-07,-351.931762,-89.748519,-5.985693,25000,0.002228,25.000000,0,351.935150,0.783997,100.000000,84.265777,1,1000,0,1.544682,20.000000
824,66.209572,Series RC,1.475295,,4.51870649739e-07,-352.213500,-89.760002,116.255943,25000,0.002227,25.000000,0,352.216583,0.784504,100.000000,-153.504089,1,1000,0,1.475295,20.000000
825,66.284865,Series RC,1.236997,,4.51738978389e-07,-352.316162,-89.798835,145.789642,25000,0.002227,25.000000,0,352.318328,0.784581,100.000000,-124.009185,1,1000,0,1.236997,20.000000
826,66.361701,Series RC,1.277818,,4.51710258986e-07,-352.338562,-89.792205,-100.076339,25000,0.002227,25.000000,0,352.340881,0.784496,100.000000,-9.868549,1,1000,0,1.277818,20.000000
827,66.444299,Series RC,1.297362,,4.5192519561e-07,-352.170989,-89.788925,-169.293319,25000,0.002228,25.000000,0,352.173370,0.784555,100.000000,-79.082260,1,1000,0,1.297362,20.000000
828,66.524626,Series RC,1.706477,,4.51738078288e-07,-352.316864,-89.722480,39.468765,25000,0.002226,25.000000,0,352.320983,0.784161,100.000000,129.746261,1,1000,0,1.706477,20.000000
829,66.598558,Series RC,1.228797,,4.51788992201e-07,-352.277160,-89.800140,160.165374,25000,0.002227,25.000000,0,352.279296,0.784644,100.000000,-109.634765,1,1000,0,1.228797,20.000000
830,66.672293,Series RC,1.253610,,4.52048470474e-07,-352.074951,-89.795982,151.828491,25000,0.002227,25.000000,0,352.077178,0.784078,100.000000,-117.967498,1,1000,0,1.253610,20.000000
831,66.774661,Series RC,2.230923,,4.51580130221e-07,-352.440093,-89.637329,55.121696,25000,0.002226,25.000000,0,352.447174,0.784485,100.000000,145.484375,1,1000,0,2.230923,20.000000
832,66.848101,Series RC,1.344891,,4.51895512021e-07,-352.194122,-89.781211,174.942504,25000,0.002227,25.000000,0,352.196685,0.784510,100.000000,-94.838699,1,1000,0,1.344891,20.000000
833,66.947439,Series RC,1.562697,,4.52021200911e-07,-352.096191,-89.745704,-36.969326,25000,0.002227,25.000000,0,352.099670,0.784186,100.000000,53.284961,1,1000,0,1.562697,20.000000
834,67.020088,Series RC,1.649424,,4.51719728293e-07,-352.331176,-89.731773,77.082893,25000,0.002226,25.000000,0,352.335021,0.784339,100.000000,167.351119,1,1000,0,1.649424,20.000000
835,67.109293,Series RC,1.382261,,4.51949319526e-07,-352.152191,-89.775100,-47.607872,25000,0.002227,25.000000,0,352.154907,0.784129,100.000000,42.617008,1,1000,0,1.382261,20.000000
836,67.184587,Series RC,1.281847,,4.51474422414e-07,-352.522613,-89.791664,27.713424,25000,0.002226,25.000000,0,352.524932,0.784654,100.000000,117.921760,1,1000,0,1.281847,20.000000
837,67.285969,Series RC,1.452813,,4.51863328089e-07,-352.219207,-89.763664,145.078582,25000,0.002227,25.000000,0,352.222198,0.784434,100.000000,-124.685073,1,1000,0,1.452813,20.000000
838,67.359150,Series RC,1.465077,,4.51991779406e-07,-352.119110,-89.761604,-92.334884,25000,0.002227,25.000000,0,352.122161,0.784106,100.000000,-2.096494,1,1000,0,1.465077,20.000000
839,67.446724,Series RC,1.421670,,4.51912702184e-07,-352.180725,-89.768707,-27.938903,25000,0.002227,25.000000,0,352.183593,0.784474,100.000000,62.292400,1,1000,0,1.421670,20.000000
840,67.519560,Series RC,1.626342,,4.5194759722e-07,-352.153533,-89.735389,174.086959,25000,0.002227,25.000000,0,352.157287,0.784382,100.000000,-95.648445,1,1000,0,1.626342,20.000000
841,67.614472,Series RC,1.530053,,4.51472155592e-07,-352.524383,-89.751319,120.317817,25000,0.002225,25.000000,0,352.527709,0.784372,100.000000,-149.433502,1,1000,0,1.530053,20.000000
842,67.688737,Series RC,2.132679,,4.51724814395e-07,-352.327209,-89.653182,98.531097,25000,0.002226,25.000000,0,352.333648,0.784456,100.000000,-171.122085,1,1000,0,2.132679,20.000000
843,67.762323,Series RC,1.543597,,4.51911136705e-07,-352.181945,-89.748870,-156.164260,25000,0.002227,25.000000,0,352.185333,0.784426,100.000000,-65.913154,1,1000,0,1.543597,20.000000
844,67.836173,Series RC,1.765775,,4.51611021821e-07,-352.415985,-89.712921,56.065589,25000,0.002226,25.000000,0,352.420410,0.784339,100.000000,146.352676,1,1000,0,1.765775,20.000000
845,67.909672,Series RC,1.043213,,4.51955899572e-07,-352.147064,-89.830268,-6.496652,25000,0.002227,25.000000,0,352.148620,0.784335,100.000000,83.673095,1,1000,0,1.043213,20.000000
846,68.013440,Series RC,1.592021,,4.51679901163e-07,-352.362243,-89.741127,173.372268,25000,0.002226,25.000000,0,352.365844,0.784215,100.000000,-96.368865,1,1000,0,1.592021,20.000000
847,68.086426,Series RC,1.438142,,4.51749740131e-07,-352.307769,-89.766113,89.192314,25000,0.002227,25.000000,0,352.310699,0.784485,100.000000,179.426208,1,1000,0,1.438142,20.000000
848,68.178601,Series RC,1.421178,,4.51748839987e-07,-352.308471,-89.768875,74.692428,25000,0.002226,25.000000,0,352.311340,0.784357,100.000000,164.923553,1,1000,0,1.421178,20.000000
849,68.257420,Series RC,1.538934,,4.51924020151e-07,-352.171905,-89.749633,140.444549,25000,0.002227,25.000000,0,352.175262,0.784201,100.000000,-129.305068,1,1000,0,1.538934,20.000000
850,68.337156,Series RC,1.445343,,4.51704625796e-07,-352.342956,-89.764968,73.952781,25000,0.002226,25.000000,0,352.345916,0.784443,100.000000,164.187805,1,1000,0,1.445343,20.000000
851,68.417798,Series RC,1.447304,,4.51774041525e-07,-352.288818,-89.764610,-26.329141,25000,0.002226,25.000000,0,352.291778,0.784360,100.000000,63.906253,1,1000,0,1.447304,20.000000
852,68.497423,Series RC,2.040736,,4.51827154383e-07,-352.247406,-89.668060,-146.678329,25000,0.002226,25.000000,0,352.253326,0.784205,100.000000,-56.346389,1,1000,0,2.040736,20.000000
853,68.590040,Series RC,1.473469,,4.51838193555e-07,-352.238800,-89.760322,76.908081,25000,0.002227,25.000000,0,352.241882,0.784394,100.000000,167.147750,1,1000,0,1.473469,20.000000
854,68.662836,Series RC,1.245708,,4.52021945516e-07,-352.095611,-89.797286,-65.694633,25000,0.002228,25.000000,0,352.097808,0.784344,100.000000,24.508066,1,1000,0,1.245708,20.000000
855,68.738653,Series RC,1.570156,,4.51468833524e-07,-352.526977,-89.744804,-144.965896,25000,0.002225,25.000000,0,352.530487,0.784279,100.000000,-54.710708,1,1000,0,1.570156,20.000000
856,68.823828,Series RC,1.450457,,4.52178596981e-07,-351.973632,-89.763893,153.418380,25000,0.002227,25.000000,0,351.976623,0.783984,100.000000,-116.345497,1,1000,0,1.450457,20.000000
857,68.898745,Series RC,1.320308,,4.51859647468e-07,-352.222076,-89.785224,175.489242,25000,0.002227,25.000000,0,352.224548,0.784380,100.000000,-94.295989,1,1000,0,1.320308,20.000000
858,68.991757,Series RC,1.272695,,4.51888542403e-07,-352.199554,-89.792953,178.992828,25000,0.002227,25.000000,0,352.201843,0.784387,100.000000,-90.800132,1,1000,0,1.272695,20.000000
859,69.068709,Series RC,1.246491,,4.51981673588e-07,-352.126983,-89.797180,-168.122070,25000,0.002228,25.000000,0,352.129180,0.784406,100.000000,-77.919235,1,1000,0,1.246491,20.000000
860,69.154635,Series RC,1.214397,,4.51834279885e-07,-352.241851,-89.802467,177.235595,25000,0.002227,25.000000,0,352.243957,0.784423,100.000000,-92.566856,1,1000,0,1.214397,20.000000
861,69.228646,Series RC,1.384481,,4.51745239447e-07,-352.311279,-89.774841,146.432586,25000,0.002227,25.000000,0,352.313995,0.784631,100.000000,-123.342262,1,1000,0,1.384481,20.000000
862,69.310055,Series RC,1.616484,,4.51229500512e-07,-352.713958,-89.737411,157.290283,25000,0.002224,25.000000,0,352.717651,0.784550,100.000000,-112.447128,1,1000,0,1.616484,20.000000
863,69.384602,Series RC,1.619195,,4.51481769888e-07,-352.516876,-89.736824,-115.523445,25000,0.002225,25.000000,0,352.520599,0.784516,100.000000,-25.260269,1,1000,0,1.619195,20.000000
864,69.470258,Series RC,1.470075,,4.52184320367e-07,-351.969177,-89.760696,123.411560,25000,0.002228,25.000000,0,351.972259,0.784054,100.000000,-146.349136,1,1000,0,1.470075,20.000000
865,69.542911,Series RC,1.407627,,4.51838429583e-07,-352.238616,-89.771026,1.386697,25000,0.002227,25.000000,0,352.241424,0.784504,100.000000,91.615661,1,1000,0,1.407627,20.000000
866,69.637239,Series RC,2.215659,,4.5143706119e-07,-352.551788,-89.639923,-117.241554,25000,0.002225,25.000000,0,352.558746,0.784424,100.000000,-26.881477,1,1000,0,2.215659,20.000000
867,69.710066,Series RC,1.354552,,4.51893788842e-07,-352.195465,-89.779640,-10.397410,25000,0.002227,25.000000,0,352.198089,0.784477,100.000000,79.822944,1,1000,0,1.354552,20.000000
868,69.800349,Series RC,1.364626,,4.51672194738e-07,-352.368255,-89.778114,-71.514877,25000,0.002226,25.000000,0,352.370910,0.784487,100.000000,18.707006,1,1000,0,1.364626,20.000000
869,69.873664,Series RC,1.309200,,4.51925625501e-07,-352.170654,-89.787002,118.021995,25000,0.002228,25.000000,0,352.173095,0.784499,100.000000,-151.764999,1,1000,0,1.309200,20.000000
870,69.969492,Series RC,1.589344,,4.51915679191e-07,-352.178405,-89.741432,141.053634,25000,0.002227,25.000000,0,352.182006,0.784276,100.000000,-128.687789,1,1000,0,1.589344,20.000000
871,70.047961,Series RC,1.427683,,4.51444525257e-07,-352.545959,-89.767967,85.053260,25000,0.002225,25.000000,0,352.548858,0.784594,100.000000,175.285293,1,1000,0,1.427683,20.000000
872,70.135512,Series RC,1.242595,,4.51871941669e-07,-352.212493,-89.797859,-107.364334,25000,0.002226,25.000000,0,352.214691,0.784173,100.000000,-17.162195,1,1000,0,1.242595,20.000000
873,70.208371,Series RC,1.306159,,4.51902678172e-07,-352.188537,-89.787506,89.275154,25000,0.002227,25.000000,0,352.190948,0.784424,100.000000,179.487655,1,1000,0,1.306159,20.000000
874,70.296476,Series RC,1.366704,,4.51874134245e-07,-352.210784,-89.777671,38.181266,25000,0.002226,25.000000,0,352.213439,0.784077,100.000000,128.403579,1,1000,0,1.366704,20.000000
875,70.378038,Series RC,1.752386,,4.51510029861e-07,-352.494812,-89.715164,84.823287,25000,0.002226,25.000000,0,352.499176,0.784549,100.000000,175.108123,1,1000,0,1.752386,20.000000
876,70.454591,Series RC,1.314724,,4.51787191604e-07,-352.278564,-89.786163,-80.255065,25000,0.002226,25.000000,0,352.281005,0.784157,100.000000,9.958780,1,1000,0,1.314724,20.000000
877,70.541433,Series RC,1.577690,,4.51742187753e-07,-352.313659,-89.743423,125.676597,25000,0.002226,25.000000,0,352.317199,0.784413,100.000000,-144.066833,1,1000,0,1.577690,20.000000
878,70.618081,Series RC,1.511019,,4.51508818134e-07,-352.495758,-89.754386,62.777294,25000,0.002225,25.000000,0,352.498992,0.784243,100.000000,153.022888,1,1000,0,1.511019,20.000000
879,70.699387,Series RC,1.324624,,4.51848176221e-07,-352.231018,-89.784523,-55.690406,25000,0.002227,25.000000,0,352.233520,0.784317,100.000000,34.525058,1,1000,0,1.324624,20.000000
880,70.777492,Series RC,1.406645,,4.51992014311e-07,-352.118927,-89.771118,39.100608,25000,0.002227,25.000000,0,352.121734,0.784335,100.000000,129.329498,1,1000,0,1.406645,20.000000
881,70.855445,Series RC,0.951343,,4.51964634762e-07,-352.140258,-89.845207,79.639533,25000,0.002227,25.000000,0,352.141540,0.784382,100.000000,169.794326,1,1000,0,0.951343,20.000000
882,70.928592,Series RC,1.189515,,4.51874798822e-07,-352.210266,-89.806495,67.207115,25000,0.002226,25.000000,0,352.212280,0.784177,100.000000,157.400634,1,1000,0,1.189515,20.000000
883,71.022267,Series RC,1.502313,,4.51725674698e-07,-352.326538,-89.755691,115.792190,25000,0.002226,25.000000,0,352.329742,0.784256,100.000000,-153.963500,1,1000,0,1.502313,20.000000
884,71.096034,Series RC,1.262177,,4.51535557047e-07,-352.474884,-89.794830,5.540370,25000,0.002225,25.000000,0,352.477142,0.784326,100.000000,95.745529,1,1000,0,1.262177,20.000000
885,71.182264,Series RC,1.751727,,4.51983201049e-07,-352.125793,-89.714973,-89.010734,25000,0.002227,25.000000,0,352.130157,0.784202,100.000000,1.274312,1,1000,0,1.751727,20.000000
886,71.257372,Series RC,1.332702,,4.52013561144e-07,-352.102142,-89.783134,-5.095785,25000,0.002227,25.000000,0,352.104675,0.784083,100.000000,85.121078,1,1000,0,1.332702,20.000000
887,71.339884,Series RC,1.365458,,4.51953001607e-07,-352.149322,-89.777832,35.370998,25000,0.002227,25.000000,0,352.151977,0.784397,100.000000,125.593162,1,1000,0,1.365458,20.000000
888,71.418533,Series RC,1.312282,,4.51760619077e-07,-352.299285,-89.786575,-123.415267,25000,0.002226,25.000000,0,352.301727,0.784364,100.000000,-33.201835,1,1000,0,1.312282,20.000000
889,71.498790,Series RC,1.451497,,4.51723914351e-07,-352.327911,-89.763961,89.081779,25000,0.002226,25.000000,0,352.330902,0.784452,100.000000,179.317825,1,1000,0,1.451497,20.000000
890,71.577700,Series RC,1.821665,,4.5162834798e-07,-352.402465,-89.703819,-173.350631,25000,0.002226,25.000000,0,352.407165,0.784322,100.000000,-83.054458,1,1000,0,1.821665,20.000000
891,71.661910,Series RC,1.534461,,4.52153270647e-07,-351.993347,-89.750221,154.236206,25000,0.002228,25.000000,0,351.996704,0.784082,100.000000,-115.514038,1,1000,0,1.534461,20.000000
892,71.748723,Series RC,1.292883,,4.51847080698e-07,-352.231872,-89.789688,-126.796257,25000,0.002227,25.000000,0,352.234252,0.784439,100.000000,-36.585948,1,1000,0,1.292883,20.000000
893,71.843047,Series RC,1.148534,,4.52040673149e-07,-352.081024,-89.813095,165.573898,25000,0.002227,25.000000,0,352.082885,0.784258,100.000000,-104.239181,1,1000,0,1.148534,20.000000
894,71.916333,Series RC,1.420104,,4.5187663989e-07,-352.208831,-89.768981,-84.025871,25000,0.002227,25.000000,0,352.211700,0.784427,100.000000,6.205133,1,1000,0,1.420104,20.000000
895,71.990388,Series RC,1.366896,,4.51810636398e-07,-352.260284,-89.777671,16.573963,25000,0.002227,25.000000,0,352.262939,0.784469,100.000000,106.796295,1,1000,0,1.366896,20.000000
896,72.065903,Series RC,2.205162,,4.51658582235e-07,-352.378875,-89.641441,26.336797,25000,0.002225,25.000000,0,352.385772,0.784220,100.000000,116.695335,1,1000,0,2.205162,20.000000
897,72.138964,Series RC,1.319523,,4.51812240942e-07,-352.259033,-89.785377,-126.349601,25000,0.002227,25.000000,0,352.261505,0.784439,100.000000,-36.134979,1,1000,0,1.319523,20.000000
898,72.225191,Series RC,1.227086,,4.51893240969e-07,-352.195892,-89.800376,-125.845123,25000,0.002227,25.000000,0,352.198028,0.784499,100.000000,-35.645500,1,1000,0,1.227086,20.000000
899,72.302438,Series RC,1.699576,,4.51786096376e-07,-352.279418,-89.723579,-32.404464,25000,0.002226,25.000000,0,352.283508,0.784051,100.000000,57.871955,1,1000,0,1.699576,20.000000
900,72.389595,Series RC,1.448189,,4.5207441171e-07,-352.054748,-89.764305,53.198047,25000,0.002227,25.000000,0,352.057708,0.784005,100.000000,143.433731,1,1000,0,1.448189,20.000000
901,72.465765,Series RC,2.391005,,4.51674972456e-07,-352.366088,-89.611213,112.802062,25000,0.002226,25.000000,0,352.374206,0.784330,100.000000,-156.809143,1,1000,0,2.391005,20.000000
902,72.540184,Series RC,1.356115,,4.52016499683e-07,-352.099853,-89.779327,173.968719,25000,0.002228,25.000000,0,352.102447,0.784535,100.000000,-95.810600,1,1000,0,1.356115,20.000000
903,72.626190,Series RC,1.161763,,4.52021475644e-07,-352.095977,-89.810943,-21.363208,25000,0.002227,25.000000,0,352.097900,0.784179,100.000000,68.825859,1,1000,0,1.161763,20.000000
904,72.698919,Series RC,1.261419,,4.51806800161e-07,-352.263275,-89.794830,-41.289653,25000,0.002227,25.000000,0,352.265533,0.784555,100.000000,48.915538,1,1000,0,1.261419,20.000000
905,72.791303,Series RC,1.594627,,4.51441477624e-07,-352.548339,-89.740837,-129.943572,25000,0.002225,25.000000,0,352.551940,0.784552,100.000000,-39.684406,1,1000,0,1.594627,20.000000
906,72.865146,Series RC,1.388742,,4.51862152952e-07,-352.220123,-89.774093,9.634666,25000,0.002226,25.000000,0,352.222869,0.783981,100.000000,99.860580,1,1000,0,1.388742,20.000000
907,72.960363,Series RC,1.744581,,4.51746687093e-07,-352.310150,-89.716285,-61.572883,25000,0.002226,25.000000,0,352.314483,0.784096,100.000000,28.710828,1,1000,0,1.744581,20.000000
908,73.035192,Series RC,1.512243,,4.5184578891e-07,-352.232879,-89.754013,82.898384,25000,0.002226,25.000000,0,352.236114,0.784215,100.000000,173.144363,1,1000,0,1.512243,20.000000
909,73.117179,Series RC,1.777378,,4.5139548641e-07,-352.584259,-89.711174,-44.771331,25000,0.002225,25.000000,0,352.588745,0.784485,100.000000,45.517509,1,1000,0,1.777378,20.000000
910,73.196745,Series RC,1.405301,,4.51884196765e-07,-352.202941,-89.771392,-52.815773,25000,0.002227,25.000000,0,352.205749,0.784249,100.000000,37.412849,1,1000,0,1.405301,20.000000
911,73.276673,Series RC,1.546719,,4.52004707246e-07,-352.109039,-89.748321,152.368469,25000,0.002227,25.000000,0,352.112426,0.784060,100.000000,-117.379859,1,1000,0,1.546719,20.000000
912,73.355489,Series RC,1.540674,,4.51758700733e-07,-352.300781,-89.749435,125.628814,25000,0.002226,25.000000,0,352.304168,0.784271,100.000000,-144.120620,1,1000,0,1.540674,20.000000
913,73.435294,Series RC,1.359674,,4.51866028617e-07,-352.217102,-89.778823,60.198867,25000,0.002227,25.000000,0,352.219726,0.784295,100.000000,150.420043,1,1000,0,1.359674,20.000000
914,73.518001,Series RC,1.698509,,4.51846571422e-07,-352.232269,-89.723716,-2.859623,25000,0.002227,25.000000,0,352.236358,0.784510,100.000000,87.416664,1,1000,0,1.698509,20.000000
915,73.591753,Series RC,1.554343,,4.51862818777e-07,-352.219604,-89.747154,-17.586227,25000,0.002227,25.000000,0,352.223022,0.784382,100.000000,72.666625,1,1000,0,1.554343,20.000000
916,73.682772,Series RC,1.590049,,4.51667539221e-07,-352.371887,-89.741462,157.845306,25000,0.002227,25.000000,0,352.375488,0.784605,100.000000,-111.896148,1,1000,0,1.590049,20.000000
917,73.755877,Series RC,1.656319,,4.51924058649e-07,-352.171875,-89.730529,169.775634,25000,0.002227,25.000000,0,352.175781,0.784293,100.000000,-99.954910,1,1000,0,1.656319,20.000000
918,73.844949,Series RC,1.390415,,4.51973447301e-07,-352.133392,-89.773757,-134.609588,25000,0.002227,25.000000,0,352.136138,0.784191,100.000000,-44.383365,1,1000,0,1.390415,20.000000
919,73.920256,Series RC,1.136551,,4.51965614058e-07,-352.139495,-89.815071,-136.152847,25000,0.002227,25.000000,0,352.141326,0.784351,100.000000,-45.967918,1,1000,0,1.136551,20.000000
920,74.005958,Series RC,1.015134,,4.51972116285e-07,-352.134429,-89.834823,-21.365722,25000,0.002228,25.000000,0,352.135894,0.784385,100.000000,68.799430,1,1000,0,1.015134,20.000000
921,74.081877,Series RC,1.292536,,4.5196855069e-07,-352.137207,-89.789688,-135.904876,25000,0.002227,25.000000,0,352.139587,0.784364,100.000000,-45.694587,1,1000,0,1.292536,20.000000
922,74.165161,Series RC,1.204031,,4.51595457605e-07,-352.428131,-89.804252,-138.101196,25000,0.002226,25.000000,0,352.430175,0.784408,100.000000,-47.905456,1,1000,0,1.204031,20.000000
923,74.240769,Series RC,1.781795,,4.5198034124e-07,-352.128021,-89.710075,-60.626281,25000,0.002227,25.000000,0,352.132507,0.784301,100.000000,29.663639,1,1000,0,1.781795,20.000000
924,74.325552,Series RC,1.504372,,4.51611843246e-07,-352.415344,-89.755416,160.073822,25000,0.002226,25.000000,0,352.418548,0.784450,100.000000,-109.681610,1,1000,0,1.504372,20.000000
925,74.400077,Series RC,1.578503,,4.52062264426e-07,-352.064208,-89.743110,-176.256286,25000,0.002227,25.000000,0,352.067749,0.784205,100.000000,-85.999404,1,1000,0,1.578503,20.000000
926,74.489641,Series RC,1.288638,,4.51804373527e-07,-352.265167,-89.790397,-94.553092,25000,0.002227,25.000000,0,352.267517,0.784393,100.000000,-4.343500,1,1000,0,1.288638,20.000000
927,74.562731,Series RC,1.496846,,4.52006587884e-07,-352.107574,-89.756431,111.465179,25000,0.002227,25.000000,0,352.110748,0.784226,100.000000,-158.291244,1,1000,0,1.496846,20.000000
928,74.657179,Series RC,1.065956,,4.51746413976e-07,-352.310363,-89.826644,135.713577,25000,0.002227,25.000000,0,352.311981,0.784440,100.000000,-134.113052,1,1000,0,1.065956,20.000000
929,74.735640,Series RC,1.512507,,4.517670359e-07,-352.294281,-89.754013,-52.675167,25000,0.002227,25.000000,0,352.297515,0.784505,100.000000,37.570838,1,1000,0,1.512507,20.000000
930,74.815480,Series RC,1.187286,,4.52052036046e-07,-352.072174,-89.806777,108.745597,25000,0.002228,25.000000,0,352.074157,0.784309,100.000000,-161.061187,1,1000,0,1.187286,20.000000
931,74.897124,Series RC,1.192127,,4.51839759811e-07,-352.237579,-89.806091,49.408439,25000,0.002227,25.000000,0,352.239593,0.784336,100.000000,139.602355,1,1000,0,1.192127,20.000000
932,74.973183,Series RC,1.466903,,4.51636091357e-07,-352.396423,-89.761497,-71.354248,25000,0.002226,25.000000,0,352.399475,0.784330,100.000000,18.884246,1,1000,0,1.466903,20.000000
933,75.053723,Series RC,1.287349,,4.51490330503e-07,-352.510192,-89.790756,-55.825347,25000,0.002226,25.000000,0,352.512542,0.784540,100.000000,34.383888,1,1000,0,1.287349,20.000000
934,75.135545,Series RC,1.479559,,4.52106978898e-07,-352.029388,-89.759185,139.054550,25000,0.002227,25.000000,0,352.032501,0.784002,100.000000,-130.704635,1,1000,0,1.479559,20.000000
935,75.214802,Series RC,1.246616,,4.52118971893e-07,-352.020050,-89.797096,78.796875,25000,0.002228,25.000000,0,352.022247,0.784319,100.000000,168.999771,1,1000,0,1.246616,20.000000
936,75.292787,Series RC,1.057944,,4.5172442335e-07,-352.327514,-89.827957,164.365905,25000,0.002226,25.000000,0,352.329101,0.784439,100.000000,-105.462043,1,1000,0,1.057944,20.000000
937,75.374850,Series RC,1.675344,,4.52046864252e-07,-352.076202,-89.727355,168.584793,25000,0.002227,25.000000,0,352.080169,0.783949,100.000000,-101.142578,1,1000,0,1.675344,20.000000
938,75.453804,Series RC,1.166400,,4.51785703942e-07,-352.279724,-89.810295,-169.217544,25000,0.002227,25.000000,0,352.281646,0.784501,100.000000,-79.027839,1,1000,0,1.166400,20.000000
939,75.535853,Series RC,2.314634,,4.51626352584e-07,-352.404022,-89.623680,170.435821,25000,0.002226,25.000000,0,352.411621,0.784394,100.000000,-99.187835,1,1000,0,2.314634,20.000000
940,75.608845,Series RC,1.322734,,4.51862662263e-07,-352.219726,-89.784820,-142.707870,25000,0.002228,25.000000,0,352.222198,0.784673,100.000000,-52.492691,1,1000,0,1.322734,20.000000
941,75.697906,Series RC,1.369364,,4.51799794802e-07,-352.268737,-89.777275,174.229095,25000,0.002227,25.000000,0,352.271392,0.784597,100.000000,-95.548179,1,1000,0,1.369364,20.000000
942,75.774225,Series RC,1.651458,,4.51806605208e-07,-352.263427,-89.731384,-147.611099,25000,0.002226,25.000000,0,352.267303,0.784156,100.000000,-57.342479,1,1000,0,1.651458,20.000000
943,75.858599,Series RC,1.426964,,4.51831616935e-07,-352.243927,-89.767890,-47.916263,25000,0.002226,25.000000,0,352.246826,0.783932,100.000000,42.315834,1,1000,0,1.426964,20.000000
944,75.931939,Series RC,1.623944,,4.51773688866e-07,-352.289093,-89.735885,111.697433,25000,0.002226,25.000000,0,352.292846,0.784256,100.000000,-158.038452,1,1000,0,1.623944,20.000000
945,76.023327,Series RC,1.938911,,4.51404902835e-07,-352.576904,-89.684913,-116.982086,25000,0.002225,25.000000,0,352.582244,0.784545,100.000000,-26.666994,1,1000,0,1.938911,20.000000
946,76.097798,Series RC,1.234343,,4.51972272875e-07,-352.134307,-89.799163,175.754638,25000,0.002228,25.000000,0,352.136474,0.784408,100.000000,-94.044517,1,1000,0,1.234343,20.000000
947,76.192935,Series RC,1.708181,,4.51753926745e-07,-352.304504,-89.722198,155.543762,25000,0.002226,25.000000,0,352.308624,0.784356,100.000000,-114.178428,1,1000,0,1.708181,20.000000
948,76.267555,Series RC,1.434264,,4.51913173113e-07,-352.180358,-89.766662,-149.292205,25000,0.002226,25.000000,0,352.183288,0.784124,100.000000,-59.058868,1,1000,0,1.434264,20.000000
949,76.346183,Series RC,1.401249,,4.51999379926e-07,-352.113189,-89.771995,62.364494,25000,0.002227,25.000000,0,352.115966,0.784170,100.000000,152.592498,1,1000,0,1.401249,20.000000
950,76.428065,Series RC,1.170275,,4.51781594968e-07,-352.282928,-89.809661,-56.864475,25000,0.002227,25.000000,0,352.284851,0.784432,100.000000,33.325866,1,1000,0,1.170275,20.000000
951,76.508507,Series RC,1.420293,,4.51923472205e-07,-352.172332,-89.768928,-99.335151,25000,0.002227,25.000000,0,352.175201,0.784372,100.000000,-9.104069,1,1000,0,1.420293,20.000000
952,76.586594,Series RC,1.818814,,4.51710376934e-07,-352.338470,-89.704238,54.855560,25000,0.002226,25.000000,0,352.343170,0.784418,100.000000,145.151321,1,1000,0,1.818814,20.000000
953,76.667539,Series RC,1.243049,,4.51889952476e-07,-352.198455,-89.797782,79.271102,25000,0.002227,25.000000,0,352.200653,0.784301,100.000000,169.473312,1,1000,0,1.243049,20.000000
954,76.746941,Series RC,1.482803,,4.5196259789e-07,-352.141845,-89.758743,64.234008,25000,0.002227,25.000000,0,352.144958,0.784178,100.000000,154.475280,1,1000,0,1.482803,20.000000
955,76.827002,Series RC,1.241172,,4.51839721328e-07,-352.237609,-89.798103,-149.644775,25000,0.002226,25.000000,0,352.239807,0.784234,100.000000,-59.442882,1,1000,0,1.241172,20.000000
956,76.908839,Series RC,1.444396,,4.51947948867e-07,-352.153259,-89.764999,-127.129585,25000,0.002227,25.000000,0,352.156219,0.784247,100.000000,-36.894577,1,1000,0,1.444396,20.000000
957,76.990785,Series RC,1.399302,,4.51679117947e-07,-352.362854,-89.772468,178.277816,25000,0.002226,25.000000,0,352.365631,0.784354,100.000000,-91.494644,1,1000,0,1.399302,20.000000
958,77.066360,Series RC,1.484330,,4.51778894166e-07,-352.285034,-89.758583,147.226287,25000,0.002227,25.000000,0,352.288146,0.784415,100.000000,-122.532302,1,1000,0,1.484330,20.000000
959,77.147223,Series RC,1.254949,,4.51838155072e-07,-352.238830,-89.795867,-4.588299,25000,0.002226,25.000000,0,352.241058,0.784093,100.000000,85.615829,1,1000,0,1.254949,20.000000
960,77.224801,Series RC,1.170830,,4.5208569797e-07,-352.045959,-89.809448,-48.393676,25000,0.002227,25.000000,0,352.047912,0.784044,100.000000,41.796886,1,1000,0,1.170830,20.000000
961,77.299100,Series RC,1.369226,,4.51817681855e-07,-352.254791,-89.777282,-155.786041,25000,0.002226,25.000000,0,352.257446,0.784223,100.000000,-65.563323,1,1000,0,1.369226,20.000000
962,77.387869,Series RC,1.522151,,4.51946068717e-07,-352.154724,-89.752342,-99.632324,25000,0.002227,25.000000,0,352.158020,0.784241,100.000000,-9.384670,1,1000,0,1.522151,20.000000
963,77.461123,Series RC,1.218884,,4.5194528586e-07,-352.155334,-89.801689,-178.315994,25000,0.002227,25.000000,0,352.157440,0.784116,100.000000,-88.117668,1,1000,0,1.218884,20.000000
964,77.557124,Series RC,1.388130,,4.51897353257e-07,-352.192687,-89.774177,-83.616256,25000,0.002227,25.000000,0,352.195434,0.784291,100.000000,6.609583,1,1000,0,1.388130,20.000000
965,77.630078,Series RC,1.168808,,4.5202390461e-07,-352.094085,-89.809799,-91.665039,25000,0.002227,25.000000,0,352.096008,0.784154,100.000000,-1.474831,1,1000,0,1.168808,20.000000
966,77.724974,Series RC,1.314051,,4.51845319404e-07,-352.233245,-89.786254,-109.020164,25000,0.002226,25.000000,0,352.235687,0.784247,100.000000,-18.806407,1,1000,0,1.314051,20.000000
967,77.802188,Series RC,1.316662,,4.51641019215e-07,-352.392578,-89.785919,-142.126724,25000,0.002226,25.000000,0,352.395050,0.784429,100.000000,-51.912643,1,1000,0,1.316662,20.000000
968,77.885169,Series RC,1.414739,,4.52195533743e-07,-351.960449,-89.769691,-63.633148,25000,0.002228,25.000000,0,351.963287,0.784029,100.000000,26.597162,1,1000,0,1.414739,20.000000
969,77.961471,Series RC,2.272021,,4.5159553577e-07,-352.428070,-89.630630,-74.094055,25000,0.002225,25.000000,0,352.435394,0.784197,100.000000,16.275302,1,1000,0,2.272021,20.000000
970,78.036022,Series RC,1.208040,,4.5182445432e-07,-352.249511,-89.803504,177.086196,25000,0.002227,25.000000,0,352.251586,0.784423,100.000000,-92.717308,1,1000,0,1.208040,20.000000
971,78.125193,Series RC,1.196147,,4.51590296253e-07,-352.432159,-89.805534,-140.488769,25000,0.002226,25.000000,0,352.434204,0.784533,100.000000,-50.294307,1,1000,0,1.196147,20.000000
972,78.198832,Series RC,1.154677,,4.52034953398e-07,-352.085479,-89.812088,-64.161613,25000,0.002227,25.000000,0,352.087371,0.783994,100.000000,26.026304,1,1000,0,1.154677,20.000000
973,78.289926,Series RC,1.302504,,4.52151193538e-07,-351.994964,-89.787979,152.009017,25000,0.002227,25.000000,0,351.997375,0.783970,100.000000,-117.778976,1,1000,0,1.302504,20.000000
974,78.364484,Series RC,1.304814,,4.51612391718e-07,-352.414916,-89.787864,-158.059188,25000,0.002226,25.000000,0,352.417327,0.784330,100.000000,-67.847045,1,1000,0,1.304814,20.000000
975,78.445019,Series RC,1.349430,,4.51640668046e-07,-352.392852,-89.780601,29.141159,25000,0.002226,25.000000,0,352.395446,0.784368,100.000000,119.360557,1,1000,0,1.349430,20.000000
976,78.527182,Series RC,1.348298,,4.51794745487e-07,-352.272674,-89.780708,-127.429542,25000,0.002227,25.000000,0,352.275268,0.784467,100.000000,-37.210239,1,1000,0,1.348298,20.000000
977,78.606944,Series RC,1.388474,,4.52277376877e-07,-351.896759,-89.773925,-78.205657,25000,0.002228,25.000000,0,351.899505,0.783921,100.000000,12.020416,1,1000,0,1.388474,20.000000
978,78.686930,Series RC,2.108688,,4.51519568912e-07,-352.487365,-89.657241,-160.221298,25000,0.002225,25.000000,0,352.493682,0.784383,100.000000,-69.878540,1,1000,0,2.108688,20.000000
979,78.765683,Series RC,1.618275,,4.5136337366e-07,-352.609344,-89.737037,-159.108856,25000,0.002225,25.000000,0,352.613067,0.784456,100.000000,-68.845893,1,1000,0,1.618275,20.000000
980,78.845501,Series RC,1.355451,,4.51845983897e-07,-352.232727,-89.779510,104.857238,25000,0.002227,25.000000,0,352.235321,0.784362,100.000000,-164.922286,1,1000,0,1.355451,20.000000
981,78.929721,Series RC,1.070330,,4.51921317646e-07,-352.174011,-89.825866,89.308341,25000,0.002227,25.000000,0,352.175628,0.784436,100.000000,179.482498,1,1000,0,1.070330,20.000000
982,79.010362,Series RC,1.684360,,4.517448099e-07,-352.311614,-89.726074,125.689086,25000,0.002225,25.000000,0,352.315643,0.784025,100.000000,-144.036987,1,1000,0,1.684360,20.000000
983,79.084187,Series RC,1.565338,,4.51452341727e-07,-352.539855,-89.745597,-14.618619,25000,0.002225,25.000000,0,352.543334,0.784460,100.000000,75.635772,1,1000,0,1.565338,20.000000
984,79.170700,Series RC,1.361647,,4.51991662596e-07,-352.119201,-89.778434,-82.573020,25000,0.002227,25.000000,0,352.121826,0.784181,100.000000,7.648527,1,1000,0,1.361647,20.000000
985,79.247224,Series RC,1.369305,,4.513761094e-07,-352.599395,-89.777488,114.232086,25000,0.002225,25.000000,0,352.602050,0.784535,100.000000,-155.545425,1,1000,0,1.369305,20.000000
986,79.327110,Series RC,1.376419,,4.5188266869e-07,-352.204132,-89.776084,-67.781608,25000,0.002226,25.000000,0,352.206817,0.784177,100.000000,22.442296,1,1000,0,1.376419,20.000000
987,79.407592,Series RC,1.408791,,4.51518825961e-07,-352.487945,-89.771003,-101.458717,25000,0.002225,25.000000,0,352.490753,0.784365,100.000000,-11.229738,1,1000,0,1.408791,20.000000
988,79.488120,Series RC,1.252203,,4.51919868881e-07,-352.175140,-89.796279,65.591339,25000,0.002227,25.000000,0,352.177368,0.784133,100.000000,155.795059,1,1000,0,1.252203,20.000000
989,79.566806,Series RC,1.873807,,4.51495255182e-07,-352.506347,-89.695434,-102.670242,25000,0.002225,25.000000,0,352.511322,0.784366,100.000000,-12.365684,1,1000,0,1.873807,20.000000
990,79.649195,Series RC,1.366834,,4.51970001051e-07,-352.136077,-89.777603,145.162734,25000,0.002227,25.000000,0,352.138732,0.784221,100.000000,-124.614860,1,1000,0,1.366834,20.000000
991,79.725674,Series RC,1.514964,,4.5193592516e-07,-352.162628,-89.753517,-67.790565,25000,0.002226,25.000000,0,352.165893,0.784043,100.000000,22.455936,1,1000,0,1.514964,20.000000
992,79.806461,Series RC,2.139391,,4.51513782924e-07,-352.491882,-89.652259,98.673713,25000,0.002225,25.000000,0,352.498382,0.784407,100.000000,-170.978530,1,1000,0,2.139391,20.000000
993,79.880900,Series RC,1.061336,,4.517822208e-07,-352.282440,-89.827384,136.996566,25000,0.002226,25.000000,0,352.284027,0.784187,100.000000,-132.830795,1,1000,0,1.061336,20.000000
994,79.970619,Series RC,1.128494,,4.51863406346e-07,-352.219146,-89.816421,165.784393,25000,0.002226,25.000000,0,352.220947,0.784113,100.000000,-104.032043,1,1000,0,1.128494,20.000000
995,80.044607,Series RC,1.219125,,4.51918185296e-07,-352.176452,-89.801658,37.895664,25000,0.002226,25.000000,0,352.178558,0.784037,100.000000,128.094024,1,1000,0,1.219125,20.000000
996,80.132625,Series RC,1.444560,,4.51844144361e-07,-352.234161,-89.765014,58.443923,25000,0.002226,25.000000,0,352.237121,0.784131,100.000000,148.678909,1,1000,0,1.444560,20.000000
997,80.205990,Series RC,1.325737,,4.5244221316e-07,-351.768554,-89.784065,66.813972,25000,0.002230,25.000000,0,351.771057,0.784305,100.000000,157.029907,1,1000,0,1.325737,20.000000
998,80.297199,Series RC,1.619019,,4.52374710968e-07,-351.821044,-89.736328,-157.082855,25000,0.002229,25.000000,0,351.824768,0.784357,100.000000,-66.819183,1,1000,0,1.619019,20.000000
999,80.370174,Series RC,1.260266,,4.52400806684e-07,-351.800750,-89.794738,-78.314018,25000,0.002230,25.000000,0,351.803009,0.784407,100.000000,11.891241,1,1000,0,1.260266,20.000000
1000,80.464613,Series RC,1.430829,,4.52202512834e-07,-351.955017,-89.767066,-97.030372,25000,0.002229,25.000000,0,351.957916,0.784496,100.000000,-6.797437,1,1000,0,1.430829,20.000000
