index,elapsed_s,model,series_r,series_l,series_c,voltage_phase_deg,impedance_mag_ohm,current_phase_deg,sample_rate_hz,shunt_resistance_ohm,shunt_range,captured_cycles,voltage_amplitude_v,phase_diff_deg,current_pga,voltage_pga,samples_per_period,impedance_real_ohm,impedance_imag_ohm,current_amplitude_a,dds_frequency_hz
1,0.093482,Series RL,0.363325,0.000109696261737,,22.045593,34.464012,112.649627,1000000,100.000000,0,25.000000,0.522153,89.395957,0,0,20.000000,0.363325,34.462097,0.015151,50000
2,0.145056,Series RL,0.394550,0.000109466900366,,42.087005,34.392303,132.744323,1000000,100.000000,0,25.000000,0.520856,89.342681,0,0,20.000000,0.394550,34.390041,0.015145,50000
3,0.199491,Series RL,0.333117,0.000108699684413,,-117.041885,34.150638,-26.482994,1000000,100.000000,0,25.000000,0.517246,89.441101,0,0,20.000000,0.333117,34.149013,0.015146,50000
4,0.263549,Series RL,0.148458,0.00010812281459,,141.333190,33.968109,-128.416397,1000000,100.000000,0,25.000000,0.514544,89.749580,0,0,20.000000,0.148458,33.967784,0.015148,50000
5,0.323303,Series RL,0.387172,0.000109744138727,,166.116256,34.479312,-103.240325,1000000,100.000000,0,25.000000,0.522367,89.356597,0,0,20.000000,0.387172,34.477138,0.015150,50000
6,0.380374,Series RL,0.249441,0.000107817526761,,-42.647567,33.872795,47.774372,1000000,100.000000,0,25.000000,0.513094,89.578063,0,0,20.000000,0.249441,33.871875,0.015148,50000
7,0.437755,Series RL,0.178714,0.000108471258873,,-91.417930,34.077720,-1.117451,1000000,100.000000,0,25.000000,0.516195,89.699516,0,0,20.000000,0.178714,34.077251,0.015148,50000
8,0.494625,Series RL,0.291633,0.000108153875268,,172.081909,33.978794,-97.426307,1000000,100.000000,0,25.000000,0.514620,89.508239,0,0,20.000000,0.291633,33.977542,0.015145,50000
9,0.549669,Series RL,0.316223,0.000108446281096,,27.346258,34.070873,117.878051,1000000,100.000000,0,25.000000,0.516058,89.468208,0,0,20.000000,0.316223,34.069404,0.015147,50000
10,0.610732,Series RL,0.338806,0.000109550453528,,2.736110,34.417957,93.300132,1000000,100.000000,0,25.000000,0.521346,89.435974,0,0,20.000000,0.338806,34.416290,0.015147,50000
11,0.666146,Series RL,0.205375,0.000108771848447,,53.483173,34.172302,143.827529,1000000,100.000000,0,25.000000,0.517729,89.655647,0,0,20.000000,0.205375,34.171684,0.015151,50000
12,0.725179,Series RL,0.377990,0.000109338748805,,-82.871192,34.351860,7.759278,1000000,100.000000,0,25.000000,0.520315,89.369529,0,0,20.000000,0.377990,34.349781,0.015147,50000
13,0.781985,Series RL,0.350759,0.000109519988088,,38.046901,34.408508,128.630981,1000000,100.000000,0,25.000000,0.521238,89.415916,0,0,20.000000,0.350759,34.406719,0.015149,50000
14,0.839291,Series RL,0.253116,0.000108847434313,,-126.437759,34.196369,-36.013652,1000000,100.000000,0,25.000000,0.518068,89.575904,0,0,20.000000,0.253116,34.195430,0.015150,50000
15,0.897416,Series RL,0.117619,0.000108019736299,,-92.436058,33.935604,-2.237476,1000000,100.000000,0,25.000000,0.514082,89.801414,0,0,20.000000,0.117619,33.935401,0.015149,50000
16,0.956311,Series RL,0.107816,0.000107816349014,,-75.525695,33.871677,14.656686,1000000,100.000000,0,25.000000,0.513045,89.817619,0,0,20.000000,0.107816,33.871505,0.015147,50000
17,1.015464,Series RL,0.373893,0.000109399364557,,115.043991,34.370857,-154.332717,1000000,100.000000,0,25.000000,0.520678,89.376708,0,0,20.000000,0.373893,34.368824,0.015149,50000
18,1.073383,Series RL,0.238321,0.000108501759326,,34.992954,34.087665,125.393539,1000000,100.000000,0,25.000000,0.516483,89.599411,0,0,20.000000,0.238321,34.086833,0.015152,50000
19,1.131475,Series RL,0.260358,0.000109003648073,,-89.957656,34.245494,0.477946,1000000,100.000000,0,25.000000,0.518763,89.564392,0,0,20.000000,0.260358,34.244506,0.015148,50000
20,1.187803,Series RL,0.343838,0.000109777663124,,-86.173614,34.489383,4.397594,1000000,100.000000,0,25.000000,0.522385,89.428787,0,0,20.000000,0.343838,34.487670,0.015146,50000
21,1.244902,Series RL,0.384104,0.000109457815802,,78.659149,34.389331,169.299118,1000000,100.000000,0,25.000000,0.520845,89.360031,0,0,20.000000,0.384104,34.387187,0.015146,50000
22,1.310070,Series RL,0.381103,0.000109714087091,,-30.287025,34.469802,60.346458,1000000,100.000000,0,25.000000,0.522079,89.366516,0,0,20.000000,0.381103,34.467697,0.015146,50000
23,1.369769,Series RL,0.279842,0.000108933136067,,-36.238636,34.223499,54.229877,1000000,100.000000,0,25.000000,0.518444,89.531494,0,0,20.000000,0.279842,34.222354,0.015149,50000
24,1.428809,Series RL,0.232891,0.000108554337753,,-109.069343,34.104145,-18.678079,1000000,100.000000,0,25.000000,0.516705,89.608726,0,0,20.000000,0.232891,34.103351,0.015151,50000
25,1.485663,Series RL,0.270030,0.000108015693764,,100.630050,33.935203,-168.914016,1000000,100.000000,0,25.000000,0.513981,89.544082,0,0,20.000000,0.270030,33.934131,0.015146,50000
26,1.544393,Series RL,0.387268,0.000109617540519,,-66.240104,34.439544,24.404193,1000000,100.000000,0,25.000000,0.521561,89.355705,0,0,20.000000,0.387268,34.437366,0.015144,50000
27,1.600717,Series RL,0.306359,0.000108158710395,,136.045043,33.980442,-133.438400,1000000,100.000000,0,25.000000,0.514611,89.483428,0,0,20.000000,0.306359,33.979061,0.015144,50000
28,1.657626,Series RL,0.334046,0.000109414770756,,96.907661,34.375286,-172.535537,1000000,100.000000,0,25.000000,0.520596,89.443206,0,0,20.000000,0.334046,34.373664,0.015144,50000
29,1.715870,Series RL,0.296166,0.000109566856036,,164.238739,34.422718,-105.268264,1000000,100.000000,0,25.000000,0.521440,89.507034,0,0,20.000000,0.296166,34.421443,0.015148,50000
30,1.775204,Series RL,0.408270,0.000109687470018,,166.757888,34.461753,-102.563285,1000000,100.000000,0,25.000000,0.522032,89.321189,0,0,20.000000,0.408270,34.459335,0.015148,50000
31,1.840008,Series RL,0.349427,0.000108825518677,,-9.649630,34.190330,80.935951,1000000,100.000000,0,25.000000,0.517750,89.414421,0,0,20.000000,0.349427,34.188545,0.015143,50000
32,1.898649,Series RL,0.347105,0.000109477694254,,42.594535,34.395183,133.172760,1000000,100.000000,0,25.000000,0.521009,89.421783,0,0,20.000000,0.347105,34.393432,0.015148,50000
33,1.957289,Series RL,0.364835,0.000109474998169,,168.834274,34.394519,-100.557945,1000000,100.000000,0,25.000000,0.520971,89.392234,0,0,20.000000,0.364835,34.392585,0.015147,50000
34,2.014221,Series RL,0.113524,0.000108057026302,,69.493034,33.947307,159.684646,1000000,100.000000,0,25.000000,0.514199,89.808387,0,0,20.000000,0.113524,33.947116,0.015147,50000
35,2.070766,Series RL,0.133786,0.000107916015023,,158.678741,33.903079,-111.095161,1000000,100.000000,0,25.000000,0.513537,89.773895,0,0,20.000000,0.133786,33.902816,0.015147,50000
36,2.127898,Series RL,0.278564,0.000107780348166,,-6.916785,33.861343,83.554565,1000000,100.000000,0,25.000000,0.512939,89.528648,0,0,20.000000,0.278564,33.860195,0.015148,50000
37,2.184358,Series RL,0.313906,0.000108667847058,,26.983697,34.140453,117.510520,1000000,100.000000,0,25.000000,0.517051,89.473175,0,0,20.000000,0.313906,34.139011,0.015145,50000
38,2.248459,Series RL,0.282035,0.000107681433369,,137.797149,33.830295,-131.725189,1000000,100.000000,0,25.000000,0.512542,89.522331,0,0,20.000000,0.282035,33.829120,0.015150,50000
39,2.309992,Series RL,0.167773,0.000107647008155,,68.025711,33.818721,158.309951,1000000,100.000000,0,25.000000,0.512341,89.715759,0,0,20.000000,0.167773,33.818305,0.015150,50000
40,2.371941,Series RL,0.356106,0.000109137156788,,-172.330505,34.288299,-81.735435,1000000,100.000000,0,25.000000,0.519297,89.404937,0,0,20.000000,0.356106,34.286449,0.015145,50000
41,2.429862,Series RL,0.174936,0.000107870152934,,14.455394,33.888858,104.751159,1000000,100.000000,0,25.000000,0.513341,89.704238,0,0,20.000000,0.174936,33.888408,0.015148,50000
42,2.487696,Series RL,0.259461,0.000107592344798,,-41.595680,33.802127,48.844120,1000000,100.000000,0,25.000000,0.512002,89.560195,0,0,20.000000,0.259461,33.801132,0.015147,50000
43,2.546125,Series RL,0.163801,0.000107683753848,,-22.270687,33.830245,68.006736,1000000,100.000000,0,25.000000,0.512428,89.722579,0,0,20.000000,0.163801,33.829849,0.015147,50000
44,2.603477,Series RL,0.291522,0.000109281277956,,-16.964151,34.332962,73.522361,1000000,100.000000,0,25.000000,0.520139,89.513488,0,0,20.000000,0.291522,34.331726,0.015150,50000
45,2.667093,Series RL,0.247798,0.000107614527814,,65.793151,33.809009,156.213104,1000000,100.000000,0,25.000000,0.512039,89.580055,0,0,20.000000,0.247798,33.808101,0.015145,50000
46,2.725874,Series RL,0.147031,0.000107776948617,,14.572853,33.859443,104.821655,1000000,100.000000,0,25.000000,0.512927,89.751197,0,0,20.000000,0.147031,33.859127,0.015149,50000
47,2.787626,Series RL,0.125791,0.000107880498006,,122.694732,33.891891,-147.092605,1000000,100.000000,0,25.000000,0.513220,89.787338,0,0,20.000000,0.125791,33.891658,0.015143,50000
48,2.845873,Series RL,0.342878,0.000109531402681,,-141.944625,34.412014,-51.373729,1000000,100.000000,0,25.000000,0.521269,89.429092,0,0,20.000000,0.342878,34.410305,0.015148,50000
49,2.904601,Series RL,0.239723,0.000108573573219,,-163.056320,34.110237,-72.653640,1000000,100.000000,0,25.000000,0.516723,89.597320,0,0,20.000000,0.239723,34.109394,0.015149,50000
50,2.960447,Series RL,0.339345,0.000109064518472,,-100.115837,34.265308,-9.548399,1000000,100.000000,0,25.000000,0.518724,89.432563,0,0,20.000000,0.339345,34.263629,0.015138,50000
51,3.019138,Series RL,0.359926,0.000108511607834,,-44.723251,34.091827,45.881668,1000000,100.000000,0,25.000000,0.516253,89.395088,0,0,20.000000,0.359926,34.089927,0.015143,50000
52,3.076691,Series RL,0.349168,0.000108814479691,,116.488006,34.186859,-152.926788,1000000,100.000000,0,25.000000,0.517729,89.414794,0,0,20.000000,0.349168,34.185077,0.015144,50000
53,3.135320,Series RL,0.412436,0.000109693906244,,21.890762,34.463825,112.576454,1000000,100.000000,0,25.000000,0.521948,89.314315,0,0,20.000000,0.412436,34.461357,0.015145,50000
54,3.191854,Series RL,0.355915,0.000109590767475,,-15.733977,34.430793,74.858314,1000000,100.000000,0,25.000000,0.521741,89.407714,0,0,20.000000,0.355915,34.428955,0.015153,50000
55,3.261355,Series RL,0.316303,0.000109402385318,,-124.650177,34.371231,-34.122909,1000000,100.000000,0,25.000000,0.520568,89.472724,0,0,20.000000,0.316303,34.369773,0.015145,50000
56,3.324147,Series RL,0.123852,0.00010783911772,,-93.838912,33.878883,-3.629455,1000000,100.000000,0,25.000000,0.513256,89.790534,0,0,20.000000,0.123852,33.878658,0.015150,50000
57,3.381325,Series RL,0.289537,0.000108030848497,,-43.600894,33.940128,46.887897,1000000,100.000000,0,25.000000,0.513908,89.511207,0,0,20.000000,0.289537,33.938892,0.015142,50000
58,3.440576,Series RL,0.263915,0.000107725837598,,173.321014,33.844100,-96.232200,1000000,100.000000,0,25.000000,0.512701,89.553199,0,0,20.000000,0.263915,33.843070,0.015149,50000
59,3.496127,Series RL,0.284118,0.000109176012876,,162.830764,34.299831,-106.694641,1000000,100.000000,0,25.000000,0.519563,89.525390,0,0,20.000000,0.284118,34.298656,0.015148,50000
60,3.558534,Series RL,0.204907,0.000107740069233,,-94.278671,33.848163,-3.931809,1000000,100.000000,0,25.000000,0.512655,89.653137,0,0,20.000000,0.204907,33.847541,0.015146,50000
61,3.614870,Series RL,0.146868,0.000107793717181,,-147.242126,33.864715,-56.993637,1000000,100.000000,0,25.000000,0.513033,89.751518,0,0,20.000000,0.146868,33.864395,0.015149,50000
62,3.671325,Series RL,0.239501,0.000108879357612,,179.500503,34.206298,-90.098297,1000000,100.000000,0,25.000000,0.518106,89.598831,0,0,20.000000,0.239501,34.205459,0.015147,50000
63,3.730752,Series RL,0.337679,0.000109356984779,,61.033447,34.357170,151.596588,1000000,100.000000,0,25.000000,0.520521,89.436859,0,0,20.000000,0.337679,34.355510,0.015150,50000
64,3.790947,Series RL,0.385359,0.000109695943427,,-122.689117,34.464153,-32.048450,1000000,100.000000,0,25.000000,0.522048,89.359336,0,0,20.000000,0.385359,34.461997,0.015148,50000
65,3.848044,Series RL,0.241218,0.00010896603021,,-90.027778,34.233539,0.375949,1000000,100.000000,0,25.000000,0.518442,89.596275,0,0,20.000000,0.241218,34.232688,0.015144,50000
66,3.908472,Series RL,0.156328,0.000107786345124,,-21.872665,33.862438,68.391853,1000000,100.000000,0,25.000000,0.512815,89.735488,0,0,20.000000,0.156328,33.862079,0.015144,50000
67,3.963839,Series RL,0.401999,0.000109795682647,,-31.083766,34.495674,59.583950,1000000,100.000000,0,25.000000,0.522528,89.332275,0,0,20.000000,0.401999,34.493331,0.015148,50000
68,4.020230,Series RL,0.251162,0.000107724261964,,121.097015,33.843509,-148.477767,1000000,100.000000,0,25.000000,0.512541,89.574790,0,0,20.000000,0.251162,33.842575,0.015144,50000
69,4.077918,Series RL,0.210029,0.000109007582383,,143.999145,34.246387,-125.649444,1000000,100.000000,0,25.000000,0.518844,89.648605,0,0,20.000000,0.210029,34.245742,0.015150,50000
70,4.136166,Series RL,0.146018,0.000108061253458,,-38.618122,33.948757,51.628314,1000000,100.000000,0,25.000000,0.514135,89.753562,0,0,20.000000,0.146018,33.948444,0.015144,50000
71,4.197796,Series RL,0.181809,0.000108311317704,,-1.977814,34.027488,88.328330,1000000,100.000000,0,25.000000,0.515388,89.693862,0,0,20.000000,0.181809,34.027004,0.015146,50000
72,4.257103,Series RL,0.216081,0.000107678033819,,139.735061,33.828742,-129.898956,1000000,100.000000,0,25.000000,0.512270,89.634010,0,0,20.000000,0.216081,33.828052,0.015143,50000
73,4.315771,Series RL,0.247760,0.000108706617203,,-0.789346,34.152091,89.626319,1000000,100.000000,0,25.000000,0.517339,89.584335,0,0,20.000000,0.247760,34.151191,0.015148,50000
74,4.377226,Series RL,0.270299,0.00010908776146,,-17.658029,34.271999,72.793861,1000000,100.000000,0,25.000000,0.519004,89.548110,0,0,20.000000,0.270299,34.270931,0.015144,50000
75,4.440865,Series RL,0.250753,0.000109076782952,,126.389991,34.268398,-143.190734,1000000,100.000000,0,25.000000,0.519005,89.580741,0,0,20.000000,0.250753,34.267482,0.015145,50000
76,4.496755,Series RL,0.336043,0.000108679478102,,-27.385915,34.144321,63.177993,1000000,100.000000,0,25.000000,0.517129,89.436088,0,0,20.000000,0.336043,34.142665,0.015145,50000
77,4.552673,Series RL,0.360250,0.000108570342374,,-80.962203,34.110282,9.642929,1000000,100.000000,0,25.000000,0.516507,89.394866,0,0,20.000000,0.360250,34.108379,0.015142,50000
78,4.609443,Series RL,0.188021,0.000107673007706,,-76.336090,33.826995,13.982389,1000000,100.000000,0,25.000000,0.512231,89.681526,0,0,20.000000,0.188021,33.826473,0.015143,50000
79,4.671346,Series RL,0.371097,0.000109793012027,,-86.268623,34.494487,4.347790,1000000,100.000000,0,25.000000,0.522522,89.383583,0,0,20.000000,0.371097,34.492492,0.015148,50000
80,4.728902,Series RL,0.315543,0.000109438608983,,-52.683013,34.382602,37.842823,1000000,100.000000,0,25.000000,0.520775,89.474159,0,0,20.000000,0.315543,34.381153,0.015146,50000
81,4.787133,Series RL,0.300850,0.000109357385849,,-71.215270,34.356952,19.286462,1000000,100.000000,0,25.000000,0.520397,89.498275,0,0,20.000000,0.300850,34.355636,0.015147,50000
82,4.844713,Series RL,0.365744,0.000109576730009,,-119.636505,34.426486,-29.027790,1000000,100.000000,0,25.000000,0.521421,89.391281,0,0,20.000000,0.365744,34.424545,0.015146,50000
83,4.903466,Series RL,0.117120,0.000107977445648,,-38.846633,33.922317,51.351192,1000000,100.000000,0,25.000000,0.513830,89.802169,0,0,20.000000,0.117120,33.922115,0.015147,50000
84,4.961561,Series RL,0.399384,0.000109688600018,,-85.192626,34.462005,5.471396,1000000,100.000000,0,25.000000,0.521907,89.335975,0,0,20.000000,0.399384,34.459690,0.015144,50000
85,5.019150,Series RL,0.367163,0.000109707517175,,20.717700,34.467586,111.328056,1000000,100.000000,0,25.000000,0.522139,89.389648,0,0,20.000000,0.367163,34.465633,0.015149,50000
86,5.075527,Series RL,0.238437,0.00010772070326,,-112.700927,33.842296,-22.297248,1000000,100.000000,0,25.000000,0.512617,89.596313,0,0,20.000000,0.238437,33.841457,0.015147,50000
87,5.132040,Series RL,0.329950,0.000109590996658,,-178.037902,34.430606,-87.488822,1000000,100.000000,0,25.000000,0.521587,89.450920,0,0,20.000000,0.329950,34.429027,0.015149,50000
88,5.194629,Series RL,0.302389,0.000108361792103,,99.604888,34.044204,-169.886199,1000000,100.000000,0,25.000000,0.515709,89.491073,0,0,20.000000,0.302389,34.042861,0.015148,50000
89,5.256330,Series RL,0.245481,0.000107662162888,,-77.581672,33.823959,12.834166,1000000,100.000000,0,25.000000,0.512355,89.584159,0,0,20.000000,0.245481,33.823066,0.015148,50000
90,5.313643,Series RL,0.273195,0.000109097329855,,-143.887435,34.275024,-53.430744,1000000,100.000000,0,25.000000,0.519374,89.543304,0,0,20.000000,0.273195,34.273937,0.015153,50000
91,5.373529,Series RL,0.303576,0.000109474756254,,-70.222663,34.393848,20.283065,1000000,100.000000,0,25.000000,0.521133,89.494270,0,0,20.000000,0.303576,34.392509,0.015152,50000
92,5.432283,Series RL,0.304595,0.000108361200046,,153.536972,34.044036,-115.950378,1000000,100.000000,0,25.000000,0.515723,89.487358,0,0,20.000000,0.304595,34.042675,0.015149,50000
93,5.488956,Series RL,0.253786,0.00010887802071,,107.719276,34.205982,-161.855590,1000000,100.000000,0,25.000000,0.518323,89.574897,0,0,20.000000,0.253786,34.205039,0.015153,50000
94,5.545006,Series RL,0.381330,0.000109756743799,,112.898834,34.483207,-156.467559,1000000,100.000000,0,25.000000,0.522458,89.366378,0,0,20.000000,0.381330,34.481098,0.015151,50000
95,5.609065,Series RL,0.380879,0.000109305198943,,-172.930862,34.341354,-82.295379,1000000,100.000000,0,25.000000,0.520208,89.364517,0,0,20.000000,0.380879,34.339241,0.015148,50000
96,5.665287,Series RL,0.280852,0.000109397846219,,-16.729656,34.369495,73.738540,1000000,100.000000,0,25.000000,0.520569,89.531791,0,0,20.000000,0.280852,34.368347,0.015146,50000
97,5.726119,Series RL,0.129579,0.000107744551036,,-147.527435,33.849197,-57.308101,1000000,100.000000,0,25.000000,0.512903,89.780670,0,0,20.000000,0.129579,33.848949,0.015153,50000
98,5.786870,Series RL,0.295651,0.00010779631459,,46.893424,33.866500,137.393615,1000000,100.000000,0,25.000000,0.512955,89.499801,0,0,20.000000,0.295651,33.865211,0.015146,50000
99,5.844943,Series RL,0.232477,0.000107684871116,,-130.237274,33.830997,-39.843551,1000000,100.000000,0,25.000000,0.512371,89.606269,0,0,20.000000,0.232477,33.830200,0.015145,50000
100,5.905604,Series RL,0.233385,0.000109127515182,,-125.410072,34.284214,-35.020034,1000000,100.000000,0,25.000000,0.519399,89.609962,0,0,20.000000,0.233385,34.283420,0.015150,50000
101,5.968747,Series RL,0.379408,0.000109745389685,,-140.699127,34.479618,-50.068645,1000000,100.000000,0,25.000000,0.522338,89.369506,0,0,20.000000,0.379408,34.477531,0.015149,50000
102,6.025843,Series RL,0.381808,0.000109671029313,,75.374610,34.456283,166.009521,1000000,100.000000,0,25.000000,0.522066,89.365089,0,0,20.000000,0.381808,34.454170,0.015152,50000
103,6.084110,Series RL,0.243825,0.000107677196664,,139.509231,33.828666,-130.077789,1000000,100.000000,0,25.000000,0.512398,89.587028,0,0,20.000000,0.243825,33.827789,0.015147,50000
104,6.141725,Series RL,0.260023,0.000107611274687,,120.115081,33.808078,-149.444229,1000000,100.000000,0,25.000000,0.512224,89.559326,0,0,20.000000,0.260023,33.807079,0.015151,50000
105,6.198123,Series RL,0.417435,0.000109668721566,,-158.772567,34.455974,-68.078407,1000000,100.000000,0,25.000000,0.521932,89.305847,0,0,20.000000,0.417435,34.453445,0.015148,50000
106,6.256668,Series RL,0.333963,0.000109441171378,,2.110172,34.383579,92.666687,1000000,100.000000,0,25.000000,0.520989,89.443481,0,0,20.000000,0.333963,34.381958,0.015152,50000
107,6.314544,Series RL,0.162198,0.000108041874752,,-56.364017,33.942745,33.909778,1000000,100.000000,0,25.000000,0.514266,89.726211,0,0,20.000000,0.162198,33.942356,0.015151,50000
108,6.375007,Series RL,0.383890,0.000109697862836,,-49.647159,34.464740,40.991050,1000000,100.000000,0,25.000000,0.521999,89.361785,0,0,20.000000,0.383890,34.462600,0.015146,50000
109,6.431883,Series RL,0.395374,0.00010881793017,,-45.569679,34.188449,45.092933,1000000,100.000000,0,25.000000,0.517791,89.337387,0,0,20.000000,0.395374,34.186161,0.015145,50000
110,6.487421,Series RL,0.305258,0.000108296866435,,135.736923,34.023834,-133.749008,1000000,100.000000,0,25.000000,0.515433,89.485939,0,0,20.000000,0.305258,34.022464,0.015149,50000
111,6.545144,Series RL,0.236503,0.000107584364769,,-23.410842,33.799453,66.990074,1000000,100.000000,0,25.000000,0.511886,89.599082,0,0,20.000000,0.236503,33.798625,0.015145,50000
112,6.612148,Series RL,0.146624,0.000107929409503,,-57.043582,33.907341,33.204185,1000000,100.000000,0,25.000000,0.513619,89.752235,0,0,20.000000,0.146624,33.907024,0.015148,50000
113,6.671750,Series RL,0.223262,0.00010879167597,,-162.491104,34.178642,-72.116821,1000000,100.000000,0,25.000000,0.517892,89.625724,0,0,20.000000,0.223262,34.177913,0.015153,50000
114,6.728987,Series RL,0.406032,0.000109525755864,,-119.706062,34.410926,-29.029975,1000000,100.000000,0,25.000000,0.521187,89.323921,0,0,20.000000,0.406032,34.408531,0.015146,50000
115,6.788714,Series RL,0.389437,0.000109537265949,,42.093223,34.414352,132.741607,1000000,100.000000,0,25.000000,0.521279,89.351615,0,0,20.000000,0.389437,34.412147,0.015147,50000
116,6.846344,Series RL,0.390123,0.000109863256653,,-156.962219,34.516765,-66.314620,1000000,100.000000,0,25.000000,0.522954,89.352401,0,0,20.000000,0.390123,34.514560,0.015151,50000
117,6.913492,Series RL,0.365827,0.000109509302426,,39.434986,34.405307,130.044219,1000000,100.000000,0,25.000000,0.521206,89.390762,0,0,20.000000,0.365827,34.403362,0.015149,50000
118,6.969825,Series RL,0.374230,0.000109719393317,,92.883506,34.471393,-176.494461,1000000,100.000000,0,25.000000,0.522117,89.377967,0,0,20.000000,0.374230,34.469364,0.015146,50000
119,7.026312,Series RL,0.272794,0.000109239213304,,144.846450,34.319595,-124.698127,1000000,100.000000,0,25.000000,0.519865,89.544563,0,0,20.000000,0.272794,34.318511,0.015148,50000
120,7.089272,Series RL,0.404563,0.000109756221771,,-121.733612,34.483306,-31.061388,1000000,100.000000,0,25.000000,0.522380,89.327781,0,0,20.000000,0.404563,34.480934,0.015149,50000
121,7.146175,Series RL,0.238350,0.000107683193623,,-148.244308,33.830513,-57.840644,1000000,100.000000,0,25.000000,0.512343,89.596321,0,0,20.000000,0.238350,33.829673,0.015144,50000
122,7.200983,Series RL,0.362130,0.000109680390806,,77.714569,34.459014,168.316696,1000000,100.000000,0,25.000000,0.522019,89.397865,0,0,20.000000,0.362130,34.457111,0.015149,50000
123,7.259750,Series RL,0.359394,0.000108968920464,,-63.769248,34.235485,26.832239,1000000,100.000000,0,25.000000,0.518528,89.398513,0,0,20.000000,0.359394,34.233596,0.015146,50000
124,7.319404,Series RL,0.378419,0.000109627923788,,93.257942,34.442707,-176.112533,1000000,100.000000,0,25.000000,0.521726,89.370483,0,0,20.000000,0.378419,34.440628,0.015148,50000
125,7.384709,Series RL,0.243963,0.000108687263961,,-18.509227,34.145984,71.900138,1000000,100.000000,0,25.000000,0.517344,89.590629,0,0,20.000000,0.243963,34.145111,0.015151,50000
126,7.443752,Series RL,0.348941,0.000108251090291,,-26.127422,34.009872,64.460449,1000000,100.000000,0,25.000000,0.515057,89.412132,0,0,20.000000,0.348941,34.008083,0.015144,50000
127,7.501948,Series RL,0.288585,0.000107862529413,,100.672019,33.887241,-168.840057,1000000,100.000000,0,25.000000,0.513297,89.512054,0,0,20.000000,0.288585,33.886013,0.015147,50000
128,7.558698,Series RL,0.232726,0.000107538770061,,-167.583129,33.785102,-77.188453,1000000,100.000000,0,25.000000,0.511716,89.605316,0,0,20.000000,0.232726,33.784301,0.015146,50000
129,7.614342,Series RL,0.357458,0.000109652220381,,-15.426198,34.450115,75.168327,1000000,100.000000,0,25.000000,0.521875,89.405479,0,0,20.000000,0.357458,34.448261,0.015149,50000
130,7.671744,Series RL,0.372841,0.00010974609315,,166.129821,34.479770,-103.250617,1000000,100.000000,0,25.000000,0.522343,89.380432,0,0,20.000000,0.372841,34.477752,0.015149,50000
131,7.729678,Series RL,0.218852,0.000107555102541,,-167.090911,33.790138,-76.719818,1000000,100.000000,0,25.000000,0.511825,89.628906,0,0,20.000000,0.218852,33.789432,0.015147,50000
132,7.790793,Series RL,0.395714,0.000109633739309,,-51.370647,34.444728,39.287605,1000000,100.000000,0,25.000000,0.521836,89.341743,0,0,20.000000,0.395714,34.442455,0.015150,50000
133,7.857274,Series RL,0.235628,0.000107657646071,,84.206192,33.822467,174.605346,1000000,100.000000,0,25.000000,0.512304,89.600837,0,0,20.000000,0.235628,33.821647,0.015147,50000
134,7.916560,Series RL,0.243587,0.000107588044431,,-23.580614,33.800659,66.832298,1000000,100.000000,0,25.000000,0.511997,89.587081,0,0,20.000000,0.243587,33.799781,0.015148,50000
135,7.973904,Series RL,0.332098,0.000107959559815,,-43.325035,33.918121,47.235969,1000000,100.000000,0,25.000000,0.513689,89.438995,0,0,20.000000,0.332098,33.916496,0.015145,50000
136,8.031931,Series RL,0.394526,0.00010928538097,,133.219604,34.335281,-136.122055,1000000,100.000000,0,25.000000,0.519997,89.341629,0,0,20.000000,0.394526,34.333015,0.015145,50000
137,8.090367,Series RL,0.385901,0.00010968414368,,-47.904407,34.460453,42.737228,1000000,100.000000,0,25.000000,0.521908,89.358367,0,0,20.000000,0.385901,34.458290,0.015145,50000
138,8.146743,Series RL,0.258818,0.000108833387298,,-72.290435,34.191997,18.143278,1000000,100.000000,0,25.000000,0.518033,89.566284,0,0,20.000000,0.258818,34.191017,0.015151,50000
139,8.203752,Series RL,0.338780,0.000109567502205,,168.294494,34.423313,-101.141616,1000000,100.000000,0,25.000000,0.521364,89.436111,0,0,20.000000,0.338780,34.421646,0.015146,50000
140,8.262553,Series RL,0.221772,0.000108379897569,,-91.480506,34.049270,-1.107326,1000000,100.000000,0,25.000000,0.515888,89.626815,0,0,20.000000,0.221772,34.048549,0.015151,50000
141,8.322067,Series RL,0.317270,0.000108476517352,,99.289093,34.080383,-170.177490,1000000,100.000000,0,25.000000,0.516326,89.466590,0,0,20.000000,0.317270,34.078903,0.015150,50000
142,8.378438,Series RL,0.361854,0.000109269363616,,7.372077,34.329891,97.976020,1000000,100.000000,0,25.000000,0.519903,89.396057,0,0,20.000000,0.361854,34.327983,0.015144,50000
143,8.438096,Series RL,0.240947,0.000108707505287,,179.340255,34.152320,-90.255500,1000000,100.000000,0,25.000000,0.517515,89.595771,0,0,20.000000,0.240947,34.151470,0.015153,50000
144,8.495746,Series RL,0.318703,0.000107814989831,,-60.837238,33.872577,29.701862,1000000,100.000000,0,25.000000,0.513047,89.460899,0,0,20.000000,0.318703,33.871078,0.015146,50000
145,8.551263,Series RL,0.399207,0.000109697681399,,-140.678482,34.464855,-50.014804,1000000,100.000000,0,25.000000,0.522032,89.336326,0,0,20.000000,0.399207,34.462543,0.015147,50000
146,8.608511,Series RL,0.378766,0.000109776329406,,-32.938003,34.489330,57.691238,1000000,100.000000,0,25.000000,0.522576,89.370750,0,0,20.000000,0.378766,34.487251,0.015152,50000
147,8.665090,Series RL,0.347678,0.000108606295476,,-63.194267,34.121444,27.389554,1000000,100.000000,0,25.000000,0.516773,89.416175,0,0,20.000000,0.347678,34.119674,0.015145,50000
148,8.723749,Series RL,0.181917,0.000107920557305,,-57.414142,33.904731,32.893280,1000000,100.000000,0,25.000000,0.513455,89.692573,0,0,20.000000,0.181917,33.904243,0.015144,50000
149,8.782999,Series RL,0.245451,0.000109131691408,,90.516593,34.285610,-179.073242,1000000,100.000000,0,25.000000,0.519426,89.589813,0,0,20.000000,0.245451,34.284732,0.015150,50000
150,8.839488,Series RL,0.217178,0.000107678094298,,156.101730,33.828765,-113.530403,1000000,100.000000,0,25.000000,0.512431,89.632156,0,0,20.000000,0.217178,33.828071,0.015148,50000
151,8.899976,Series RL,0.339997,0.000108825833804,,-153.526962,34.190334,-62.957191,1000000,100.000000,0,25.000000,0.517815,89.430221,0,0,20.000000,0.339997,34.188644,0.015145,50000
152,8.959301,Series RL,0.243051,0.000107612802574,,-149.325698,33.808433,-58.913784,1000000,100.000000,0,25.000000,0.512106,89.588096,0,0,20.000000,0.243051,33.807559,0.015147,50000
153,9.016659,Series RL,0.235082,0.000109278276293,,-70.936851,34.331588,19.455476,1000000,100.000000,0,25.000000,0.520141,89.607666,0,0,20.000000,0.235082,34.330783,0.015150,50000
154,9.074216,Series RL,0.292558,0.000109491489804,,-88.455207,34.399009,2.032098,1000000,100.000000,0,25.000000,0.520974,89.512702,0,0,20.000000,0.292558,34.397766,0.015145,50000
155,9.132432,Series RL,0.393582,0.000109835245383,,148.790084,34.508003,-120.556419,1000000,100.000000,0,25.000000,0.522801,89.346496,0,0,20.000000,0.393582,34.505760,0.015150,50000
156,9.189536,Series RL,0.279129,0.000107632146266,,11.592123,33.814788,102.065086,1000000,100.000000,0,25.000000,0.512118,89.527030,0,0,20.000000,0.279129,33.813636,0.015145,50000
157,9.253743,Series RL,0.340999,0.00010952227037,,-65.622116,34.409126,24.945703,1000000,100.000000,0,25.000000,0.521110,89.432174,0,0,20.000000,0.340999,34.407436,0.015145,50000
158,9.315854,Series RL,0.162659,0.000107787182279,,158.455078,33.862731,-111.269699,1000000,100.000000,0,25.000000,0.513040,89.724784,0,0,20.000000,0.162659,33.862342,0.015151,50000
159,9.376906,Series RL,0.294920,0.000109369698076,,-52.572547,34.360771,37.919231,1000000,100.000000,0,25.000000,0.520539,89.508216,0,0,20.000000,0.294920,34.359504,0.015149,50000
160,9.434586,Series RL,0.267559,0.000108995270157,,-18.134023,34.242919,72.313667,1000000,100.000000,0,25.000000,0.518773,89.552307,0,0,20.000000,0.267559,34.241874,0.015150,50000
161,9.494823,Series RL,0.181422,0.000107811275155,,86.225425,33.870399,176.532318,1000000,100.000000,0,25.000000,0.513132,89.693092,0,0,20.000000,0.181422,33.869911,0.015150,50000
162,9.559116,Series RL,0.281959,0.000107763468193,,155.358032,33.856067,-114.164794,1000000,100.000000,0,25.000000,0.512829,89.522827,0,0,20.000000,0.281959,33.854892,0.015147,50000
163,9.617747,Series RL,0.251794,0.00010903934971,,-125.876258,34.256645,-35.455120,1000000,100.000000,0,25.000000,0.518839,89.578857,0,0,20.000000,0.251794,34.255722,0.015146,50000
164,9.680630,Series RL,0.371373,0.000109673018749,,-104.939170,34.456798,-14.321628,1000000,100.000000,0,25.000000,0.521912,89.382461,0,0,20.000000,0.371373,34.454795,0.015147,50000
165,9.741090,Series RL,0.233020,0.000107615244011,,13.552336,33.809127,103.947242,1000000,100.000000,0,25.000000,0.512180,89.605094,0,0,20.000000,0.233020,33.808326,0.015149,50000
166,9.800873,Series RL,0.334635,0.000108009706355,,64.440483,33.933902,155.005508,1000000,100.000000,0,25.000000,0.513978,89.434974,0,0,20.000000,0.334635,33.932250,0.015146,50000
167,9.860324,Series RL,0.408867,0.000109560034655,,42.163909,34.421726,132.844497,1000000,100.000000,0,25.000000,0.521352,89.319412,0,0,20.000000,0.408867,34.419300,0.015146,50000
168,9.920845,Series RL,0.341338,0.000108823331888,,98.468276,34.189563,-170.959686,1000000,100.000000,0,25.000000,0.517972,89.427970,0,0,20.000000,0.341338,34.187858,0.015150,50000
169,9.978769,Series RL,0.237102,0.000108912433192,,-54.344898,34.216674,36.052135,1000000,100.000000,0,25.000000,0.518382,89.602966,0,0,20.000000,0.237102,34.215850,0.015150,50000
170,10.038263,Series RL,0.258096,0.000107664823959,,83.517654,33.824886,173.954849,1000000,100.000000,0,25.000000,0.512314,89.562812,0,0,20.000000,0.258096,33.823902,0.015146,50000
171,10.096163,Series RL,0.180723,0.000108141795408,,123.801628,33.974227,-145.893569,1000000,100.000000,0,25.000000,0.514727,89.695213,0,0,20.000000,0.180723,33.973747,0.015151,50000
172,10.157438,Series RL,0.350128,0.00010884928051,,116.481216,34.197803,-152.932144,1000000,100.000000,0,25.000000,0.518051,89.413375,0,0,20.000000,0.350128,34.196010,0.015149,50000
173,10.223927,Series RL,0.293105,0.00010830842745,,-134.294708,34.027359,-43.801166,1000000,100.000000,0,25.000000,0.515425,89.506462,0,0,20.000000,0.293105,34.026096,0.015147,50000
174,10.286347,Series RL,0.279386,0.000108938286321,,89.875915,34.225112,-179.656356,1000000,100.000000,0,25.000000,0.518660,89.532279,0,0,20.000000,0.279386,34.223972,0.015154,50000
175,10.353210,Series RL,0.289546,0.000109215305049,,-125.295639,34.312221,-34.812137,1000000,100.000000,0,25.000000,0.519762,89.516494,0,0,20.000000,0.289546,34.311000,0.015148,50000
176,10.417174,Series RL,0.306098,0.000109397457881,,127.394943,34.369590,-142.094757,1000000,100.000000,0,25.000000,0.520777,89.489707,0,0,20.000000,0.306098,34.368225,0.015152,50000
177,10.476678,Series RL,0.395368,0.000109688100272,,-12.677345,34.461803,77.980010,1000000,100.000000,0,25.000000,0.522024,89.342651,0,0,20.000000,0.395368,34.459533,0.015148,50000
178,10.537403,Series RL,0.356890,0.000109214442429,,7.490752,34.312583,98.086700,1000000,100.000000,0,25.000000,0.519683,89.404045,0,0,20.000000,0.356890,34.310729,0.015146,50000
179,10.593788,Series RL,0.376989,0.000109811954648,,77.218376,34.500503,167.844467,1000000,100.000000,0,25.000000,0.522536,89.373908,0,0,20.000000,0.376989,34.498443,0.015146,50000
180,10.651655,Series RL,0.195891,0.000108627412154,,-18.774517,34.126869,71.554374,1000000,100.000000,0,25.000000,0.516805,89.671112,0,0,20.000000,0.195891,34.126308,0.015144,50000
181,10.708913,Series RL,0.308458,0.000108201523075,,117.994438,33.993911,-151.485656,1000000,100.000000,0,25.000000,0.514871,89.480094,0,0,20.000000,0.308458,33.992511,0.015146,50000
182,10.767738,Series RL,0.235003,0.000108502695157,,-37.153011,34.087936,53.241992,1000000,100.000000,0,25.000000,0.516420,89.604995,0,0,20.000000,0.235003,34.087127,0.015150,50000
183,10.829637,Series RL,0.285362,0.000109188955356,,126.630371,34.303909,-142.892990,1000000,100.000000,0,25.000000,0.519639,89.523368,0,0,20.000000,0.285362,34.302722,0.015148,50000
184,10.889764,Series RL,0.379202,0.000109493733889,,-83.274803,34.400562,7.356791,1000000,100.000000,0,25.000000,0.520919,89.368400,0,0,20.000000,0.379202,34.398471,0.015143,50000
185,10.947326,Series RL,0.253082,0.00010775870946,,101.442741,33.854343,-168.128952,1000000,100.000000,0,25.000000,0.512784,89.571670,0,0,20.000000,0.253082,33.853397,0.015147,50000
186,11.003606,Series RL,0.410114,0.000109720109514,,-67.476348,34.472030,23.205322,1000000,100.000000,0,25.000000,0.522073,89.318336,0,0,20.000000,0.410114,34.469589,0.015145,50000
187,11.059365,Series RL,0.379589,0.000109785872336,,166.381774,34.492336,-102.987678,1000000,100.000000,0,25.000000,0.522466,89.369438,0,0,20.000000,0.379589,34.490249,0.015147,50000
188,11.117807,Series RL,0.358467,0.000109717314753,,75.808555,34.470577,166.404388,1000000,100.000000,0,25.000000,0.522082,89.404151,0,0,20.000000,0.358467,34.468711,0.015146,50000
189,11.175121,Series RL,0.435621,0.000109724782303,,-122.004249,34.473812,-31.280223,1000000,100.000000,0,25.000000,0.522144,89.275970,0,0,20.000000,0.435621,34.471057,0.015146,50000
190,11.234199,Series RL,0.396954,0.000109776851434,,75.676139,34.489700,166.335601,1000000,100.000000,0,25.000000,0.522578,89.340545,0,0,20.000000,0.396954,34.487415,0.015152,50000
191,11.293103,Series RL,0.246960,0.000107537496822,,-113.486595,33.784805,-23.067762,1000000,100.000000,0,25.000000,0.511792,89.581169,0,0,20.000000,0.246960,33.783901,0.015149,50000
192,11.353808,Series RL,0.255656,0.000108411919544,,-19.658819,34.059566,70.771255,1000000,100.000000,0,25.000000,0.515962,89.569923,0,0,20.000000,0.255656,34.058609,0.015149,50000
193,11.413653,Series RL,0.389950,0.000109108986363,,-136.223983,34.279819,-45.572212,1000000,100.000000,0,25.000000,0.519098,89.348213,0,0,20.000000,0.389950,34.277599,0.015143,50000
194,11.472428,Series RL,0.125418,0.000107942243757,,-129.037216,33.911289,-38.825305,1000000,100.000000,0,25.000000,0.513729,89.788101,0,0,20.000000,0.125418,33.911056,0.015149,50000
195,11.529758,Series RL,0.321431,0.000109467167746,,-88.420249,34.391624,2.115257,1000000,100.000000,0,25.000000,0.520893,89.464492,0,0,20.000000,0.321431,34.390125,0.015146,50000
196,11.586193,Series RL,0.161762,0.000108029196469,,141.422058,33.938758,-128.304855,1000000,100.000000,0,25.000000,0.514133,89.726905,0,0,20.000000,0.161762,33.938373,0.015149,50000
197,11.643648,Series RL,0.330284,0.00010792025491,,-7.222057,33.905757,83.336090,1000000,100.000000,0,25.000000,0.513554,89.441856,0,0,20.000000,0.330284,33.904148,0.015147,50000
198,11.701345,Series RL,0.250638,0.000109058884387,,0.364372,34.262775,90.783508,1000000,100.000000,0,25.000000,0.518967,89.580871,0,0,20.000000,0.250638,34.261859,0.015147,50000
199,11.759984,Series RL,0.214023,0.000108383917823,,124.604164,34.050483,-145.035675,1000000,100.000000,0,25.000000,0.515875,89.639862,0,0,20.000000,0.214023,34.049812,0.015150,50000
200,11.817649,Series RL,0.350251,0.000109653834213,,146.449874,34.450550,-122.967567,1000000,100.000000,0,25.000000,0.522034,89.417480,0,0,20.000000,0.350251,34.448768,0.015153,50000
201,11.875164,Series RL,0.258479,0.00010856084719,,142.825485,34.106376,-126.740249,1000000,100.000000,0,25.000000,0.516712,89.565773,0,0,20.000000,0.258479,34.105396,0.015150,50000
202,11.936333,Series RL,0.369674,0.000109022944018,,79.965766,34.252563,170.584152,1000000,100.000000,0,25.000000,0.518839,89.381614,0,0,20.000000,0.369674,34.250568,0.015147,50000
203,11.993763,Series RL,0.338014,0.000109554362373,,20.221895,34.419178,110.784584,1000000,100.000000,0,25.000000,0.521437,89.437316,0,0,20.000000,0.338014,34.417518,0.015150,50000
204,12.049127,Series RL,0.284283,0.00010822874812,,-152.228225,34.002254,-61.749176,1000000,100.000000,0,25.000000,0.514935,89.520957,0,0,20.000000,0.284283,34.001064,0.015144,50000
205,12.106424,Series RL,0.360766,0.000109745376953,,-30.541225,34.479415,60.058288,1000000,100.000000,0,25.000000,0.522200,89.400489,0,0,20.000000,0.360766,34.477527,0.015145,50000
206,12.169596,Series RL,0.177780,0.000108283583364,,124.441184,34.018756,-145.259368,1000000,100.000000,0,25.000000,0.515440,89.700576,0,0,20.000000,0.177780,34.018291,0.015152,50000
207,12.227823,Series RL,0.260079,0.000107799921041,,65.172645,33.867343,155.612640,1000000,100.000000,0,25.000000,0.512955,89.560005,0,0,20.000000,0.260079,33.866344,0.015146,50000
208,12.289690,Series RL,0.176700,0.00010776332177,,103.857627,33.855308,-165.843307,1000000,100.000000,0,25.000000,0.512819,89.700950,0,0,20.000000,0.176700,33.854846,0.015147,50000
209,12.349920,Series RL,0.360976,0.000109742925967,,38.979167,34.478645,129.579040,1000000,100.000000,0,25.000000,0.522320,89.400131,0,0,20.000000,0.360976,34.476757,0.015149,50000
210,12.409150,Series RL,0.298201,0.000109236313501,,19.283826,34.318893,109.781684,1000000,100.000000,0,25.000000,0.519848,89.502136,0,0,20.000000,0.298201,34.317600,0.015148,50000
211,12.466618,Series RL,0.146609,0.000108303738746,,-110.023101,34.024940,-19.776216,1000000,100.000000,0,25.000000,0.515433,89.753120,0,0,20.000000,0.146609,34.024623,0.015149,50000
212,12.524595,Series RL,0.337274,0.000109507335271,,-123.901626,34.404396,-33.339927,1000000,100.000000,0,25.000000,0.521250,89.438301,0,0,20.000000,0.337274,34.402744,0.015151,50000
213,12.581768,Series RL,0.381232,0.00010966354903,,38.869068,34.453929,129.503067,1000000,100.000000,0,25.000000,0.521938,89.366012,0,0,20.000000,0.381232,34.451820,0.015149,50000
214,12.639352,Series RL,0.296710,0.000108257803446,,-44.257675,34.011486,46.242172,1000000,100.000000,0,25.000000,0.515034,89.500152,0,0,20.000000,0.296710,34.010192,0.015143,50000
215,12.697857,Series RL,0.198083,0.000108541796343,,-126.788337,34.099983,-36.455509,1000000,100.000000,0,25.000000,0.516617,89.667167,0,0,20.000000,0.198083,34.099411,0.015150,50000
216,12.755626,Series RL,0.254486,0.000107807802394,,-24.711494,33.869777,65.719009,1000000,100.000000,0,25.000000,0.512961,89.569496,0,0,20.000000,0.254486,33.868820,0.015145,50000
217,12.815104,Series RL,0.297937,0.000108064446106,,-115.709564,33.950752,-25.206750,1000000,100.000000,0,25.000000,0.514254,89.497192,0,0,20.000000,0.297937,33.949447,0.015147,50000
218,12.875917,Series RL,0.369037,0.000109775915603,,5.327702,34.489097,95.940788,1000000,100.000000,0,25.000000,0.522432,89.386917,0,0,20.000000,0.369037,34.487121,0.015148,50000
219,12.932937,Series RL,0.347813,0.0001095689346,,-48.102581,34.423854,42.476341,1000000,100.000000,0,25.000000,0.521379,89.421081,0,0,20.000000,0.347813,34.422096,0.015146,50000
220,12.990313,Series RL,0.261155,0.000107632814717,,-23.020669,33.814857,67.421844,1000000,100.000000,0,25.000000,0.512253,89.557495,0,0,20.000000,0.261155,33.813846,0.015149,50000
221,13.052412,Series RL,0.362442,0.000109542425752,,-15.624905,34.415676,74.978507,1000000,100.000000,0,25.000000,0.521406,89.396583,0,0,20.000000,0.362442,34.413768,0.015150,50000
222,13.111512,Series RL,0.255823,0.000107594251474,,102.638511,33.802700,-166.927886,1000000,100.000000,0,25.000000,0.511975,89.566375,0,0,20.000000,0.255823,33.801731,0.015146,50000
223,13.168450,Series RL,0.323496,0.000108986249254,,98.060104,34.240566,-171.398605,1000000,100.000000,0,25.000000,0.518651,89.458671,0,0,20.000000,0.323496,34.239040,0.015147,50000
224,13.228358,Series RL,0.132414,0.000107805481915,,-147.594161,33.868350,-57.370159,1000000,100.000000,0,25.000000,0.513031,89.775993,0,0,20.000000,0.132414,33.868091,0.015148,50000
225,13.289365,Series RL,0.267376,0.000107906277923,,10.824623,33.900814,101.276519,1000000,100.000000,0,25.000000,0.513441,89.548103,0,0,20.000000,0.267376,33.899757,0.015145,50000
226,13.347154,Series RL,0.308108,0.000108132688562,,-133.898391,33.972282,-43.378746,1000000,100.000000,0,25.000000,0.514467,89.480354,0,0,20.000000,0.308108,33.970886,0.015144,50000
227,13.406035,Series RL,0.410131,0.000109798464676,,111.999481,34.496643,-157.319320,1000000,100.000000,0,25.000000,0.522621,89.318794,0,0,20.000000,0.410131,34.494205,0.015150,50000
228,13.463463,Series RL,0.306698,0.000109411215234,,-142.052001,34.373916,-51.540779,1000000,100.000000,0,25.000000,0.520682,89.488769,0,0,20.000000,0.306698,34.372547,0.015148,50000
229,13.522279,Series RL,0.397232,0.000108744149121,,-63.794937,34.165290,26.871248,1000000,100.000000,0,25.000000,0.517389,89.333824,0,0,20.000000,0.397232,34.162982,0.015144,50000
230,13.579373,Series RL,0.274252,0.000107779861152,,-150.700759,33.861152,-60.236694,1000000,100.000000,0,25.000000,0.512973,89.535942,0,0,20.000000,0.274252,33.860042,0.015149,50000
231,13.635846,Series RL,0.159642,0.000107764598193,,68.287734,33.855625,158.557907,1000000,100.000000,0,25.000000,0.512910,89.729820,0,0,20.000000,0.159642,33.855247,0.015150,50000
232,13.692745,Series RL,0.388268,0.000109743642164,,-104.545173,34.479167,-13.899952,1000000,100.000000,0,25.000000,0.522328,89.354782,0,0,20.000000,0.388268,34.476982,0.015149,50000
233,13.760638,Series RL,0.137622,0.000107856214144,,122.887680,33.884307,-146.879623,1000000,100.000000,0,25.000000,0.513323,89.767288,0,0,20.000000,0.137622,33.884029,0.015149,50000
234,13.822369,Series RL,0.294137,0.000109357519539,,-178.859985,34.356937,-88.369461,1000000,100.000000,0,25.000000,0.520425,89.509468,0,0,20.000000,0.294137,34.355678,0.015148,50000
235,13.881413,Series RL,0.375429,0.000109614554773,,-177.448455,34.438476,-86.823829,1000000,100.000000,0,25.000000,0.521622,89.375373,0,0,20.000000,0.375429,34.436428,0.015146,50000
236,13.941392,Series RL,0.362814,0.000109739246304,,-158.854064,34.477512,-68.251113,1000000,100.000000,0,25.000000,0.522289,89.397048,0,0,20.000000,0.362814,34.475601,0.015149,50000
237,14.004245,Series RL,0.266782,0.000109409709628,,-16.179315,34.373107,74.265380,1000000,100.000000,0,25.000000,0.520664,89.555297,0,0,20.000000,0.266782,34.372074,0.015147,50000
238,14.061965,Series RL,0.340909,0.000108637394352,,-99.065490,34.131145,-8.493195,1000000,100.000000,0,25.000000,0.516818,89.427703,0,0,20.000000,0.340909,34.129444,0.015142,50000
239,14.120205,Series RL,0.229286,0.00010759168908,,-4.781442,33.801704,85.607223,1000000,100.000000,0,25.000000,0.512024,89.611343,0,0,20.000000,0.229286,33.800926,0.015148,50000
240,14.177282,Series RL,0.251102,0.000107634539957,,65.683265,33.815322,156.108734,1000000,100.000000,0,25.000000,0.512164,89.574531,0,0,20.000000,0.251102,33.814388,0.015146,50000
241,14.242151,Series RL,0.339015,0.000109680658187,,21.389417,34.458866,111.953125,1000000,100.000000,0,25.000000,0.522050,89.436294,0,0,20.000000,0.339015,34.457195,0.015150,50000
242,14.301265,Series RL,0.256292,0.000109379947654,,-178.573455,34.363681,-88.146110,1000000,100.000000,0,25.000000,0.520537,89.572669,0,0,20.000000,0.256292,34.362724,0.015148,50000
243,14.358995,Series RL,0.322437,0.000109435887433,,-16.137678,34.381809,74.399658,1000000,100.000000,0,25.000000,0.520886,89.462661,0,0,20.000000,0.322437,34.380298,0.015150,50000
244,14.420029,Series RL,0.357278,0.000109005736186,,-46.133502,34.247028,44.464241,1000000,100.000000,0,25.000000,0.518621,89.402252,0,0,20.000000,0.357278,34.245162,0.015144,50000
245,14.478922,Series RL,0.174407,0.000108083242305,,159.460479,33.955799,-110.245231,1000000,100.000000,0,25.000000,0.514392,89.705703,0,0,20.000000,0.174407,33.955352,0.015149,50000
246,14.535863,Series RL,0.164551,0.0001077364405,,-57.790557,33.846801,32.488002,1000000,100.000000,0,25.000000,0.512607,89.721443,0,0,20.000000,0.164551,33.846401,0.015145,50000
247,14.593248,Series RL,0.425115,0.00010966635334,,148.812866,34.455322,-120.480194,1000000,100.000000,0,25.000000,0.521852,89.293052,0,0,20.000000,0.425115,34.452701,0.015146,50000
248,14.650355,Series RL,0.422483,0.000109663233903,,-121.707160,34.454311,-31.004579,1000000,100.000000,0,25.000000,0.521925,89.297409,0,0,20.000000,0.422483,34.451721,0.015148,50000
249,14.708860,Series RL,0.299038,0.000109353585229,,73.275550,34.355747,163.774276,1000000,100.000000,0,25.000000,0.520455,89.501281,0,0,20.000000,0.299038,34.354442,0.015149,50000
250,14.767252,Series RL,0.285517,0.000109063681317,,-35.508991,34.264556,54.968448,1000000,100.000000,0,25.000000,0.518988,89.522567,0,0,20.000000,0.285517,34.263366,0.015146,50000
251,14.824780,Series RL,0.268651,0.000109431650729,,19.839672,34.380016,110.287399,1000000,100.000000,0,25.000000,0.520907,89.552268,0,0,20.000000,0.268651,34.378967,0.015151,50000
252,14.882237,Series RL,0.137502,0.000107813095887,,158.357223,33.870761,-111.410140,1000000,100.000000,0,25.000000,0.513022,89.767395,0,0,20.000000,0.137502,33.870483,0.015146,50000
253,14.941346,Series RL,0.142468,0.000107928607362,,158.716171,33.907070,-111.043113,1000000,100.000000,0,25.000000,0.513677,89.759254,0,0,20.000000,0.142468,33.906772,0.015150,50000
254,15.000338,Series RL,0.311159,0.000108598197672,,-63.063591,34.118549,27.458950,1000000,100.000000,0,25.000000,0.516681,89.477455,0,0,20.000000,0.311159,34.117130,0.015144,50000
255,15.058595,Series RL,0.149897,0.00010811534704,,69.807014,33.965770,160.059875,1000000,100.000000,0,25.000000,0.514615,89.747146,0,0,20.000000,0.149897,33.965438,0.015151,50000
256,15.116307,Series RL,0.175144,0.000108325877198,,16.316583,34.032028,106.611457,1000000,100.000000,0,25.000000,0.515537,89.705131,0,0,20.000000,0.175144,34.031578,0.015149,50000
257,15.173579,Series RL,0.350741,0.000109465588929,,-177.988494,34.391418,-87.404151,1000000,100.000000,0,25.000000,0.520919,89.415664,0,0,20.000000,0.350741,34.389629,0.015147,50000
258,15.233694,Series RL,0.179099,0.000108146579606,,-164.062240,33.975723,-73.760200,1000000,100.000000,0,25.000000,0.514714,89.697967,0,0,20.000000,0.179099,33.975250,0.015149,50000
259,15.292926,Series RL,0.326058,0.000109374374048,,146.055862,34.362522,-123.400444,1000000,100.000000,0,25.000000,0.520689,89.456321,0,0,20.000000,0.326058,34.360973,0.015153,50000
260,15.350570,Series RL,0.141340,0.000107907067332,,122.671585,33.900299,-147.089492,1000000,100.000000,0,25.000000,0.513574,89.761116,0,0,20.000000,0.141340,33.900005,0.015150,50000
261,15.409859,Series RL,0.370071,0.000109196750765,,25.478044,34.307167,116.096107,1000000,100.000000,0,25.000000,0.519602,89.381935,0,0,20.000000,0.370071,34.305171,0.015146,50000
262,15.467651,Series RL,0.252602,0.00010766082917,,-60.058670,33.823589,30.369230,1000000,100.000000,0,25.000000,0.512268,89.572097,0,0,20.000000,0.252602,33.822647,0.015145,50000
263,15.525476,Series RL,0.336222,0.000109060975683,,7.803707,34.264167,98.365943,1000000,100.000000,0,25.000000,0.519009,89.437767,0,0,20.000000,0.336222,34.262516,0.015147,50000
264,15.583125,Series RL,0.398071,0.000109725377543,,-68.308395,34.473541,22.353227,1000000,100.000000,0,25.000000,0.522152,89.338378,0,0,20.000000,0.398071,34.471244,0.015146,50000
265,15.640713,Series RL,0.212315,0.000108606394152,,161.160446,34.120365,-108.483032,1000000,100.000000,0,25.000000,0.516852,89.643478,0,0,20.000000,0.212315,34.119705,0.015148,50000
266,15.698472,Series RL,0.229124,0.00010767069996,,-23.713418,33.826522,66.674682,1000000,100.000000,0,25.000000,0.512290,89.611907,0,0,20.000000,0.229124,33.825748,0.015145,50000
267,15.763874,Series RL,0.159015,0.000107979887084,,-56.570751,33.923255,33.697826,1000000,100.000000,0,25.000000,0.513879,89.731422,0,0,20.000000,0.159015,33.922882,0.015148,50000
268,15.824445,Series RL,0.253719,0.000108908658037,,-108.378959,34.215606,-17.954076,1000000,100.000000,0,25.000000,0.518350,89.575126,0,0,20.000000,0.253719,34.214664,0.015150,50000
269,15.884748,Series RL,0.106547,0.000108196143638,,123.620452,33.990989,-146.199951,1000000,100.000000,0,25.000000,0.514922,89.820396,0,0,20.000000,0.106547,33.990821,0.015149,50000
270,15.943032,Series RL,0.168715,0.000108005020833,,51.627666,33.931198,141.912551,1000000,100.000000,0,25.000000,0.514053,89.715103,0,0,20.000000,0.168715,33.930778,0.015150,50000
271,16.001804,Series RL,0.186433,0.000107806732873,,-93.962478,33.868999,-3.647082,1000000,100.000000,0,25.000000,0.513085,89.684600,0,0,20.000000,0.186433,33.868484,0.015149,50000
272,16.060229,Series RL,0.360657,0.000109673372073,,-141.366500,34.456794,-50.766773,1000000,100.000000,0,25.000000,0.521943,89.400276,0,0,20.000000,0.360657,34.454906,0.015148,50000
273,16.127019,Series RL,0.369946,0.000109434273602,,-101.149162,34.381782,-10.532648,1000000,100.000000,0,25.000000,0.520765,89.383491,0,0,20.000000,0.369946,34.379791,0.015147,50000
274,16.189367,Series RL,0.149921,0.000108193740398,,-164.094390,33.990394,-73.841682,1000000,100.000000,0,25.000000,0.514990,89.747276,0,0,20.000000,0.149921,33.990066,0.015151,50000
275,16.248390,Series RL,0.162699,0.000108200517216,,-2.348267,33.992584,87.925971,1000000,100.000000,0,25.000000,0.514919,89.725761,0,0,20.000000,0.162699,33.992195,0.015148,50000
276,16.310988,Series RL,0.256174,0.000107552298231,,120.092094,33.789524,-149.473495,1000000,100.000000,0,25.000000,0.511834,89.565605,0,0,20.000000,0.256174,33.788551,0.015148,50000
277,16.370264,Series RL,0.238747,0.000107540508033,,174.603668,33.785690,-94.991455,1000000,100.000000,0,25.000000,0.511889,89.595108,0,0,20.000000,0.238747,33.784847,0.015151,50000
278,16.429517,Series RL,0.413271,0.000109666913566,,-120.412574,34.455356,-29.725324,1000000,100.000000,0,25.000000,0.522008,89.312751,0,0,20.000000,0.413271,34.452877,0.015150,50000
279,16.486606,Series RL,0.413035,0.00010964681548,,-176.109771,34.449039,-85.422790,1000000,100.000000,0,25.000000,0.521818,89.313026,0,0,20.000000,0.413035,34.446563,0.015148,50000
280,16.542618,Series RL,0.190194,0.000107600089278,,85.995285,33.804100,176.317657,1000000,100.000000,0,25.000000,0.512045,89.677627,0,0,20.000000,0.190194,33.803565,0.015147,50000
281,16.601000,Series RL,0.305856,0.000108336235002,,-62.184349,34.036205,28.330533,1000000,100.000000,0,25.000000,0.515395,89.485115,0,0,20.000000,0.305856,34.034832,0.015143,50000
282,16.658307,Series RL,0.368728,0.000108546154006,,-26.996139,34.102775,63.623371,1000000,100.000000,0,25.000000,0.516471,89.380485,0,0,20.000000,0.368728,34.100780,0.015145,50000
283,16.719158,Series RL,0.369248,0.000109543555752,,38.576915,34.416103,129.191665,1000000,100.000000,0,25.000000,0.521345,89.385269,0,0,20.000000,0.369248,34.414123,0.015148,50000
284,16.779979,Series RL,0.383518,0.000109697245315,,4.993656,34.464542,95.631256,1000000,100.000000,0,25.000000,0.521950,89.362396,0,0,20.000000,0.383518,34.462406,0.015145,50000
285,16.840985,Series RL,0.370549,0.000109644399507,,-123.421051,34.447795,-32.804710,1000000,100.000000,0,25.000000,0.521921,89.383666,0,0,20.000000,0.370549,34.445804,0.015151,50000
286,16.899555,Series RL,0.344166,0.000109494924368,,91.885429,34.400566,-177.541351,1000000,100.000000,0,25.000000,0.521225,89.426765,0,0,20.000000,0.344166,34.398845,0.015152,50000
287,16.959727,Series RL,0.361984,0.000109485782508,,-52.050765,34.397876,38.552192,1000000,100.000000,0,25.000000,0.521067,89.397041,0,0,20.000000,0.361984,34.395973,0.015148,50000
288,17.018284,Series RL,0.333774,0.000108510964848,,-98.794853,34.091358,-8.233890,1000000,100.000000,0,25.000000,0.516183,89.439033,0,0,20.000000,0.333774,34.089725,0.015141,50000
289,17.075757,Series RL,0.253123,0.000107693564159,,101.406097,33.833877,-168.165237,1000000,100.000000,0,25.000000,0.512598,89.571350,0,0,20.000000,0.253123,33.832931,0.015150,50000
290,17.132324,Series RL,0.340683,0.000108697704526,,152.609313,34.150093,-116.819084,1000000,100.000000,0,25.000000,0.517017,89.428405,0,0,20.000000,0.340683,34.148391,0.015140,50000
291,17.187851,Series RL,0.391890,0.000108883887161,,-100.108352,34.209129,-9.451973,1000000,100.000000,0,25.000000,0.517994,89.343620,0,0,20.000000,0.391890,34.206882,0.015142,50000
292,17.245904,Series RL,0.402547,0.000109688514075,,-14.543410,34.462013,76.125869,1000000,100.000000,0,25.000000,0.522114,89.330711,0,0,20.000000,0.402547,34.459663,0.015150,50000
293,17.307577,Series RL,0.253503,0.000109124516703,,-179.674835,34.283416,-89.251152,1000000,100.000000,0,25.000000,0.519336,89.576332,0,0,20.000000,0.253503,34.282478,0.015148,50000
294,17.367921,Series RL,0.234962,0.000107563178063,,156.864288,33.792785,-112.737297,1000000,100.000000,0,25.000000,0.511816,89.601615,0,0,20.000000,0.234962,33.791969,0.015146,50000
295,17.425573,Series RL,0.232024,0.000107639263675,,-168.078109,33.816669,-77.684982,1000000,100.000000,0,25.000000,0.512265,89.606872,0,0,20.000000,0.232024,33.815872,0.015148,50000
296,17.482492,Series RL,0.116532,0.000108016543651,,159.239379,33.934600,-110.563842,1000000,100.000000,0,25.000000,0.514092,89.803245,0,0,20.000000,0.116532,33.934398,0.015149,50000
297,17.539737,Series RL,0.244464,0.000107665514692,,66.003158,33.825004,156.417251,1000000,100.000000,0,25.000000,0.512347,89.585899,0,0,20.000000,0.244464,33.824119,0.015147,50000
298,17.596353,Series RL,0.240764,0.000108810920986,,-144.385742,34.184806,-53.982200,1000000,100.000000,0,25.000000,0.517906,89.596458,0,0,20.000000,0.240764,34.183959,0.015150,50000
299,17.653445,Series RL,0.285784,0.000107988433705,,10.782993,33.926769,101.265632,1000000,100.000000,0,25.000000,0.513727,89.517356,0,0,20.000000,0.285784,33.925567,0.015142,50000
300,17.711577,Series RL,0.389405,0.000109678324975,,166.377136,34.458663,-102.975364,1000000,100.000000,0,25.000000,0.521934,89.352500,0,0,20.000000,0.389405,34.456462,0.015147,50000
301,17.769458,Series RL,0.373062,0.000109348158046,,6.976596,34.354763,97.598793,1000000,100.000000,0,25.000000,0.520311,89.377807,0,0,20.000000,0.373062,34.352737,0.015145,50000
302,17.825482,Series RL,0.256389,0.000107627362069,,66.001899,33.813106,156.436355,1000000,100.000000,0,25.000000,0.512135,89.565551,0,0,20.000000,0.256389,33.812133,0.015146,50000
303,17.890113,Series RL,0.286544,0.000108194615751,,-98.068641,33.991550,-7.585641,1000000,100.000000,0,25.000000,0.514793,89.516998,0,0,20.000000,0.286544,33.990341,0.015145,50000
304,17.946765,Series RL,0.146697,0.000108010024664,,-128.709655,33.932666,-38.461948,1000000,100.000000,0,25.000000,0.514015,89.752288,0,0,20.000000,0.146697,33.932350,0.015148,50000
305,18.004488,Series RL,0.231729,0.000108747357685,,-0.540847,34.164775,89.847770,1000000,100.000000,0,25.000000,0.517456,89.611381,0,0,20.000000,0.231729,34.163990,0.015146,50000
306,18.061453,Series RL,0.137444,0.000107843695017,,50.602153,33.880374,140.834579,1000000,100.000000,0,25.000000,0.513197,89.767562,0,0,20.000000,0.137444,33.880096,0.015147,50000
307,18.119407,Series RL,0.231248,0.000108640233676,,-72.641548,34.131118,17.746652,1000000,100.000000,0,25.000000,0.517106,89.611801,0,0,20.000000,0.231248,34.130336,0.015151,50000
308,18.175093,Series RL,0.280130,0.000108961064576,,-53.951698,34.232273,36.517166,1000000,100.000000,0,25.000000,0.518524,89.531135,0,0,20.000000,0.280130,34.231128,0.015147,50000
309,18.237381,Series RL,0.141345,0.000107898702148,,32.607959,33.897674,122.846870,1000000,100.000000,0,25.000000,0.513665,89.761085,0,0,20.000000,0.141345,33.897377,0.015153,50000
310,18.298043,Series RL,0.230932,0.000107547342146,,139.255615,33.787784,-130.352783,1000000,100.000000,0,25.000000,0.511740,89.608390,0,0,20.000000,0.230932,33.786994,0.015146,50000
311,18.354154,Series RL,0.391533,0.000109725536697,,-86.311141,34.473518,4.339618,1000000,100.000000,0,25.000000,0.522103,89.349243,0,0,20.000000,0.391533,34.471294,0.015145,50000
312,18.413482,Series RL,0.221368,0.000107666097199,,31.782064,33.825027,122.157043,1000000,100.000000,0,25.000000,0.512355,89.625015,0,0,20.000000,0.221368,33.824302,0.015147,50000
313,18.472907,Series RL,0.325086,0.000108655401142,,-171.152969,34.136650,-80.607337,1000000,100.000000,0,25.000000,0.517042,89.454353,0,0,20.000000,0.325086,34.135101,0.015146,50000
314,18.529674,Series RL,0.397955,0.00010959847694,,128.787155,34.433677,-140.550659,1000000,100.000000,0,25.000000,0.521617,89.337806,0,0,20.000000,0.397955,34.431377,0.015148,50000
315,18.589814,Series RL,0.393519,0.000109730441853,,-139.072296,34.475082,-48.418266,1000000,100.000000,0,25.000000,0.522183,89.345970,0,0,20.000000,0.393519,34.472835,0.015147,50000
316,18.648232,Series RL,0.148473,0.000107754447291,,-111.420104,33.852386,-21.168813,1000000,100.000000,0,25.000000,0.512799,89.748710,0,0,20.000000,0.148473,33.852058,0.015148,50000
317,18.708454,Series RL,0.173223,0.000108344940777,,-128.232894,34.038009,-37.941303,1000000,100.000000,0,25.000000,0.515541,89.708412,0,0,20.000000,0.173223,34.037567,0.015146,50000
318,18.764523,Series RL,0.380862,0.000109670469087,,20.609889,34.456100,111.243232,1000000,100.000000,0,25.000000,0.521839,89.366661,0,0,20.000000,0.380862,34.453994,0.015145,50000
319,18.828627,Series RL,0.169472,0.0001080980087,,87.815376,33.960414,178.101318,1000000,100.000000,0,25.000000,0.514425,89.714073,0,0,20.000000,0.169472,33.959991,0.015148,50000
320,18.890473,Series RL,0.365105,0.000109543590767,,-15.733666,34.416072,74.874176,1000000,100.000000,0,25.000000,0.521276,89.392166,0,0,20.000000,0.365105,34.414134,0.015146,50000
321,18.950278,Series RL,0.355773,0.000109637820042,,-87.431083,34.445575,3.160721,1000000,100.000000,0,25.000000,0.521757,89.408203,0,0,20.000000,0.355773,34.443737,0.015147,50000
322,19.010294,Series RL,0.355624,0.000109780932167,,22.214752,34.490531,112.805534,1000000,100.000000,0,25.000000,0.522481,89.409217,0,0,20.000000,0.355624,34.488697,0.015149,50000
323,19.068200,Series RL,0.404932,0.000109719221429,,21.486577,34.471691,112.159645,1000000,100.000000,0,25.000000,0.522144,89.326942,0,0,20.000000,0.404932,34.469310,0.015147,50000
324,19.128006,Series RL,0.138046,0.000107887758654,,-165.301757,33.894222,-75.068405,1000000,100.000000,0,25.000000,0.513422,89.766639,0,0,20.000000,0.138046,33.893939,0.015148,50000
325,19.188619,Series RL,0.260098,0.000109034893371,,162.169448,34.255310,-107.395484,1000000,100.000000,0,25.000000,0.518966,89.564949,0,0,20.000000,0.260098,34.254322,0.015150,50000
326,19.247641,Series RL,0.335920,0.000109651819311,,20.746442,34.449771,111.305145,1000000,100.000000,0,25.000000,0.521800,89.441299,0,0,20.000000,0.335920,34.448135,0.015147,50000
327,19.307234,Series RL,0.246674,0.000107753549657,,65.374298,33.852672,155.791793,1000000,100.000000,0,25.000000,0.512692,89.582496,0,0,20.000000,0.246674,33.851776,0.015145,50000
328,19.365598,Series RL,0.214026,0.000108334010016,,-73.650032,34.034805,16.710269,1000000,100.000000,0,25.000000,0.515725,89.639694,0,0,20.000000,0.214026,34.034133,0.015153,50000
329,19.426515,Series RL,0.282041,0.000109074876276,,-125.517967,34.268047,-35.046382,1000000,100.000000,0,25.000000,0.519183,89.528419,0,0,20.000000,0.282041,34.266883,0.015151,50000
330,19.483370,Series RL,0.292338,0.000109100388813,,54.745948,34.276145,145.234619,1000000,100.000000,0,25.000000,0.519260,89.511322,0,0,20.000000,0.292338,34.274898,0.015149,50000
331,19.539679,Series RL,0.159579,0.000108247445642,,-109.987693,34.007312,-19.718828,1000000,100.000000,0,25.000000,0.515195,89.731132,0,0,20.000000,0.159579,34.006938,0.015150,50000
332,19.595560,Series RL,0.299026,0.000109328266861,,91.414459,34.347789,-178.086700,1000000,100.000000,0,25.000000,0.520377,89.501182,0,0,20.000000,0.299026,34.346488,0.015150,50000
333,19.652294,Series RL,0.283906,0.000109138480957,,-35.436561,34.288040,55.037860,1000000,100.000000,0,25.000000,0.519355,89.525588,0,0,20.000000,0.283906,34.286865,0.015147,50000
334,19.710817,Series RL,0.253443,0.000108863585357,,-108.251602,34.201442,-17.827018,1000000,100.000000,0,25.000000,0.518124,89.575416,0,0,20.000000,0.253443,34.200504,0.015149,50000
335,19.769252,Series RL,0.160002,0.000108152516085,,-20.028099,33.977493,70.241714,1000000,100.000000,0,25.000000,0.514799,89.730186,0,0,20.000000,0.160002,33.977115,0.015151,50000
336,19.828976,Series RL,0.101606,0.000107991919198,,-128.767471,33.926815,-38.595882,1000000,100.000000,0,25.000000,0.513913,89.828399,0,0,20.000000,0.101606,33.926662,0.015148,50000
337,19.888901,Series RL,0.159389,0.0001081188198,,15.814035,33.966903,106.082893,1000000,100.000000,0,25.000000,0.514568,89.731132,0,0,20.000000,0.159389,33.966529,0.015149,50000
338,19.948711,Series RL,0.345778,0.00010911202304,,-154.004867,34.280296,-63.426929,1000000,100.000000,0,25.000000,0.519253,89.422050,0,0,20.000000,0.345778,34.278553,0.015147,50000
339,20.006921,Series RL,0.371626,0.000109665150129,,-67.401473,34.454326,23.216537,1000000,100.000000,0,25.000000,0.521795,89.381996,0,0,20.000000,0.371626,34.452323,0.015145,50000
340,20.076942,Series RL,0.334236,0.000109674658045,,75.118095,34.456932,165.673873,1000000,100.000000,0,25.000000,0.522001,89.444213,0,0,20.000000,0.334236,34.455310,0.015149,50000
341,20.135071,Series RL,0.359417,0.000109452025745,,60.996505,34.387245,151.595367,1000000,100.000000,0,25.000000,0.520831,89.401130,0,0,20.000000,0.359417,34.385368,0.015146,50000
342,20.192880,Series RL,0.215398,0.000107662831339,,49.751811,33.823963,140.116683,1000000,100.000000,0,25.000000,0.512272,89.635124,0,0,20.000000,0.215398,33.823276,0.015145,50000
343,20.252157,Series RL,0.344038,0.000109538832034,,-173.547088,34.414360,-82.974304,1000000,100.000000,0,25.000000,0.521285,89.427207,0,0,20.000000,0.344038,34.412639,0.015147,50000
344,20.317662,Series RL,0.175912,0.00010822209226,,15.921566,33.999427,106.218017,1000000,100.000000,0,25.000000,0.515091,89.703544,0,0,20.000000,0.175912,33.998973,0.015150,50000
345,20.374300,Series RL,0.269329,0.000107901834317,,-151.146011,33.899429,-60.690799,1000000,100.000000,0,25.000000,0.513537,89.544776,0,0,20.000000,0.269329,33.898361,0.015149,50000
346,20.436252,Series RL,0.307370,0.000109306243,,-52.948032,34.340946,37.564804,1000000,100.000000,0,25.000000,0.520208,89.487167,0,0,20.000000,0.307370,34.339569,0.015148,50000
347,20.494428,Series RL,0.253874,0.000107618875927,,-41.730537,33.810420,48.699680,1000000,100.000000,0,25.000000,0.512237,89.569778,0,0,20.000000,0.253874,33.809467,0.015150,50000
348,20.551076,Series RL,0.338748,0.000107966588097,,46.585041,33.920394,137.157241,1000000,100.000000,0,25.000000,0.513791,89.427803,0,0,20.000000,0.338748,33.918704,0.015147,50000
349,20.607386,Series RL,0.199080,0.000108664883593,,-162.936859,34.138660,-72.602737,1000000,100.000000,0,25.000000,0.517163,89.665878,0,0,20.000000,0.199080,34.138080,0.015149,50000
350,20.664861,Series RL,0.240383,0.000108776753603,,179.589172,34.174068,-90.007789,1000000,100.000000,0,25.000000,0.517838,89.596977,0,0,20.000000,0.240383,34.173225,0.015153,50000
351,20.723404,Series RL,0.251232,0.000108926823982,,71.844230,34.221294,162.264877,1000000,100.000000,0,25.000000,0.518542,89.579360,0,0,20.000000,0.251232,34.220371,0.015153,50000
352,20.782693,Series RL,0.301229,0.000109283776688,,162.783615,34.333831,-106.713684,1000000,100.000000,0,25.000000,0.520129,89.497306,0,0,20.000000,0.301229,34.332511,0.015149,50000
353,20.841061,Series RL,0.323904,0.000109717508922,,-177.084167,34.470294,-86.545783,1000000,100.000000,0,25.000000,0.522224,89.461601,0,0,20.000000,0.323904,34.468772,0.015150,50000
354,20.899642,Series RL,0.109844,0.000107844471693,,-57.488620,33.880519,32.697139,1000000,100.000000,0,25.000000,0.513288,89.814239,0,0,20.000000,0.109844,33.880340,0.015150,50000
355,20.958356,Series RL,0.268574,0.000109070846473,,-89.731750,34.266670,0.717333,1000000,100.000000,0,25.000000,0.519031,89.550918,0,0,20.000000,0.268574,34.265617,0.015147,50000
356,21.020042,Series RL,0.388123,0.000109749043883,,-176.120544,34.480861,-85.475585,1000000,100.000000,0,25.000000,0.522381,89.355056,0,0,20.000000,0.388123,34.478679,0.015150,50000
357,21.079018,Series RL,0.221769,0.000109107455293,,-71.393760,34.277835,18.976926,1000000,100.000000,0,25.000000,0.519242,89.629302,0,0,20.000000,0.221769,34.277118,0.015148,50000
358,21.136484,Series RL,0.109841,0.000107992975987,,87.285514,33.927169,177.471008,1000000,100.000000,0,25.000000,0.513910,89.814498,0,0,20.000000,0.109841,33.926994,0.015147,50000
359,21.194463,Series RL,0.379411,0.000109708198358,,57.146629,34.467933,147.777343,1000000,100.000000,0,25.000000,0.522159,89.369293,0,0,20.000000,0.379411,34.465847,0.015149,50000
360,21.250998,Series RL,0.306742,0.000108199339469,,-98.091003,33.993209,-7.573979,1000000,100.000000,0,25.000000,0.514819,89.482978,0,0,20.000000,0.306742,33.991825,0.015145,50000
361,21.318136,Series RL,0.192349,0.000108133793098,,-92.578750,33.971778,-2.254340,1000000,100.000000,0,25.000000,0.514524,89.675590,0,0,20.000000,0.192349,33.971233,0.015146,50000
362,21.377136,Series RL,0.296335,0.000107724987711,,-132.563034,33.844100,-42.061340,1000000,100.000000,0,25.000000,0.512652,89.498321,0,0,20.000000,0.296335,33.842803,0.015147,50000
363,21.439387,Series RL,0.337772,0.000108638619845,,-153.101272,34.131500,-62.534248,1000000,100.000000,0,25.000000,0.517032,89.432983,0,0,20.000000,0.337772,34.129829,0.015148,50000
364,21.500174,Series RL,0.278391,0.000109306605873,,-179.198028,34.340812,-88.733543,1000000,100.000000,0,25.000000,0.520334,89.535514,0,0,20.000000,0.278391,34.339683,0.015152,50000
365,21.558137,Series RL,0.179323,0.000108084324558,,-56.612983,33.956165,33.689601,1000000,100.000000,0,25.000000,0.514317,89.697418,0,0,20.000000,0.179323,33.955692,0.015147,50000
366,21.615513,Series RL,0.388611,0.000109649196437,,-105.208457,34.449504,-14.562103,1000000,100.000000,0,25.000000,0.521803,89.353652,0,0,20.000000,0.388611,34.447311,0.015147,50000
367,21.672622,Series RL,0.383012,0.000109457427463,,-105.831451,34.389198,-15.193295,1000000,100.000000,0,25.000000,0.520920,89.361846,0,0,20.000000,0.383012,34.387065,0.015148,50000
368,21.730241,Series RL,0.391659,0.000109602178884,,2.829047,34.434768,93.480743,1000000,100.000000,0,25.000000,0.521618,89.348304,0,0,20.000000,0.391659,34.432540,0.015148,50000
369,21.790671,Series RL,0.401396,0.000109829986904,,166.868530,34.506443,-102.464965,1000000,100.000000,0,25.000000,0.522882,89.333488,0,0,20.000000,0.401396,34.504108,0.015153,50000
370,21.848511,Series RL,0.220281,0.000108341283397,,-109.951965,34.037132,-19.581148,1000000,100.000000,0,25.000000,0.515436,89.629188,0,0,20.000000,0.220281,34.036418,0.015143,50000
371,21.907775,Series RL,0.394790,0.000109050713373,,25.563934,34.261566,116.224166,1000000,100.000000,0,25.000000,0.518772,89.339775,0,0,20.000000,0.394790,34.259292,0.015142,50000
372,21.965147,Series RL,0.289942,0.000109248867643,,36.961612,34.322769,127.445625,1000000,100.000000,0,25.000000,0.519852,89.515991,0,0,20.000000,0.289942,34.321544,0.015146,50000
373,22.023488,Series RL,0.357154,0.000109226500007,,79.208641,34.316375,169.804977,1000000,100.000000,0,25.000000,0.519603,89.403671,0,0,20.000000,0.357154,34.314517,0.015142,50000
374,22.081077,Series RL,0.289932,0.000108333975002,,-80.448272,34.035358,10.039811,1000000,100.000000,0,25.000000,0.515358,89.511917,0,0,20.000000,0.289932,34.034122,0.015142,50000
375,22.139247,Series RL,0.221303,0.000107593255164,,-131.209320,33.802143,-40.834205,1000000,100.000000,0,25.000000,0.511885,89.624885,0,0,20.000000,0.221303,33.801418,0.015144,50000
376,22.197802,Series RL,0.194273,0.000107656321902,,49.284336,33.821788,139.613449,1000000,100.000000,0,25.000000,0.512378,89.670890,0,0,20.000000,0.194273,33.821231,0.015149,50000
377,22.256213,Series RL,0.235307,0.00010759743139,,-5.769407,33.803550,84.629432,1000000,100.000000,0,25.000000,0.511878,89.601158,0,0,20.000000,0.235307,33.802730,0.015143,50000
378,22.314893,Series RL,0.383474,0.00010938339495,,97.134147,34.365947,-172.226470,1000000,100.000000,0,25.000000,0.520473,89.360649,0,0,20.000000,0.383474,34.363807,0.015145,50000
379,22.374277,Series RL,0.246640,0.0001077353105,,-112.830635,33.846942,-22.413114,1000000,100.000000,0,25.000000,0.512504,89.582481,0,0,20.000000,0.246640,33.846046,0.015142,50000
380,22.433342,Series RL,0.332914,0.000108002506185,,46.138729,33.931621,136.700897,1000000,100.000000,0,25.000000,0.513950,89.437835,0,0,20.000000,0.332914,33.929988,0.015147,50000
381,22.490513,Series RL,0.355030,0.000109658265086,,128.547439,34.451992,-140.862091,1000000,100.000000,0,25.000000,0.521869,89.409553,0,0,20.000000,0.355030,34.450160,0.015148,50000
382,22.548616,Series RL,0.251879,0.000107630701139,,156.333206,33.814121,-113.240005,1000000,100.000000,0,25.000000,0.512127,89.573204,0,0,20.000000,0.251879,33.813182,0.015145,50000
383,22.604733,Series RL,0.344469,0.000109569116036,,-11.704062,34.423877,78.869293,1000000,100.000000,0,25.000000,0.521390,89.426651,0,0,20.000000,0.344469,34.422153,0.015146,50000
384,22.662207,Series RL,0.322251,0.000108827498565,,-99.332054,34.190685,-8.792026,1000000,100.000000,0,25.000000,0.517707,89.459968,0,0,20.000000,0.322251,34.189167,0.015142,50000
385,22.720534,Series RL,0.148135,0.000107773122532,,-112.265937,33.858249,-22.015256,1000000,100.000000,0,25.000000,0.512750,89.749320,0,0,20.000000,0.148135,33.857925,0.015144,50000
386,22.779297,Series RL,0.118992,0.000107951022744,,-165.415176,33.914024,-75.214149,1000000,100.000000,0,25.000000,0.513666,89.798965,0,0,20.000000,0.118992,33.913814,0.015146,50000
387,22.837054,Series RL,0.383372,0.000109582691953,,24.501054,34.428550,115.139076,1000000,100.000000,0,25.000000,0.521454,89.361984,0,0,20.000000,0.383372,34.426418,0.015146,50000
388,22.895120,Series RL,0.370400,0.000109591773334,,-14.026907,34.431262,76.589477,1000000,100.000000,0,25.000000,0.521485,89.383613,0,0,20.000000,0.370400,34.429271,0.015146,50000
389,22.953544,Series RL,0.189848,0.000108789368224,,-162.636886,34.177715,-72.318611,1000000,100.000000,0,25.000000,0.517765,89.681732,0,0,20.000000,0.189848,34.177188,0.015149,50000
390,23.010457,Series RL,0.390996,0.000109709691231,,165.696395,34.468532,-103.653648,1000000,100.000000,0,25.000000,0.522070,89.350044,0,0,20.000000,0.390996,34.466316,0.015146,50000
391,23.067126,Series RL,0.206319,0.000108431043602,,124.395126,34.065242,-145.257827,1000000,100.000000,0,25.000000,0.516115,89.652976,0,0,20.000000,0.206319,34.064617,0.015151,50000
392,23.125533,Series RL,0.261683,0.000107883509217,,172.908905,33.893615,-96.648727,1000000,100.000000,0,25.000000,0.513331,89.557632,0,0,20.000000,0.261683,33.892604,0.015145,50000
393,23.182300,Series RL,0.129291,0.000108070735909,,-146.224929,33.951671,-56.006744,1000000,100.000000,0,25.000000,0.514262,89.781814,0,0,20.000000,0.129291,33.951423,0.015147,50000
394,23.240277,Series RL,0.095261,0.000108043657287,,123.370780,33.943050,-146.468429,1000000,100.000000,0,25.000000,0.514086,89.839195,0,0,20.000000,0.095261,33.942916,0.015146,50000
395,23.299512,Series RL,0.334378,0.000109467142281,,38.165836,34.391742,128.722915,1000000,100.000000,0,25.000000,0.521020,89.442916,0,0,20.000000,0.334378,34.390117,0.015150,50000
396,23.358423,Series RL,0.207901,0.000108216811499,,-37.940956,33.997951,52.409420,1000000,100.000000,0,25.000000,0.515005,89.649627,0,0,20.000000,0.207901,33.997314,0.015148,50000
397,23.419809,Series RL,0.293157,0.000108309726155,,171.951293,34.027767,-97.555099,1000000,100.000000,0,25.000000,0.515233,89.506370,0,0,20.000000,0.293157,34.026504,0.015142,50000
398,23.477667,Series RL,0.383469,0.000109288573618,,97.042152,34.336158,-172.317962,1000000,100.000000,0,25.000000,0.520070,89.360099,0,0,20.000000,0.383469,34.334018,0.015146,50000
399,23.535157,Series RL,0.300393,0.00010936258385,,-52.562992,34.358581,37.937946,1000000,100.000000,0,25.000000,0.520358,89.499053,0,0,20.000000,0.300393,34.357269,0.015145,50000
400,23.592381,Series RL,0.314418,0.000108513005214,,153.040115,34.091815,-116.431457,1000000,100.000000,0,25.000000,0.516228,89.471565,0,0,20.000000,0.314418,34.090366,0.015142,50000
401,23.648968,Series RL,0.230642,0.000108334532044,,160.174026,34.035079,-109.437698,1000000,100.000000,0,25.000000,0.515640,89.611717,0,0,20.000000,0.230642,34.034297,0.015150,50000
402,23.708266,Series RL,0.126284,0.000107887978288,,-147.035339,33.894245,-56.821853,1000000,100.000000,0,25.000000,0.513426,89.786521,0,0,20.000000,0.126284,33.894008,0.015148,50000
403,23.768345,Series RL,0.396250,0.00010968988599,,131.031494,34.462371,-138.309707,1000000,100.000000,0,25.000000,0.521998,89.341194,0,0,20.000000,0.396250,34.460094,0.015147,50000
404,23.832917,Series RL,0.381606,0.00010960947773,,146.854888,34.436950,-122.510147,1000000,100.000000,0,25.000000,0.521540,89.365074,0,0,20.000000,0.381606,34.434833,0.015145,50000
405,23.891672,Series RL,0.305915,0.000109425641038,,109.529922,34.378440,-159.960235,1000000,100.000000,0,25.000000,0.520708,89.490150,0,0,20.000000,0.305915,34.377079,0.015146,50000
406,23.949603,Series RL,0.298830,0.000109390124021,,19.733837,34.367221,110.232048,1000000,100.000000,0,25.000000,0.520452,89.501792,0,0,20.000000,0.298830,34.365921,0.015144,50000
407,24.007705,Series RL,0.400287,0.000109573585107,,-12.313345,34.425884,78.352882,1000000,100.000000,0,25.000000,0.521278,89.333770,0,0,20.000000,0.400287,34.423557,0.015142,50000
408,24.065868,Series RL,0.142382,0.000107894293556,,-146.989089,33.896289,-56.748405,1000000,100.000000,0,25.000000,0.513407,89.759323,0,0,20.000000,0.142382,33.895992,0.015146,50000
409,24.124057,Series RL,0.334026,0.000108822080931,,-171.467712,34.189098,-80.907913,1000000,100.000000,0,25.000000,0.517741,89.440208,0,0,20.000000,0.334026,34.187465,0.015143,50000
410,24.181013,Series RL,0.251399,0.000107682477425,,-96.458518,33.830383,-6.032742,1000000,100.000000,0,25.000000,0.512244,89.574226,0,0,20.000000,0.251399,33.829448,0.015142,50000
411,24.239343,Series RL,0.333671,0.000108764816982,,44.630813,34.171104,135.190292,1000000,100.000000,0,25.000000,0.517530,89.440513,0,0,20.000000,0.333671,34.169475,0.015145,50000
412,24.298538,Series RL,0.401256,0.000109571446065,,-11.793235,34.425224,78.874610,1000000,100.000000,0,25.000000,0.521411,89.332153,0,0,20.000000,0.401256,34.422885,0.015146,50000
413,24.356234,Series RL,0.141911,0.000107846426115,,-93.703186,33.881252,-3.463207,1000000,100.000000,0,25.000000,0.513195,89.760017,0,0,20.000000,0.141911,33.880954,0.015147,50000
414,24.415369,Series RL,0.383128,0.000109772601997,,39.323787,34.488204,129.960311,1000000,100.000000,0,25.000000,0.522603,89.363487,0,0,20.000000,0.383128,34.486080,0.015153,50000
415,24.473402,Series RL,0.355341,0.000109471913746,,-65.896926,34.393451,24.695047,1000000,100.000000,0,25.000000,0.520837,89.408027,0,0,20.000000,0.355341,34.391616,0.015143,50000
416,24.531336,Series RL,0.350925,0.000108431820278,,-170.911148,34.066669,-80.320922,1000000,100.000000,0,25.000000,0.515894,89.409774,0,0,20.000000,0.350925,34.064861,0.015144,50000
417,24.588429,Series RL,0.294867,0.000109356026666,,55.318817,34.356475,145.810577,1000000,100.000000,0,25.000000,0.520492,89.508247,0,0,20.000000,0.294867,34.355209,0.015150,50000
418,24.645775,Series RL,0.365347,0.00010951793499,,-65.730072,34.408012,24.878311,1000000,100.000000,0,25.000000,0.521005,89.391616,0,0,20.000000,0.365347,34.406074,0.015142,50000
419,24.702017,Series RL,0.297958,0.00010851744882,,-134.840286,34.093063,-44.339546,1000000,100.000000,0,25.000000,0.516205,89.499252,0,0,20.000000,0.297958,34.091762,0.015141,50000
420,24.760502,Series RL,0.212975,0.000107608129785,,103.324653,33.806762,-166.314392,1000000,100.000000,0,25.000000,0.512087,89.639045,0,0,20.000000,0.212975,33.806091,0.015147,50000
421,24.817832,Series RL,0.191301,0.000108555114429,,-109.113067,34.104133,-18.791673,1000000,100.000000,0,25.000000,0.516561,89.678604,0,0,20.000000,0.191301,34.103595,0.015147,50000
422,24.878547,Series RL,0.271976,0.000108026949201,,-61.484981,33.938758,28.974182,1000000,100.000000,0,25.000000,0.513910,89.540840,0,0,20.000000,0.271976,33.937667,0.015142,50000
423,24.937741,Series RL,0.204241,0.000107576266966,,103.566688,33.796699,-166.087081,1000000,100.000000,0,25.000000,0.511878,89.653739,0,0,20.000000,0.204241,33.796081,0.015146,50000
424,24.994260,Series RL,0.283720,0.000109237150656,,91.153205,34.319034,-178.373107,1000000,100.000000,0,25.000000,0.519839,89.526321,0,0,20.000000,0.283720,34.317863,0.015147,50000
425,25.050908,Series RL,0.280054,0.000107648431,,-78.158714,33.819911,12.315744,1000000,100.000000,0,25.000000,0.512237,89.525535,0,0,20.000000,0.280054,33.818752,0.015146,50000
426,25.108235,Series RL,0.369193,0.000109285527393,,79.273773,34.335044,169.889877,1000000,100.000000,0,25.000000,0.519998,89.383903,0,0,20.000000,0.369193,34.333061,0.015145,50000
427,25.163717,Series RL,0.315023,0.000108476345465,,-80.834144,34.080307,9.695481,1000000,100.000000,0,25.000000,0.516076,89.470367,0,0,20.000000,0.315023,34.078849,0.015143,50000
428,25.222847,Series RL,0.279140,0.000108143979014,,-169.884643,33.975582,-79.413909,1000000,100.000000,0,25.000000,0.514470,89.529258,0,0,20.000000,0.279140,33.974433,0.015142,50000
429,25.280512,Series RL,0.190932,0.000108511681045,,161.043472,34.090484,-108.635612,1000000,100.000000,0,25.000000,0.516441,89.679100,0,0,20.000000,0.190932,34.089950,0.015149,50000
430,25.339910,Series RL,0.213894,0.000107662856804,,-77.626144,33.823959,12.736183,1000000,100.000000,0,25.000000,0.512119,89.637672,0,0,20.000000,0.213894,33.823284,0.015141,50000
431,25.399072,Series RL,0.415500,0.000109660999368,,112.484046,34.453521,-156.824966,1000000,100.000000,0,25.000000,0.521827,89.309013,0,0,20.000000,0.415500,34.451019,0.015146,50000
432,25.458257,Series RL,0.219971,0.000108332396185,,88.531799,34.034336,178.902114,1000000,100.000000,0,25.000000,0.515574,89.629684,0,0,20.000000,0.219971,34.033626,0.015149,50000
433,25.521146,Series RL,0.293807,0.000108260852855,,82.056358,34.012416,172.551284,1000000,100.000000,0,25.000000,0.515062,89.505058,0,0,20.000000,0.293807,34.011150,0.015143,50000
434,25.578892,Series RL,0.119339,0.000108361843032,,141.799087,34.043087,-128.000045,1000000,100.000000,0,25.000000,0.515619,89.799140,0,0,20.000000,0.119339,34.042877,0.015146,50000
435,25.634537,Series RL,0.258711,0.000108877622823,,107.875602,34.205894,-161.691055,1000000,100.000000,0,25.000000,0.518217,89.566650,0,0,20.000000,0.258711,34.204914,0.015150,50000
436,25.691833,Series RL,0.355428,0.000109213850372,,-154.576354,34.312385,-63.982841,1000000,100.000000,0,25.000000,0.519554,89.406478,0,0,20.000000,0.355428,34.310543,0.015142,50000
437,25.753919,Series RL,0.299084,0.000108440828448,,45.317878,34.069004,135.820877,1000000,100.000000,0,25.000000,0.515940,89.497009,0,0,20.000000,0.299084,34.067691,0.015144,50000
438,25.815202,Series RL,0.401694,0.000109805846282,,-103.452377,34.498863,-12.785234,1000000,100.000000,0,25.000000,0.522498,89.332847,0,0,20.000000,0.401694,34.496524,0.015145,50000
439,25.874436,Series RL,0.287475,0.000108235572684,,-25.995494,34.004421,64.488891,1000000,100.000000,0,25.000000,0.515014,89.515609,0,0,20.000000,0.287475,34.003208,0.015145,50000
440,25.933578,Series RL,0.125195,0.000107959206491,,-129.134399,33.916614,-38.922912,1000000,100.000000,0,25.000000,0.513692,89.788505,0,0,20.000000,0.125195,33.916385,0.015146,50000
441,25.989854,Series RL,0.142759,0.00010786491992,,-93.441696,33.887065,-3.200317,1000000,100.000000,0,25.000000,0.513231,89.758628,0,0,20.000000,0.142759,33.886764,0.015145,50000
442,26.047667,Series RL,0.375632,0.000109595962292,,58.180629,34.432636,148.805694,1000000,100.000000,0,25.000000,0.521519,89.374938,0,0,20.000000,0.375632,34.430587,0.015146,50000
443,26.105838,Series RL,0.402758,0.00010963634945,,131.347290,34.445629,-137.982757,1000000,100.000000,0,25.000000,0.521729,89.330055,0,0,20.000000,0.402758,34.443275,0.015146,50000
444,26.162896,Series RL,0.266251,0.000107744054473,,155.387008,33.849842,-114.162322,1000000,100.000000,0,25.000000,0.512628,89.549324,0,0,20.000000,0.266251,33.848793,0.015144,50000
445,26.220228,Series RL,0.401506,0.000109756692869,,-85.737495,34.483421,4.929640,1000000,100.000000,0,25.000000,0.522275,89.332855,0,0,20.000000,0.401506,34.481082,0.015146,50000
446,26.278316,Series RL,0.346333,0.000109569322938,,38.131748,34.423961,128.708206,1000000,100.000000,0,25.000000,0.521538,89.423545,0,0,20.000000,0.346333,34.422218,0.015150,50000
447,26.337613,Series RL,0.415867,0.000109753621179,,-50.080951,34.482627,40.610057,1000000,100.000000,0,25.000000,0.522252,89.308982,0,0,20.000000,0.415867,34.480117,0.015145,50000
448,26.396983,Series RL,0.109161,0.000107912723698,,50.933330,33.901958,141.117813,1000000,100.000000,0,25.000000,0.513526,89.815513,0,0,20.000000,0.109161,33.901782,0.015147,50000
449,26.453916,Series RL,0.132900,0.000107846063242,,68.342216,33.881103,158.566970,1000000,100.000000,0,25.000000,0.513087,89.775253,0,0,20.000000,0.132900,33.880840,0.015144,50000
450,26.512416,Series RL,0.346114,0.00010960653973,,38.259830,34.435649,128.835723,1000000,100.000000,0,25.000000,0.521620,89.424102,0,0,20.000000,0.346114,34.433910,0.015148,50000
451,26.568592,Series RL,0.236583,0.000108692703877,,160.876068,34.147640,-108.726974,1000000,100.000000,0,25.000000,0.517270,89.603034,0,0,20.000000,0.236583,34.146820,0.015148,50000
452,26.625504,Series RL,0.186577,0.000108758829573,,-162.965270,34.168106,-72.652397,1000000,100.000000,0,25.000000,0.517560,89.687133,0,0,20.000000,0.186577,34.167594,0.015147,50000
453,26.684786,Series RL,0.230673,0.000107607146208,,120.156715,33.806568,-149.452346,1000000,100.000000,0,25.000000,0.512148,89.609046,0,0,20.000000,0.230673,33.805782,0.015149,50000
454,26.743321,Series RL,0.148176,0.000107934983109,,32.837924,33.909099,123.088294,1000000,100.000000,0,25.000000,0.513587,89.749633,0,0,20.000000,0.148176,33.908775,0.015146,50000
455,26.803665,Series RL,0.234786,0.000108352274637,,-127.872230,34.040683,-37.477046,1000000,100.000000,0,25.000000,0.515646,89.604812,0,0,20.000000,0.234786,34.039871,0.015148,50000
456,26.861607,Series RL,0.349453,0.000109321967508,,169.196365,34.346286,-100.220664,1000000,100.000000,0,25.000000,0.520134,89.417037,0,0,20.000000,0.349453,34.344509,0.015144,50000
457,26.923948,Series RL,0.264006,0.000109105660025,,54.446201,34.277572,144.887496,1000000,100.000000,0,25.000000,0.519196,89.558700,0,0,20.000000,0.264006,34.276554,0.015147,50000
458,26.981111,Series RL,0.138408,0.000108243511332,,105.672401,34.005985,-164.094421,1000000,100.000000,0,25.000000,0.515054,89.766792,0,0,20.000000,0.138408,34.005702,0.015146,50000
459,27.064475,Series RL,0.340948,0.000109691853145,,-84.408378,34.462398,6.158481,1000000,100.000000,0,25.000000,0.521906,89.433143,0,0,20.000000,0.340948,34.460712,0.015144,50000
460,27.115332,Series RL,0.389216,0.000109738651065,,-68.595809,34.477611,22.051021,1000000,100.000000,0,25.000000,0.522247,89.353172,0,0,20.000000,0.389216,34.475414,0.015147,50000
461,27.166002,Series RL,0.123607,0.000108190232623,,33.859394,33.989189,124.067764,1000000,100.000000,0,25.000000,0.514747,89.791633,0,0,20.000000,0.123607,33.988964,0.015144,50000
462,27.221336,Series RL,0.147307,0.000107677731425,,-39.848316,33.828277,50.401180,1000000,100.000000,0,25.000000,0.512383,89.750503,0,0,20.000000,0.147307,33.827957,0.015147,50000
463,27.276924,Series RL,0.138999,0.000108022470581,,177.213912,33.936546,-92.551429,1000000,100.000000,0,25.000000,0.514034,89.765319,0,0,20.000000,0.138999,33.936260,0.015147,50000
464,27.336620,Series RL,0.178188,0.000107960517928,,14.896929,33.917263,105.197944,1000000,100.000000,0,25.000000,0.513643,89.698989,0,0,20.000000,0.178188,33.916797,0.015144,50000
465,27.396101,Series RL,0.348220,0.000109835767411,,-122.296707,34.507678,-31.718515,1000000,100.000000,0,25.000000,0.522701,89.421813,0,0,20.000000,0.348220,34.505924,0.015147,50000
466,27.454853,Series RL,0.412802,0.000109743202896,,39.901710,34.479316,130.587692,1000000,100.000000,0,25.000000,0.522204,89.314010,0,0,20.000000,0.412802,34.476844,0.015145,50000
467,27.511879,Series RL,0.389374,0.000109692788976,,41.062614,34.463207,131.709976,1000000,100.000000,0,25.000000,0.521785,89.352638,0,0,20.000000,0.389374,34.461006,0.015140,50000
468,27.568728,Series RL,0.219759,0.000108441958448,,106.427558,34.068756,-163.202865,1000000,100.000000,0,25.000000,0.516092,89.630409,0,0,20.000000,0.219759,34.068046,0.015149,50000
469,27.626559,Series RL,0.374286,0.000109689959202,,76.480850,34.462150,167.103149,1000000,100.000000,0,25.000000,0.521874,89.377708,0,0,20.000000,0.374286,34.460117,0.015143,50000
470,27.681699,Series RL,0.416510,0.000109786515322,,-68.412429,34.492965,22.279447,1000000,100.000000,0,25.000000,0.522298,89.308128,0,0,20.000000,0.416510,34.490451,0.015142,50000
471,27.739388,Series RL,0.240366,0.000108542499808,,89.107543,34.100479,179.511398,1000000,100.000000,0,25.000000,0.516658,89.596130,0,0,20.000000,0.240366,34.099632,0.015151,50000
472,27.798165,Series RL,0.393358,0.000109662699143,,148.180587,34.453800,-121.165252,1000000,100.000000,0,25.000000,0.521803,89.345840,0,0,20.000000,0.393358,34.451553,0.015145,50000
473,27.854893,Series RL,0.247660,0.000107652486268,,-76.532646,33.820934,13.886922,1000000,100.000000,0,25.000000,0.512147,89.580429,0,0,20.000000,0.247660,33.820026,0.015143,50000
474,27.913415,Series RL,0.242649,0.000107574045163,,-6.080082,33.796253,84.331291,1000000,100.000000,0,25.000000,0.511837,89.588623,0,0,20.000000,0.242649,33.795383,0.015145,50000
475,27.970296,Series RL,0.281903,0.000108113198448,,118.248771,33.965934,-151.275711,1000000,100.000000,0,25.000000,0.514408,89.524459,0,0,20.000000,0.281903,33.964763,0.015145,50000
476,28.027766,Series RL,0.230693,0.00010764657207,,174.498260,33.818954,-95.110900,1000000,100.000000,0,25.000000,0.512136,89.609153,0,0,20.000000,0.230693,33.818168,0.015143,50000
477,28.084819,Series RL,0.371705,0.00010972115357,,38.960453,34.471920,129.578277,1000000,100.000000,0,25.000000,0.522173,89.382179,0,0,20.000000,0.371705,34.469917,0.015148,50000
478,28.140423,Series RL,0.310284,0.00010821928795,,-169.915191,33.999511,-79.392288,1000000,100.000000,0,25.000000,0.514831,89.477104,0,0,20.000000,0.310284,33.998092,0.015142,50000
479,28.198372,Series RL,0.246816,0.000109329154946,,18.898059,34.347652,109.309783,1000000,100.000000,0,25.000000,0.520321,89.588279,0,0,20.000000,0.246816,34.346767,0.015149,50000
480,28.256421,Series RL,0.231126,0.000107581547727,,-59.065845,33.798530,31.325969,1000000,100.000000,0,25.000000,0.511846,89.608184,0,0,20.000000,0.231126,33.797740,0.015144,50000
481,28.314888,Series RL,0.356503,0.000109091075066,,61.652633,34.273826,152.248611,1000000,100.000000,0,25.000000,0.518982,89.404014,0,0,20.000000,0.356503,34.271972,0.015142,50000
482,28.373382,Series RL,0.160528,0.000107801474393,,86.388320,33.867214,176.659896,1000000,100.000000,0,25.000000,0.512990,89.728416,0,0,20.000000,0.160528,33.866832,0.015147,50000
483,28.431642,Series RL,0.370025,0.000109608312716,,2.499204,34.436454,93.114875,1000000,100.000000,0,25.000000,0.521583,89.384330,0,0,20.000000,0.370025,34.434467,0.015146,50000
484,28.488511,Series RL,0.410861,0.000109671720045,,77.091270,34.456836,167.774490,1000000,100.000000,0,25.000000,0.521787,89.316795,0,0,20.000000,0.410861,34.454387,0.015143,50000
485,28.546537,Series RL,0.398444,0.000109681982356,,21.381128,34.459915,112.043632,1000000,100.000000,0,25.000000,0.521929,89.337501,0,0,20.000000,0.398444,34.457611,0.015146,50000
486,28.602431,Series RL,0.300801,0.000107997238156,,-169.549652,33.929668,-79.041687,1000000,100.000000,0,25.000000,0.513855,89.492042,0,0,20.000000,0.300801,33.928333,0.015145,50000
487,28.660452,Series RL,0.205028,0.000107803307858,,121.939231,33.868026,-147.713912,1000000,100.000000,0,25.000000,0.512955,89.653137,0,0,20.000000,0.205028,33.867408,0.015146,50000
488,28.717886,Series RL,0.254937,0.000107616520434,,66.830741,33.809688,157.262771,1000000,100.000000,0,25.000000,0.512222,89.567970,0,0,20.000000,0.254937,33.808727,0.015150,50000
489,28.777362,Series RL,0.288676,0.00010937552633,,37.356914,34.362548,127.838264,1000000,100.000000,0,25.000000,0.520580,89.518661,0,0,20.000000,0.288676,34.361335,0.015150,50000
490,28.834960,Series RL,0.197309,0.000107715349287,,139.779251,33.840351,-129.886642,1000000,100.000000,0,25.000000,0.512517,89.665924,0,0,20.000000,0.197309,33.839775,0.015145,50000
491,28.894279,Series RL,0.329843,0.000109022336046,,-82.040618,34.251964,8.511139,1000000,100.000000,0,25.000000,0.518724,89.448234,0,0,20.000000,0.329843,34.250377,0.015144,50000
492,28.953592,Series RL,0.218475,0.000107585956319,,49.615833,33.799831,139.986175,1000000,100.000000,0,25.000000,0.512030,89.629638,0,0,20.000000,0.218475,33.799125,0.015149,50000
493,29.017399,Series RL,0.334050,0.000108735822135,,-153.111648,34.161998,-62.551376,1000000,100.000000,0,25.000000,0.517395,89.439720,0,0,20.000000,0.334050,34.160366,0.015145,50000
494,29.075250,Series RL,0.134214,0.00010789592012,,176.552581,33.896770,-93.220527,1000000,100.000000,0,25.000000,0.513394,89.773139,0,0,20.000000,0.134214,33.896503,0.015146,50000
495,29.132575,Series RL,0.324492,0.000108448770279,,9.392395,34.071731,99.938079,1000000,100.000000,0,25.000000,0.516117,89.454315,0,0,20.000000,0.324492,34.070186,0.015148,50000
496,29.190657,Series RL,0.163313,0.000108250227671,,-2.643269,34.008201,87.631881,1000000,100.000000,0,25.000000,0.515053,89.724853,0,0,20.000000,0.163313,34.007812,0.015145,50000
497,29.249713,Series RL,0.246806,0.000107626693618,,102.088569,33.812824,-167.493225,1000000,100.000000,0,25.000000,0.512083,89.581779,0,0,20.000000,0.246806,33.811923,0.015145,50000
498,29.309519,Series RL,0.237172,0.000108500291917,,178.881454,34.087196,-90.719879,1000000,100.000000,0,25.000000,0.516368,89.601348,0,0,20.000000,0.237172,34.086372,0.015148,50000
499,29.369421,Series RL,0.384244,0.000109714437232,,75.543853,34.469947,166.182540,1000000,100.000000,0,25.000000,0.522201,89.361289,0,0,20.000000,0.384244,34.467807,0.015149,50000
500,29.428073,Series RL,0.340665,0.00010968807799,,167.414016,34.461212,-102.019561,1000000,100.000000,0,25.000000,0.521975,89.433593,0,0,20.000000,0.340665,34.459526,0.015147,50000
501,29.484746,Series RL,0.384001,0.00010977762811,,129.539855,34.489799,-139.822189,1000000,100.000000,0,25.000000,0.522504,89.362068,0,0,20.000000,0.384001,34.487659,0.015150,50000
502,29.541279,Series RL,0.229693,0.00010869958892,,179.268295,34.149757,-90.346328,1000000,100.000000,0,25.000000,0.517356,89.614624,0,0,20.000000,0.229693,34.148983,0.015150,50000
503,29.599083,Series RL,0.397108,0.000109723897402,,-85.408676,34.473068,5.251359,1000000,100.000000,0,25.000000,0.522136,89.339965,0,0,20.000000,0.397108,34.470779,0.015146,50000
504,29.656193,Series RL,0.280456,0.000107854380679,,-25.052286,33.884613,65.421943,1000000,100.000000,0,25.000000,0.513270,89.525772,0,0,20.000000,0.280456,33.883453,0.015148,50000
505,29.716808,Series RL,0.316232,0.000108737069909,,-99.168846,34.162220,-8.638463,1000000,100.000000,0,25.000000,0.517462,89.469612,0,0,20.000000,0.316232,34.160758,0.015147,50000
506,29.776747,Series RL,0.095786,0.00010808846577,,141.149017,33.957126,-128.689361,1000000,100.000000,0,25.000000,0.514316,89.838378,0,0,20.000000,0.095786,33.956993,0.015146,50000
507,29.834061,Series RL,0.298824,0.000109440331039,,-142.428710,34.382995,-51.930747,1000000,100.000000,0,25.000000,0.520816,89.502029,0,0,20.000000,0.298824,34.381694,0.015147,50000
508,29.893292,Series RL,0.374947,0.000109662298072,,75.191833,34.453468,165.815368,1000000,100.000000,0,25.000000,0.521951,89.376457,0,0,20.000000,0.374947,34.451427,0.015149,50000
509,29.950819,Series RL,0.222917,0.00010836622616,,-146.038589,34.044982,-55.663429,1000000,100.000000,0,25.000000,0.515735,89.624832,0,0,20.000000,0.222917,34.044254,0.015149,50000
510,30.008851,Series RL,0.308374,0.000109367307568,,109.276504,34.360137,-160.209274,1000000,100.000000,0,25.000000,0.520568,89.485778,0,0,20.000000,0.308374,34.358753,0.015150,50000
511,30.066240,Series RL,0.309731,0.00010856532581,,-170.822540,34.108211,-80.302230,1000000,100.000000,0,25.000000,0.516551,89.479698,0,0,20.000000,0.309731,34.106803,0.015144,50000
512,30.125595,Series RL,0.263140,0.000109216215415,,72.900032,34.312294,163.339431,1000000,100.000000,0,25.000000,0.519851,89.560592,0,0,20.000000,0.263140,34.311286,0.015151,50000
513,30.182732,Series RL,0.387828,0.000109812174282,,41.073810,34.500690,131.717895,1000000,100.000000,0,25.000000,0.522598,89.355911,0,0,20.000000,0.387828,34.498512,0.015147,50000
514,30.240608,Series RL,0.169650,0.00010823734567,,-146.706192,34.004188,-56.420333,1000000,100.000000,0,25.000000,0.515028,89.714141,0,0,20.000000,0.169650,34.003765,0.015146,50000
515,30.303238,Series RL,0.181189,0.000108518250961,,-37.578056,34.092494,52.726455,1000000,100.000000,0,25.000000,0.516497,89.695495,0,0,20.000000,0.181189,34.092014,0.015150,50000
516,30.362961,Series RL,0.378488,0.000109802895549,,-14.233296,34.497676,76.395339,1000000,100.000000,0,25.000000,0.522751,89.371368,0,0,20.000000,0.378488,34.495597,0.015153,50000
517,30.424244,Series RL,0.186615,0.000108371860245,,34.050945,34.046535,124.364997,1000000,100.000000,0,25.000000,0.515769,89.685943,0,0,20.000000,0.186615,34.046024,0.015149,50000
518,30.483392,Series RL,0.271883,0.000108750368896,,53.128982,34.166019,143.584930,1000000,100.000000,0,25.000000,0.517604,89.544052,0,0,20.000000,0.271883,34.164936,0.015150,50000
519,30.541588,Series RL,0.174512,0.000107862551694,,-39.132209,33.886470,51.162868,1000000,100.000000,0,25.000000,0.513354,89.704925,0,0,20.000000,0.174512,33.886020,0.015149,50000
520,30.599075,Series RL,0.248891,0.000107733209655,,-132.531311,33.846298,-42.109970,1000000,100.000000,0,25.000000,0.512581,89.578666,0,0,20.000000,0.248891,33.845386,0.015144,50000
521,30.657669,Series RL,0.152618,0.00010776065115,,68.144523,33.854351,158.402816,1000000,100.000000,0,25.000000,0.512781,89.741706,0,0,20.000000,0.152618,33.854007,0.015147,50000
522,30.715700,Series RL,0.359270,0.000109592247616,,-155.951599,34.431293,-65.353736,1000000,100.000000,0,25.000000,0.521439,89.402137,0,0,20.000000,0.359270,34.429420,0.015144,50000
523,30.775000,Series RL,0.266327,0.000107629367421,,-76.931587,33.813812,13.519699,1000000,100.000000,0,25.000000,0.512028,89.548713,0,0,20.000000,0.266327,33.812763,0.015143,50000
524,30.833575,Series RL,0.213268,0.000108876954372,,-18.313444,34.205368,72.043792,1000000,100.000000,0,25.000000,0.518118,89.642753,0,0,20.000000,0.213268,34.204704,0.015147,50000
525,30.894281,Series RL,0.179848,0.000108146506394,,51.982955,33.975704,142.286254,1000000,100.000000,0,25.000000,0.514677,89.696708,0,0,20.000000,0.179848,33.975227,0.015148,50000
526,30.952837,Series RL,0.251028,0.000108855984117,,107.750358,34.199035,-161.829086,1000000,100.000000,0,25.000000,0.518064,89.579429,0,0,20.000000,0.251028,34.198116,0.015149,50000
527,31.010747,Series RL,0.185510,0.000108040490104,,-56.887729,33.942428,33.425422,1000000,100.000000,0,25.000000,0.513993,89.686851,0,0,20.000000,0.185510,33.941921,0.015143,50000
528,31.068214,Series RL,0.359562,0.000109473737662,,6.851183,34.394069,97.450180,1000000,100.000000,0,25.000000,0.520836,89.401000,0,0,20.000000,0.359562,34.392189,0.015143,50000
529,31.127316,Series RL,0.361372,0.000109577592629,,-51.580059,34.426712,39.021381,1000000,100.000000,0,25.000000,0.521526,89.398567,0,0,20.000000,0.361372,34.424816,0.015149,50000
530,31.185299,Series RL,0.309367,0.000108517522032,,81.139366,34.093189,171.659286,1000000,100.000000,0,25.000000,0.516379,89.480072,0,0,20.000000,0.309367,34.091785,0.015146,50000
531,31.243339,Series RL,0.236040,0.000108682635736,,-0.763405,34.144470,89.632682,1000000,100.000000,0,25.000000,0.517256,89.603912,0,0,20.000000,0.236040,34.143657,0.015149,50000
532,31.304930,Series RL,0.359899,0.000109760423461,,-122.127380,34.484130,-31.529397,1000000,100.000000,0,25.000000,0.522293,89.402015,0,0,20.000000,0.359899,34.482254,0.015146,50000
533,31.369443,Series RL,0.193280,0.000108561719359,,-1.005281,34.106220,89.319412,1000000,100.000000,0,25.000000,0.516606,89.675300,0,0,20.000000,0.193280,34.105670,0.015147,50000
534,31.429369,Series RL,0.198782,0.000107707187822,,-4.531740,33.837795,85.804855,1000000,100.000000,0,25.000000,0.512489,89.663406,0,0,20.000000,0.198782,33.837211,0.015145,50000
535,31.489525,Series RL,0.272032,0.000107792673125,,29.046167,33.865158,119.506423,1000000,100.000000,0,25.000000,0.512966,89.539749,0,0,20.000000,0.272032,33.864067,0.015147,50000
536,31.548408,Series RL,0.291288,0.000108116136448,,-115.522674,33.966934,-25.031318,1000000,100.000000,0,25.000000,0.514315,89.508644,0,0,20.000000,0.291288,33.965686,0.015142,50000
537,31.607193,Series RL,0.218062,0.000107684288609,,175.509796,33.830722,-94.120903,1000000,100.000000,0,25.000000,0.512419,89.630683,0,0,20.000000,0.218062,33.830017,0.015147,50000
538,31.664448,Series RL,0.349291,0.000109646341198,,-15.645479,34.448184,74.935493,1000000,100.000000,0,25.000000,0.522017,89.419029,0,0,20.000000,0.349291,34.446414,0.015154,50000
539,31.725677,Series RL,0.157358,0.000108094876531,,-128.615020,33.959373,-38.349529,1000000,100.000000,0,25.000000,0.514353,89.734504,0,0,20.000000,0.157358,33.959007,0.015146,50000
540,31.789355,Series RL,0.373294,0.000109685805257,,93.292976,34.460834,-176.086334,1000000,100.000000,0,25.000000,0.522016,89.379333,0,0,20.000000,0.373294,34.458812,0.015148,50000
541,31.851203,Series RL,0.143610,0.000107945474603,,-146.942077,33.912376,-56.699443,1000000,100.000000,0,25.000000,0.513681,89.757362,0,0,20.000000,0.143610,33.912071,0.015147,50000
542,31.910393,Series RL,0.120880,0.000108128668308,,15.617676,33.969837,105.821571,1000000,100.000000,0,25.000000,0.514707,89.796112,0,0,20.000000,0.120880,33.969623,0.015152,50000
543,31.967672,Series RL,0.251062,0.000107892956655,,-61.050277,33.896499,29.374105,1000000,100.000000,0,25.000000,0.513273,89.575622,0,0,20.000000,0.251062,33.895572,0.015142,50000
544,32.024423,Series RL,0.307601,0.000108250580995,,81.590103,34.009315,172.108322,1000000,100.000000,0,25.000000,0.515016,89.481773,0,0,20.000000,0.307601,34.007923,0.015143,50000
545,32.081781,Series RL,0.351822,0.000108251672798,,-116.158882,34.010086,-25.566160,1000000,100.000000,0,25.000000,0.515068,89.407287,0,0,20.000000,0.351822,34.008266,0.015145,50000
546,32.138981,Series RL,0.404563,0.000109781731125,,-68.584480,34.491321,22.087579,1000000,100.000000,0,25.000000,0.522260,89.327934,0,0,20.000000,0.404563,34.488948,0.015142,50000
547,32.197059,Series RL,0.267000,0.000109056748528,,54.464847,34.262229,144.911346,1000000,100.000000,0,25.000000,0.519082,89.553497,0,0,20.000000,0.267000,34.261188,0.015150,50000
548,32.255261,Series RL,0.339178,0.000108904615501,,-45.891391,34.215076,44.676601,1000000,100.000000,0,25.000000,0.518146,89.432006,0,0,20.000000,0.339178,34.213394,0.015144,50000
549,32.314792,Series RL,0.173932,0.000108041763343,,-93.041992,33.942768,-2.748387,1000000,100.000000,0,25.000000,0.514203,89.706390,0,0,20.000000,0.173932,33.942321,0.015149,50000
550,32.372837,Series RL,0.213582,0.000108267397306,,-19.812879,34.013877,70.546897,1000000,100.000000,0,25.000000,0.515325,89.640220,0,0,20.000000,0.213582,34.013206,0.015150,50000
551,32.432080,Series RL,0.246446,0.000108968070577,,71.964218,34.234218,162.376693,1000000,100.000000,0,25.000000,0.518583,89.587532,0,0,20.000000,0.246446,34.233329,0.015148,50000
552,32.490444,Series RL,0.220022,0.000108467894337,,-145.522750,34.076904,-55.152801,1000000,100.000000,0,25.000000,0.516297,89.630058,0,0,20.000000,0.220022,34.076194,0.015151,50000
553,32.548424,Series RL,0.241093,0.000108602800433,,-73.080444,34.119426,17.324419,1000000,100.000000,0,25.000000,0.516912,89.595138,0,0,20.000000,0.241093,34.118576,0.015150,50000
554,32.605944,Series RL,0.150791,0.000107966540351,,-111.054901,33.919025,-20.800189,1000000,100.000000,0,25.000000,0.513776,89.745277,0,0,20.000000,0.150791,33.918689,0.015147,50000
555,32.662714,Series RL,0.338630,0.00010964902455,,-33.898014,34.448921,56.665214,1000000,100.000000,0,25.000000,0.521762,89.436782,0,0,20.000000,0.338630,34.447257,0.015146,50000
556,32.722187,Series RL,0.353721,0.000109815440142,,-120.648765,34.501350,-30.061338,1000000,100.000000,0,25.000000,0.522511,89.412574,0,0,20.000000,0.353721,34.499538,0.015145,50000
557,32.781677,Series RL,0.359790,0.000109606794378,,-66.435119,34.435871,24.163528,1000000,100.000000,0,25.000000,0.521604,89.401351,0,0,20.000000,0.359790,34.433990,0.015147,50000
558,32.840763,Series RL,0.260346,0.000108661337621,,142.939468,34.137958,-126.623580,1000000,100.000000,0,25.000000,0.517172,89.563041,0,0,20.000000,0.260346,34.136966,0.015149,50000
559,32.903515,Series RL,0.233988,0.000108401790923,,-73.370590,34.056232,17.023078,1000000,100.000000,0,25.000000,0.515995,89.606338,0,0,20.000000,0.233988,34.055427,0.015151,50000
560,32.961179,Series RL,0.379089,0.000109669791087,,-159.156936,34.455863,-68.526535,1000000,100.000000,0,25.000000,0.521886,89.369606,0,0,20.000000,0.379089,34.453781,0.015146,50000
561,33.018293,Series RL,0.223836,0.00010878127042,,161.365173,34.175376,-108.259574,1000000,100.000000,0,25.000000,0.517810,89.624725,0,0,20.000000,0.223836,34.174644,0.015152,50000
562,33.075873,Series RL,0.391326,0.000109767744588,,-68.007186,34.486774,22.642971,1000000,100.000000,0,25.000000,0.522355,89.349838,0,0,20.000000,0.391326,34.484554,0.015147,50000
563,33.134240,Series RL,0.386000,0.000109609598688,,-101.667442,34.437034,-11.025213,1000000,100.000000,0,25.000000,0.521573,89.357765,0,0,20.000000,0.386000,34.434871,0.015146,50000
564,33.191814,Series RL,0.393865,0.000109422276503,,-101.212524,34.378280,-10.556086,1000000,100.000000,0,25.000000,0.520551,89.343551,0,0,20.000000,0.393865,34.376022,0.015142,50000
565,33.248931,Series RL,0.351257,0.000108964537337,,-9.771771,34.234020,80.816123,1000000,100.000000,0,25.000000,0.518469,89.412109,0,0,20.000000,0.351257,34.232219,0.015145,50000
566,33.305766,Series RL,0.245535,0.000109128947576,,36.294330,34.284751,126.704658,1000000,100.000000,0,25.000000,0.519321,89.589660,0,0,20.000000,0.245535,34.283870,0.015147,50000
567,33.366345,Series RL,0.242703,0.000107562194486,,30.466794,33.792533,120.878311,1000000,100.000000,0,25.000000,0.511721,89.588485,0,0,20.000000,0.242703,33.791660,0.015143,50000
568,33.424842,Series RL,0.363460,0.000108984001987,,-81.784568,34.240264,8.823640,1000000,100.000000,0,25.000000,0.518557,89.391792,0,0,20.000000,0.363460,34.238334,0.015145,50000
569,33.482080,Series RL,0.205315,0.000108439093659,,70.782524,34.067764,161.127838,1000000,100.000000,0,25.000000,0.516137,89.654693,0,0,20.000000,0.205315,34.067146,0.015150,50000
570,33.538939,Series RL,0.272713,0.000109116975942,,18.428873,34.281192,108.884681,1000000,100.000000,0,25.000000,0.519270,89.544197,0,0,20.000000,0.272713,34.280109,0.015147,50000
571,33.596318,Series RL,0.249398,0.000108884772063,,161.660217,34.208072,-107.922035,1000000,100.000000,0,25.000000,0.518360,89.582275,0,0,20.000000,0.249398,34.207160,0.015153,50000
572,33.654885,Series RL,0.253417,0.000109360957286,,-178.785125,34.357692,-88.362503,1000000,100.000000,0,25.000000,0.520544,89.577392,0,0,20.000000,0.253417,34.356758,0.015151,50000
573,33.712548,Series RL,0.230135,0.000107530866427,,-77.548286,33.782604,12.842035,1000000,100.000000,0,25.000000,0.511555,89.609680,0,0,20.000000,0.230135,33.781818,0.015143,50000
574,33.771882,Series RL,0.152761,0.000108050093513,,87.794929,33.945281,178.052780,1000000,100.000000,0,25.000000,0.514227,89.742149,0,0,20.000000,0.152761,33.944938,0.015149,50000
575,33.829195,Series RL,0.381366,0.000109634869309,,-51.156238,34.444919,39.478145,1000000,100.000000,0,25.000000,0.521715,89.365615,0,0,20.000000,0.381366,34.442810,0.015146,50000
576,33.889998,Series RL,0.244729,0.000107579800205,,-77.291099,33.798076,13.123778,1000000,100.000000,0,25.000000,0.511845,89.585121,0,0,20.000000,0.244729,33.797191,0.015144,50000
577,33.947248,Series RL,0.336074,0.000109755833432,,147.248214,34.482448,-122.193359,1000000,100.000000,0,25.000000,0.522355,89.441566,0,0,20.000000,0.336074,34.480812,0.015148,50000
578,34.005056,Series RL,0.288743,0.000109357424047,,-106.958435,34.356861,-16.476894,1000000,100.000000,0,25.000000,0.520480,89.518463,0,0,20.000000,0.288743,34.355648,0.015149,50000
579,34.062408,Series RL,0.350865,0.000108997444213,,115.993377,34.244354,-153.419540,1000000,100.000000,0,25.000000,0.518674,89.412940,0,0,20.000000,0.350865,34.242557,0.015146,50000
580,34.120945,Series RL,0.362309,0.000109681132468,,-51.389320,34.459247,39.213111,1000000,100.000000,0,25.000000,0.521917,89.397575,0,0,20.000000,0.362309,34.457344,0.015146,50000
581,34.178309,Series RL,0.376582,0.000109378454781,,-155.182708,34.364318,-64.554824,1000000,100.000000,0,25.000000,0.520487,89.372100,0,0,20.000000,0.376582,34.362255,0.015146,50000
582,34.237067,Series RL,0.416308,0.000109495385917,,-101.678314,34.401508,-10.984935,1000000,100.000000,0,25.000000,0.520901,89.306617,0,0,20.000000,0.416308,34.398990,0.015142,50000
583,34.294058,Series RL,0.308782,0.000109426271292,,-52.489757,34.378665,38.024871,1000000,100.000000,0,25.000000,0.520736,89.485366,0,0,20.000000,0.308782,34.377277,0.015147,50000
584,34.353338,Series RL,0.230919,0.000108598414123,,-109.327293,34.117980,-18.939493,1000000,100.000000,0,25.000000,0.516816,89.612205,0,0,20.000000,0.230919,34.117198,0.015148,50000
585,34.412304,Series RL,0.239823,0.000107532056906,,139.001007,33.783042,-130.592208,1000000,100.000000,0,25.000000,0.511656,89.593254,0,0,20.000000,0.239823,33.782192,0.015145,50000
586,34.471023,Series RL,0.179600,0.000108111731039,,-2.139667,33.964778,88.163307,1000000,100.000000,0,25.000000,0.514527,89.697029,0,0,20.000000,0.179600,33.964302,0.015149,50000
587,34.530410,Series RL,0.325538,0.00010946426476,,127.657608,34.390754,-141.800033,1000000,100.000000,0,25.000000,0.520905,89.457633,0,0,20.000000,0.325538,34.389213,0.015147,50000
588,34.589696,Series RL,0.222491,0.000107641701929,,138.064620,33.817371,-131.558395,1000000,100.000000,0,25.000000,0.512218,89.623039,0,0,20.000000,0.222491,33.816638,0.015147,50000
589,34.646657,Series RL,0.164679,0.000108148922366,,-38.464759,33.976387,51.812950,1000000,100.000000,0,25.000000,0.514544,89.722297,0,0,20.000000,0.164679,33.975986,0.015144,50000
590,34.704781,Series RL,0.237360,0.000109096756898,,54.507663,34.274578,144.904449,1000000,100.000000,0,25.000000,0.519170,89.603210,0,0,20.000000,0.237360,34.273757,0.015147,50000
591,34.763743,Series RL,0.205782,0.000107526397356,,31.234239,33.781044,121.583259,1000000,100.000000,0,25.000000,0.511499,89.650978,0,0,20.000000,0.205782,33.780414,0.015142,50000
592,34.823567,Series RL,0.332687,0.000108676139031,,8.789079,34.143238,99.347373,1000000,100.000000,0,25.000000,0.517117,89.441703,0,0,20.000000,0.332687,34.141616,0.015146,50000
593,34.881023,Series RL,0.225399,0.000107648405535,,49.727085,33.819496,140.108947,1000000,100.000000,0,25.000000,0.512160,89.618133,0,0,20.000000,0.225399,33.818744,0.015144,50000
594,34.940367,Series RL,0.362512,0.000109744975882,,93.986282,34.479309,-175.411300,1000000,100.000000,0,25.000000,0.522196,89.397583,0,0,20.000000,0.362512,34.477401,0.015145,50000
595,34.998153,Series RL,0.308530,0.000107706048272,,101.368972,33.838260,-168.108627,1000000,100.000000,0,25.000000,0.512499,89.477577,0,0,20.000000,0.308530,33.836853,0.015146,50000
596,35.056046,Series RL,0.300014,0.000109390194049,,109.462112,34.367252,-160.037689,1000000,100.000000,0,25.000000,0.520614,89.499816,0,0,20.000000,0.300014,34.365943,0.015149,50000
597,35.113841,Series RL,0.289797,0.000108412670755,,153.442764,34.060077,-116.069740,1000000,100.000000,0,25.000000,0.515766,89.512489,0,0,20.000000,0.289797,34.058845,0.015143,50000
598,35.171075,Series RL,0.359274,0.000109509859468,,96.372688,34.405414,-173.028991,1000000,100.000000,0,25.000000,0.521149,89.401679,0,0,20.000000,0.359274,34.403537,0.015147,50000
599,35.230038,Series RL,0.313153,0.000107772769208,,11.184808,33.859260,101.714729,1000000,100.000000,0,25.000000,0.512755,89.470077,0,0,20.000000,0.313153,33.857814,0.015144,50000
600,35.287885,Series RL,0.431028,0.000109748340418,,-49.250148,34.481151,41.466094,1000000,100.000000,0,25.000000,0.522149,89.283752,0,0,20.000000,0.431028,34.478458,0.015143,50000
601,35.346892,Series RL,0.327103,0.000108626454041,,-117.072959,34.127574,-26.523786,1000000,100.000000,0,25.000000,0.516969,89.450828,0,0,20.000000,0.327103,34.126007,0.015148,50000
602,35.405601,Series RL,0.375120,0.00010972975112,,93.556846,34.474658,-175.819702,1000000,100.000000,0,25.000000,0.522246,89.376541,0,0,20.000000,0.375120,34.472618,0.015149,50000
603,35.463548,Series RL,0.312307,0.000108726142331,,26.643888,34.158752,117.167739,1000000,100.000000,0,25.000000,0.517288,89.476142,0,0,20.000000,0.312307,34.157325,0.015144,50000
604,35.521005,Series RL,0.225618,0.000108425931545,,-1.280790,34.063758,89.098709,1000000,100.000000,0,25.000000,0.516149,89.620498,0,0,20.000000,0.225618,34.063011,0.015152,50000
605,35.579092,Series RL,0.429403,0.000109703983935,,129.807891,34.467197,-139.478256,1000000,100.000000,0,25.000000,0.521994,89.286170,0,0,20.000000,0.429403,34.464523,0.015145,50000
606,35.637471,Series RL,0.223816,0.000108583991502,,-1.095512,34.113399,89.280403,1000000,100.000000,0,25.000000,0.516792,89.624076,0,0,20.000000,0.223816,34.112667,0.015149,50000
607,35.696098,Series RL,0.368111,0.000109715774133,,-176.951889,34.470191,-86.340011,1000000,100.000000,0,25.000000,0.522092,89.388122,0,0,20.000000,0.368111,34.468227,0.015146,50000
608,35.755549,Series RL,0.364007,0.000108538625977,,-8.874799,34.100357,81.736824,1000000,100.000000,0,25.000000,0.516377,89.388374,0,0,20.000000,0.364007,34.098415,0.015143,50000
609,35.815603,Series RL,0.245145,0.00010915903741,,72.531913,34.294197,162.941482,1000000,100.000000,0,25.000000,0.519357,89.590423,0,0,20.000000,0.245145,34.293323,0.015144,50000
610,35.874840,Series RL,0.389347,0.000109840526144,,40.768192,34.509616,131.414642,1000000,100.000000,0,25.000000,0.522735,89.353561,0,0,20.000000,0.389347,34.507419,0.015148,50000
611,35.934202,Series RL,0.340538,0.000109610085702,,74.302467,34.436706,164.869064,1000000,100.000000,0,25.000000,0.521665,89.433403,0,0,20.000000,0.340538,34.435024,0.015149,50000
612,35.991426,Series RL,0.303225,0.000109457599351,,37.591201,34.388454,128.096420,1000000,100.000000,0,25.000000,0.520934,89.494781,0,0,20.000000,0.303225,34.387119,0.015149,50000
613,36.049149,Series RL,0.319516,0.000109724893712,,21.268535,34.472572,111.799606,1000000,100.000000,0,25.000000,0.522159,89.468933,0,0,20.000000,0.319516,34.471092,0.015147,50000
614,36.106976,Series RL,0.380140,0.000109284591561,,-172.689834,34.334873,-82.055458,1000000,100.000000,0,25.000000,0.520078,89.365631,0,0,20.000000,0.380140,34.332767,0.015147,50000
615,36.164207,Series RL,0.338829,0.000108822701635,,44.389049,34.189338,134.956878,1000000,100.000000,0,25.000000,0.517777,89.432167,0,0,20.000000,0.338829,34.187660,0.015144,50000
616,36.222578,Series RL,0.214863,0.000108353270947,,-37.672664,34.040863,52.688987,1000000,100.000000,0,25.000000,0.515796,89.638343,0,0,20.000000,0.214863,34.040184,0.015152,50000
617,36.280717,Series RL,0.233618,0.000107597189475,,85.650062,33.803459,176.046051,1000000,100.000000,0,25.000000,0.512071,89.604019,0,0,20.000000,0.233618,33.802654,0.015148,50000
618,36.338730,Series RL,0.243562,0.00010912016859,,162.336975,34.281978,-107.255935,1000000,100.000000,0,25.000000,0.519144,89.592926,0,0,20.000000,0.243562,34.281112,0.015143,50000
619,36.397699,Series RL,0.355421,0.000109111329124,,-82.083747,34.280178,8.510307,1000000,100.000000,0,25.000000,0.519133,89.405937,0,0,20.000000,0.355421,34.278335,0.015144,50000
620,36.458107,Series RL,0.407315,0.000109731218529,,76.536666,34.475486,167.213607,1000000,100.000000,0,25.000000,0.522258,89.323059,0,0,20.000000,0.407315,34.473079,0.015149,50000
621,36.517507,Series RL,0.319710,0.000109501226904,,-34.239059,34.402309,56.293418,1000000,100.000000,0,25.000000,0.521074,89.467521,0,0,20.000000,0.319710,34.400825,0.015146,50000
622,36.575808,Series RL,0.270132,0.000109510359214,,-178.035507,34.404754,-87.585639,1000000,100.000000,0,25.000000,0.521125,89.550132,0,0,20.000000,0.270132,34.403694,0.015147,50000
623,36.633574,Series RL,0.303690,0.000108385652612,,117.481597,34.051712,-152.007385,1000000,100.000000,0,25.000000,0.515783,89.489006,0,0,20.000000,0.303690,34.050357,0.015147,50000
624,36.691716,Series RL,0.350945,0.000109215295499,,151.491958,34.312789,-117.922027,1000000,100.000000,0,25.000000,0.519658,89.413978,0,0,20.000000,0.350945,34.310997,0.015145,50000
625,36.751885,Series RL,0.312705,0.000108522073863,,81.163574,34.094650,171.689086,1000000,100.000000,0,25.000000,0.516409,89.474487,0,0,20.000000,0.312705,34.093215,0.015146,50000
626,36.809786,Series RL,0.188354,0.000108816278141,,-144.236419,34.186161,-53.920734,1000000,100.000000,0,25.000000,0.517888,89.684310,0,0,20.000000,0.188354,34.185642,0.015149,50000
627,36.871800,Series RL,0.104271,0.000108088901854,,105.773628,33.957290,-164.050415,1000000,100.000000,0,25.000000,0.514334,89.824058,0,0,20.000000,0.104271,33.957130,0.015146,50000
628,36.930989,Series RL,0.350510,0.000109564016712,,-177.340377,34.422332,-86.756927,1000000,100.000000,0,25.000000,0.521454,89.416564,0,0,20.000000,0.350510,34.420551,0.015149,50000
629,36.988251,Series RL,0.320440,0.000108577373839,,-62.878814,34.112094,27.659416,1000000,100.000000,0,25.000000,0.516611,89.461761,0,0,20.000000,0.320440,34.110588,0.015145,50000
630,37.045775,Series RL,0.179906,0.000108023575116,,32.972717,33.937084,123.276458,1000000,100.000000,0,25.000000,0.513891,89.696258,0,0,20.000000,0.179906,33.936607,0.015142,50000
631,37.104192,Series RL,0.198446,0.00010868312275,,35.351989,34.144386,125.684997,1000000,100.000000,0,25.000000,0.517153,89.666992,0,0,20.000000,0.198446,34.143810,0.015146,50000
632,37.162443,Series RL,0.324721,0.000108455957716,,-116.557113,34.073993,-26.011085,1000000,100.000000,0,25.000000,0.516125,89.453964,0,0,20.000000,0.324721,34.072444,0.015147,50000
633,37.221871,Series RL,0.154511,0.000108057004021,,51.247783,33.947460,141.508560,1000000,100.000000,0,25.000000,0.514114,89.739219,0,0,20.000000,0.154511,33.947109,0.015144,50000
634,37.281283,Series RL,0.250042,0.000107607047532,,-23.721483,33.806674,66.702293,1000000,100.000000,0,25.000000,0.512015,89.576225,0,0,20.000000,0.250042,33.805751,0.015145,50000
635,37.340825,Series RL,0.276541,0.000109348899708,,-34.548851,34.354084,55.912372,1000000,100.000000,0,25.000000,0.520382,89.538780,0,0,20.000000,0.276541,34.352970,0.015148,50000
636,37.400121,Series RL,0.356329,0.000108898080599,,44.363098,34.213195,134.959854,1000000,100.000000,0,25.000000,0.518147,89.403259,0,0,20.000000,0.356329,34.211341,0.015145,50000
637,37.459276,Series RL,0.148594,0.000107822034029,,175.998977,33.873619,-93.749679,1000000,100.000000,0,25.000000,0.513005,89.748657,0,0,20.000000,0.148594,33.873291,0.015145,50000
638,37.517201,Series RL,0.379484,0.00010984256651,,-102.858123,34.510147,-12.228067,1000000,100.000000,0,25.000000,0.522652,89.369949,0,0,20.000000,0.379484,34.508060,0.015145,50000
639,37.575057,Series RL,0.170033,0.000107899173247,,86.354660,33.897953,176.642074,1000000,100.000000,0,25.000000,0.513531,89.712600,0,0,20.000000,0.170033,33.897525,0.015149,50000
640,37.632364,Series RL,0.378555,0.000109699709033,,-174.999832,34.465259,-84.370483,1000000,100.000000,0,25.000000,0.522021,89.370666,0,0,20.000000,0.378555,34.463180,0.015146,50000
641,37.691418,Series RL,0.286029,0.000107989344071,,-61.294006,33.927059,29.189041,1000000,100.000000,0,25.000000,0.513779,89.516952,0,0,20.000000,0.286029,33.925853,0.015144,50000
642,37.754518,Series RL,0.371203,0.000109524651328,,132.164230,34.410186,-137.217651,1000000,100.000000,0,25.000000,0.521086,89.381904,0,0,20.000000,0.371203,34.408184,0.015143,50000
643,37.811948,Series RL,0.236857,0.000107604134996,,121.352027,33.805667,-148.246551,1000000,100.000000,0,25.000000,0.512033,89.598556,0,0,20.000000,0.236857,33.804836,0.015146,50000
644,37.873035,Series RL,0.267240,0.000107911826065,,46.763603,33.902553,137.215255,1000000,100.000000,0,25.000000,0.513438,89.548355,0,0,20.000000,0.267240,33.901500,0.015145,50000
645,37.932174,Series RL,0.432261,0.000109707552189,,-32.229698,34.468353,58.488861,1000000,100.000000,0,25.000000,0.522110,89.281440,0,0,20.000000,0.432261,34.465644,0.015148,50000
646,37.989176,Series RL,0.286316,0.000109375430837,,-70.517700,34.362499,19.959711,1000000,100.000000,0,25.000000,0.520440,89.522590,0,0,20.000000,0.286316,34.361305,0.015146,50000
647,38.045098,Series RL,0.377411,0.000109766032081,,3.278163,34.486080,93.905212,1000000,100.000000,0,25.000000,0.522464,89.372947,0,0,20.000000,0.377411,34.484016,0.015150,50000
648,38.105078,Series RL,0.352071,0.000109139525014,,25.459877,34.288997,116.048187,1000000,100.000000,0,25.000000,0.519239,89.411689,0,0,20.000000,0.352071,34.287193,0.015143,50000
649,38.162982,Series RL,0.108722,0.000107897533951,,-147.612487,33.897186,-57.428714,1000000,100.000000,0,25.000000,0.513430,89.816230,0,0,20.000000,0.108722,33.897010,0.015147,50000
650,38.220782,Series RL,0.251583,0.000107604122264,,48.063083,33.805770,138.489486,1000000,100.000000,0,25.000000,0.512174,89.573600,0,0,20.000000,0.251583,33.804832,0.015150,50000
651,38.281326,Series RL,0.168260,0.00010777571994,,158.210098,33.859161,-111.505149,1000000,100.000000,0,25.000000,0.512845,89.715270,0,0,20.000000,0.168260,33.858741,0.015146,50000
652,38.339475,Series RL,0.244527,0.000107563735105,,-41.054759,33.793029,49.359832,1000000,100.000000,0,25.000000,0.511725,89.585403,0,0,20.000000,0.244527,33.792144,0.015143,50000
653,38.398746,Series RL,0.160585,0.000108152175493,,177.689239,33.977386,-92.039947,1000000,100.000000,0,25.000000,0.514707,89.729202,0,0,20.000000,0.160585,33.977008,0.015149,50000
654,38.459289,Series RL,0.384453,0.000109495411382,,-137.314758,34.401145,-46.674430,1000000,100.000000,0,25.000000,0.521047,89.359672,0,0,20.000000,0.384453,34.398998,0.015146,50000
655,38.517843,Series RL,0.273836,0.00010795506528,,-43.254795,33.916191,47.207813,1000000,100.000000,0,25.000000,0.513577,89.537391,0,0,20.000000,0.273836,33.915084,0.015143,50000
656,38.575489,Series RL,0.141415,0.000107985810831,,-92.929183,33.925037,-2.690347,1000000,100.000000,0,25.000000,0.513818,89.761161,0,0,20.000000,0.141415,33.924743,0.015146,50000
657,38.632986,Series RL,0.296096,0.000109476032676,,20.061105,34.394184,110.554367,1000000,100.000000,0,25.000000,0.521043,89.506736,0,0,20.000000,0.296096,34.392910,0.015149,50000
658,38.691382,Series RL,0.379659,0.000108762340531,,-27.731210,34.170806,62.905395,1000000,100.000000,0,25.000000,0.517454,89.363388,0,0,20.000000,0.379659,34.168697,0.015143,50000
659,38.752799,Series RL,0.282452,0.000109167475805,,-53.261058,34.297138,37.210800,1000000,100.000000,0,25.000000,0.519596,89.528137,0,0,20.000000,0.282452,34.295974,0.015150,50000
660,38.810354,Series RL,0.193301,0.000107676092129,,103.774429,33.827995,-165.898193,1000000,100.000000,0,25.000000,0.512402,89.672599,0,0,20.000000,0.193301,33.827442,0.015147,50000
661,38.870438,Series RL,0.354432,0.000109676551989,,20.832532,34.457729,111.421890,1000000,100.000000,0,25.000000,0.521957,89.410636,0,0,20.000000,0.354432,34.455905,0.015148,50000
662,38.930000,Series RL,0.277826,0.000107538528146,,-77.680343,33.785366,12.790824,1000000,100.000000,0,25.000000,0.511655,89.528831,0,0,20.000000,0.277826,33.784225,0.015144,50000
663,38.987124,Series RL,0.136825,0.000108030749821,,15.567375,33.939136,105.798362,1000000,100.000000,0,25.000000,0.514055,89.769012,0,0,20.000000,0.136825,33.938861,0.015146,50000
664,39.044683,Series RL,0.357849,0.000108965826492,,151.994766,34.234493,-117.406311,1000000,100.000000,0,25.000000,0.518503,89.401077,0,0,20.000000,0.357849,34.232624,0.015146,50000
665,39.101661,Series RL,0.224255,0.000108483208226,,-109.470542,34.081741,-19.093544,1000000,100.000000,0,25.000000,0.516281,89.623001,0,0,20.000000,0.224255,34.081005,0.015148,50000
666,39.159883,Series RL,0.380222,0.000108903800628,,-99.836402,34.215251,-9.199679,1000000,100.000000,0,25.000000,0.518098,89.363273,0,0,20.000000,0.380222,34.213138,0.015142,50000
667,39.218679,Series RL,0.242829,0.000107557445302,,47.913146,33.791042,138.324890,1000000,100.000000,0,25.000000,0.511857,89.588256,0,0,20.000000,0.242829,33.790168,0.015148,50000
668,39.276301,Series RL,0.382859,0.000109551994148,,60.572700,34.418903,151.210037,1000000,100.000000,0,25.000000,0.521203,89.362655,0,0,20.000000,0.382859,34.416774,0.015143,50000
669,39.336873,Series RL,0.290072,0.000108200224371,,153.916534,33.993339,-115.594528,1000000,100.000000,0,25.000000,0.514910,89.511070,0,0,20.000000,0.290072,33.992103,0.015147,50000
670,39.395132,Series RL,0.340240,0.000109453384928,,-155.332977,34.387477,-64.766067,1000000,100.000000,0,25.000000,0.520860,89.433090,0,0,20.000000,0.340240,34.385795,0.015147,50000
671,39.453765,Series RL,0.347795,0.000108546201752,,-98.869216,34.102569,-8.284873,1000000,100.000000,0,25.000000,0.516433,89.415664,0,0,20.000000,0.347795,34.100795,0.015144,50000
672,39.511508,Series RL,0.410380,0.000109716576274,,-84.908966,34.470924,5.773163,1000000,100.000000,0,25.000000,0.522178,89.317871,0,0,20.000000,0.410380,34.468479,0.015148,50000
673,39.570440,Series RL,0.310217,0.000109370207372,,-142.680007,34.361064,-52.162723,1000000,100.000000,0,25.000000,0.520512,89.482719,0,0,20.000000,0.310217,34.359664,0.015148,50000
674,39.627732,Series RL,0.260283,0.00010908523408,,-161.888931,34.271125,-71.453781,1000000,100.000000,0,25.000000,0.519252,89.564842,0,0,20.000000,0.260283,34.270137,0.015151,50000
675,39.685641,Series RL,0.224779,0.000108884797527,,-126.238677,34.207908,-35.862190,1000000,100.000000,0,25.000000,0.518171,89.623504,0,0,20.000000,0.224779,34.207168,0.015148,50000
676,39.744224,Series RL,0.224244,0.000107554666457,,-77.420928,33.790039,12.959312,1000000,100.000000,0,25.000000,0.511691,89.619750,0,0,20.000000,0.224244,33.789295,0.015143,50000
677,39.805369,Series RL,0.211827,0.000107528596877,,-113.290794,33.781768,-22.931516,1000000,100.000000,0,25.000000,0.511773,89.640724,0,0,20.000000,0.211827,33.781105,0.015149,50000
678,39.865608,Series RL,0.402323,0.000109729289571,,22.579509,34.474822,113.248168,1000000,100.000000,0,25.000000,0.522280,89.331336,0,0,20.000000,0.402323,34.472473,0.015150,50000
679,39.930469,Series RL,0.368452,0.000109738931177,,-32.149074,34.477470,58.463241,1000000,100.000000,0,25.000000,0.522150,89.387687,0,0,20.000000,0.368452,34.475502,0.015145,50000
680,39.988172,Series RL,0.366437,0.000109709048245,,129.796752,34.468059,-139.594100,1000000,100.000000,0,25.000000,0.522110,89.390861,0,0,20.000000,0.366437,34.466114,0.015148,50000
681,40.044332,Series RL,0.364429,0.00010905903081,,-154.119628,34.263843,-63.510211,1000000,100.000000,0,25.000000,0.519001,89.390586,0,0,20.000000,0.364429,34.261905,0.015147,50000
682,40.103711,Series RL,0.368792,0.000109634843845,,-84.270103,34.444774,6.343369,1000000,100.000000,0,25.000000,0.521675,89.386528,0,0,20.000000,0.368792,34.442802,0.015145,50000
683,40.161802,Series RL,0.265115,0.000108987232832,,-179.898117,34.240375,-89.454490,1000000,100.000000,0,25.000000,0.518637,89.556365,0,0,20.000000,0.265115,34.239349,0.015147,50000
684,40.221224,Series RL,0.398608,0.000109750902812,,112.549713,34.481567,-156.787902,1000000,100.000000,0,25.000000,0.522353,89.337638,0,0,20.000000,0.398608,34.479263,0.015149,50000
685,40.279561,Series RL,0.222183,0.000107713175231,,-78.062026,33.839820,12.314160,1000000,100.000000,0,25.000000,0.512485,89.623802,0,0,20.000000,0.222183,33.839092,0.015144,50000
686,40.338629,Series RL,0.222788,0.000108691462469,,-162.659576,34.147159,-72.285758,1000000,100.000000,0,25.000000,0.517320,89.626174,0,0,20.000000,0.222788,34.146430,0.015150,50000
687,40.397826,Series RL,0.275227,0.000108848990848,,-36.205307,34.197025,54.255828,1000000,100.000000,0,25.000000,0.518095,89.538856,0,0,20.000000,0.275227,34.195919,0.015150,50000
688,40.456302,Series RL,0.275744,0.000107943822574,,-132.901077,33.912673,-42.435195,1000000,100.000000,0,25.000000,0.513586,89.534126,0,0,20.000000,0.275744,33.911552,0.015144,50000
689,40.513740,Series RL,0.369241,0.000108463839069,,-134.813659,34.076919,-44.192817,1000000,100.000000,0,25.000000,0.516025,89.379158,0,0,20.000000,0.369241,34.074920,0.015143,50000
690,40.571081,Series RL,0.242016,0.000107726289598,,83.800048,33.844078,174.209762,1000000,100.000000,0,25.000000,0.512709,89.590278,0,0,20.000000,0.242016,33.843212,0.015149,50000
691,40.628816,Series RL,0.221105,0.000108433083968,,-19.631126,34.065975,70.740753,1000000,100.000000,0,25.000000,0.516078,89.628120,0,0,20.000000,0.221105,34.065258,0.015149,50000
692,40.686629,Series RL,0.341886,0.00010954213609,,132.204681,34.415374,-137.226150,1000000,100.000000,0,25.000000,0.521307,89.430809,0,0,20.000000,0.341886,34.413677,0.015147,50000
693,40.746373,Series RL,0.217618,0.000109062481289,,-107.605453,34.263679,-17.241558,1000000,100.000000,0,25.000000,0.519130,89.636093,0,0,20.000000,0.217618,34.262989,0.015151,50000
694,40.811389,Series RL,0.253356,0.000107856300088,,83.052757,33.885002,173.481155,1000000,100.000000,0,25.000000,0.513272,89.571601,0,0,20.000000,0.253356,33.884056,0.015147,50000
695,40.870342,Series RL,0.161876,0.000108202907723,,-146.180892,33.993331,-55.908050,1000000,100.000000,0,25.000000,0.514883,89.727149,0,0,20.000000,0.161876,33.992946,0.015147,50000
696,40.929208,Series RL,0.377348,0.000109597334208,,60.240009,34.433086,150.867919,1000000,100.000000,0,25.000000,0.521599,89.372085,0,0,20.000000,0.377348,34.431018,0.015148,50000
697,40.987895,Series RL,0.242702,0.000108804268309,,-144.763900,34.182731,-54.357093,1000000,100.000000,0,25.000000,0.517911,89.593185,0,0,20.000000,0.242702,34.181869,0.015151,50000
698,41.046037,Series RL,0.279274,0.000107736475514,,119.106666,33.847564,-150.420578,1000000,100.000000,0,25.000000,0.512705,89.527244,0,0,20.000000,0.279274,33.846412,0.015147,50000
699,41.103652,Series RL,0.185124,0.000107634539957,,-166.166717,33.814895,-75.853027,1000000,100.000000,0,25.000000,0.512188,89.686325,0,0,20.000000,0.185124,33.814388,0.015147,50000
700,41.160966,Series RL,0.338122,0.000108620332942,,26.771419,34.125759,117.339126,1000000,100.000000,0,25.000000,0.516734,89.432289,0,0,20.000000,0.338122,34.124084,0.015142,50000
701,41.219182,Series RL,0.350353,0.000109750040193,,77.290756,34.480773,167.872940,1000000,100.000000,0,25.000000,0.522286,89.417816,0,0,20.000000,0.350353,34.478992,0.015147,50000
702,41.279714,Series RL,0.259104,0.000107866158145,,-7.104278,33.888145,83.333801,1000000,100.000000,0,25.000000,0.513388,89.561912,0,0,20.000000,0.259104,33.887153,0.015149,50000
703,41.339558,Series RL,0.206039,0.000107585227389,,-167.169586,33.799526,-76.820320,1000000,100.000000,0,25.000000,0.511907,89.650718,0,0,20.000000,0.206039,33.798896,0.015145,50000
704,41.400051,Series RL,0.140249,0.00010816601879,,-164.447311,33.981647,-74.210830,1000000,100.000000,0,25.000000,0.514709,89.763519,0,0,20.000000,0.140249,33.981357,0.015147,50000
705,41.458985,Series RL,0.359781,0.000108886134429,,8.101155,34.209480,98.703750,1000000,100.000000,0,25.000000,0.518100,89.397407,0,0,20.000000,0.359781,34.207588,0.015145,50000
706,41.518661,Series RL,0.210889,0.000108626307618,,-0.962514,34.126609,89.391548,1000000,100.000000,0,25.000000,0.517042,89.645935,0,0,20.000000,0.210889,34.125961,0.015151,50000
707,41.576629,Series RL,0.306278,0.00010955554012,,91.683822,34.419250,-177.806320,1000000,100.000000,0,25.000000,0.521266,89.490150,0,0,20.000000,0.306278,34.417888,0.015145,50000
708,41.633680,Series RL,0.235828,0.000107557556711,,12.559862,33.791027,102.959732,1000000,100.000000,0,25.000000,0.511816,89.600128,0,0,20.000000,0.235828,33.790203,0.015146,50000
709,41.691902,Series RL,0.359064,0.000109663644523,,-102.810165,34.453723,-12.213031,1000000,100.000000,0,25.000000,0.521812,89.402870,0,0,20.000000,0.359064,34.451850,0.015145,50000
710,41.753195,Series RL,0.250447,0.000107563079387,,-41.178024,33.792865,49.246612,1000000,100.000000,0,25.000000,0.511769,89.575363,0,0,20.000000,0.250447,33.791938,0.015144,50000
711,41.811156,Series RL,0.250985,0.000109201038399,,-179.194778,34.307437,-88.775619,1000000,100.000000,0,25.000000,0.519884,89.580825,0,0,20.000000,0.250985,34.306518,0.015154,50000
712,41.869404,Series RL,0.362307,0.00010883507434,,-99.614402,34.193466,-9.007292,1000000,100.000000,0,25.000000,0.517938,89.392890,0,0,20.000000,0.362307,34.191547,0.015147,50000
713,41.930325,Series RL,0.298121,0.000109255001474,,0.953507,34.324768,91.451148,1000000,100.000000,0,25.000000,0.519946,89.502357,0,0,20.000000,0.298121,34.323471,0.015148,50000
714,41.988312,Series RL,0.367939,0.000109739306783,,-104.741676,34.477584,-14.130210,1000000,100.000000,0,25.000000,0.522289,89.388526,0,0,20.000000,0.367939,34.475620,0.015149,50000
715,42.046907,Series RL,0.362057,0.000108174409439,,9.992018,33.985923,100.602416,1000000,100.000000,0,25.000000,0.514703,89.389610,0,0,20.000000,0.362057,33.983993,0.015145,50000
716,42.104029,Series RL,0.177664,0.000108385970922,,-145.601806,34.050922,-55.302864,1000000,100.000000,0,25.000000,0.515810,89.701049,0,0,20.000000,0.177664,34.050457,0.015148,50000
717,42.161247,Series RL,0.259287,0.000107801391633,,172.954559,33.867797,-96.606788,1000000,100.000000,0,25.000000,0.513004,89.561340,0,0,20.000000,0.259287,33.866806,0.015147,50000
718,42.220164,Series RL,0.416700,0.000109683949511,,-31.673490,34.460746,59.019351,1000000,100.000000,0,25.000000,0.521974,89.307151,0,0,20.000000,0.416700,34.458229,0.015147,50000
719,42.279578,Series RL,0.260272,0.000107754288136,,173.244445,33.853008,-96.315025,1000000,100.000000,0,25.000000,0.512669,89.559486,0,0,20.000000,0.260272,33.852008,0.015144,50000
720,42.338823,Series RL,0.173508,0.000107997238156,,69.486557,33.928779,159.779571,1000000,100.000000,0,25.000000,0.514127,89.706993,0,0,20.000000,0.173508,33.928333,0.015153,50000
721,42.398068,Series RL,0.386380,0.000109285199533,,-118.603195,34.335132,-27.958419,1000000,100.000000,0,25.000000,0.519930,89.355216,0,0,20.000000,0.386380,34.332958,0.015143,50000
722,42.457406,Series RL,0.213689,0.00010761250018,,67.019012,33.808139,157.381164,1000000,100.000000,0,25.000000,0.512065,89.637847,0,0,20.000000,0.213689,33.807464,0.015146,50000
723,42.515003,Series RL,0.364929,0.000109371811653,,6.967503,34.362106,97.576004,1000000,100.000000,0,25.000000,0.520453,89.391502,0,0,20.000000,0.364929,34.360168,0.015146,50000
724,42.571275,Series RL,0.295520,0.000109519306905,,-177.726760,34.407772,-87.234657,1000000,100.000000,0,25.000000,0.521175,89.507896,0,0,20.000000,0.295520,34.406505,0.015147,50000
725,42.627968,Series RL,0.164046,0.00010828449373,,70.177932,34.018974,160.454223,1000000,100.000000,0,25.000000,0.515361,89.723701,0,0,20.000000,0.164046,34.018577,0.015149,50000
726,42.686711,Series RL,0.135592,0.000107960384238,,-20.616096,33.917026,69.612953,1000000,100.000000,0,25.000000,0.513767,89.770942,0,0,20.000000,0.135592,33.916755,0.015148,50000
727,42.745675,Series RL,0.198249,0.000108308328774,,34.196949,34.026645,124.530776,1000000,100.000000,0,25.000000,0.515524,89.666175,0,0,20.000000,0.198249,34.026065,0.015151,50000
728,42.807161,Series RL,0.290956,0.00010826816125,,-26.380401,34.014690,64.109703,1000000,100.000000,0,25.000000,0.514974,89.509895,0,0,20.000000,0.290956,34.013446,0.015140,50000
729,42.867086,Series RL,0.369320,0.00010895942528,,26.221847,34.232604,116.839996,1000000,100.000000,0,25.000000,0.518459,89.381843,0,0,20.000000,0.369320,34.230613,0.015145,50000
730,42.926973,Series RL,0.181370,0.000108221013189,,-145.933792,33.999114,-55.628139,1000000,100.000000,0,25.000000,0.515109,89.694351,0,0,20.000000,0.181370,33.998634,0.015151,50000
731,42.985405,Series RL,0.228243,0.000108459395463,,106.580993,34.074291,-163.035202,1000000,100.000000,0,25.000000,0.516329,89.616210,0,0,20.000000,0.228243,34.073524,0.015153,50000
732,43.042073,Series RL,0.382783,0.000109803213859,,-85.496917,34.497821,5.138839,1000000,100.000000,0,25.000000,0.522532,89.364234,0,0,20.000000,0.382783,34.495697,0.015147,50000
733,43.097867,Series RL,0.278675,0.00010947960093,,91.927101,34.395160,-177.608642,1000000,100.000000,0,25.000000,0.521119,89.535774,0,0,20.000000,0.278675,34.394031,0.015151,50000
734,43.155039,Series RL,0.338707,0.000109534582597,,-15.938026,34.412971,74.625915,1000000,100.000000,0,25.000000,0.521221,89.436058,0,0,20.000000,0.338707,34.411304,0.015146,50000
735,43.213216,Series RL,0.274414,0.000107858073074,,-97.205459,33.885723,-6.741464,1000000,100.000000,0,25.000000,0.513261,89.535995,0,0,20.000000,0.274414,33.884613,0.015147,50000
736,43.272460,Series RL,0.208145,0.000108400660923,,106.463554,34.055709,-163.186264,1000000,100.000000,0,25.000000,0.516172,89.649810,0,0,20.000000,0.208145,34.055072,0.015157,50000
737,43.332276,Series RL,0.180539,0.000107876882005,,86.708747,33.891002,177.013961,1000000,100.000000,0,25.000000,0.513314,89.694778,0,0,20.000000,0.180539,33.890522,0.015146,50000
738,43.391468,Series RL,0.167479,0.000108021388327,,-74.618194,33.936332,15.664565,1000000,100.000000,0,25.000000,0.514093,89.717231,0,0,20.000000,0.167479,33.935920,0.015149,50000
739,43.450487,Series RL,0.375803,0.00010971789726,,167.404220,34.470943,-101.971122,1000000,100.000000,0,25.000000,0.522026,89.375350,0,0,20.000000,0.375803,34.468894,0.015144,50000
740,43.508584,Series RL,0.380772,0.000109690844103,,38.956390,34.462501,129.589462,1000000,100.000000,0,25.000000,0.521998,89.366928,0,0,20.000000,0.380772,34.460395,0.015147,50000
741,43.566344,Series RL,0.282392,0.000107950526181,,-169.331253,33.914833,-78.854179,1000000,100.000000,0,25.000000,0.513695,89.522911,0,0,20.000000,0.282392,33.913658,0.015147,50000
742,43.624029,Series RL,0.364085,0.000109703595597,,111.554656,34.466323,-157.840087,1000000,100.000000,0,25.000000,0.522138,89.394744,0,0,20.000000,0.364085,34.464401,0.015149,50000
743,43.680183,Series RL,0.107125,0.000107904858261,,51.016345,33.899482,141.197402,1000000,100.000000,0,25.000000,0.513462,89.818939,0,0,20.000000,0.107125,33.899311,0.015147,50000
744,43.742753,Series RL,0.248524,0.000108777106927,,-162.396392,34.174240,-71.979728,1000000,100.000000,0,25.000000,0.517943,89.583328,0,0,20.000000,0.248524,34.173336,0.015156,50000
745,43.804648,Series RL,0.260763,0.00010893074556,,144.069198,34.222599,-125.494201,1000000,100.000000,0,25.000000,0.518572,89.563423,0,0,20.000000,0.260763,34.221603,0.015153,50000
746,43.864001,Series RL,0.308039,0.000108585045108,,-44.777397,34.114387,45.739971,1000000,100.000000,0,25.000000,0.516527,89.482627,0,0,20.000000,0.308039,34.112998,0.015141,50000
747,43.923655,Series RL,0.392011,0.000109268819307,,115.208122,34.330051,-154.137573,1000000,100.000000,0,25.000000,0.520001,89.345733,0,0,20.000000,0.392011,34.327812,0.015147,50000
748,43.982913,Series RL,0.353365,0.000109001671368,,-99.902488,34.245708,-9.311270,1000000,100.000000,0,25.000000,0.518649,89.408775,0,0,20.000000,0.353365,34.243885,0.015145,50000
749,44.041978,Series RL,0.362843,0.000109179157778,,-154.670806,34.301563,-64.064712,1000000,100.000000,0,25.000000,0.519475,89.393913,0,0,20.000000,0.362843,34.299644,0.015144,50000
750,44.101916,Series RL,0.219079,0.000107566103331,,139.048019,33.793598,-130.580505,1000000,100.000000,0,25.000000,0.511887,89.628555,0,0,20.000000,0.219079,33.792888,0.015147,50000
751,44.158268,Series RL,0.284655,0.000108081969065,,-133.588958,33.956146,-43.108646,1000000,100.000000,0,25.000000,0.514324,89.519676,0,0,20.000000,0.284655,33.954952,0.015147,50000
752,44.218215,Series RL,0.405856,0.000109395490726,,24.785154,34.370002,115.461746,1000000,100.000000,0,25.000000,0.520625,89.323410,0,0,20.000000,0.405856,34.367607,0.015148,50000
753,44.279600,Series RL,0.378142,0.00010928325466,,-10.700958,34.334430,79.930076,1000000,100.000000,0,25.000000,0.519936,89.368957,0,0,20.000000,0.378142,34.332347,0.015143,50000
754,44.338822,Series RL,0.412271,0.00010979876707,,112.084960,34.496765,-157.230270,1000000,100.000000,0,25.000000,0.522587,89.315238,0,0,20.000000,0.412271,34.494300,0.015149,50000
755,44.397140,Series RL,0.351204,0.00010956680829,,-84.570343,34.423217,6.014228,1000000,100.000000,0,25.000000,0.521270,89.415428,0,0,20.000000,0.351204,34.421428,0.015143,50000
756,44.456410,Series RL,0.397178,0.000108928195897,,43.703636,34.223106,134.368591,1000000,100.000000,0,25.000000,0.518349,89.335037,0,0,20.000000,0.397178,34.220802,0.015146,50000
757,44.513969,Series RL,0.152335,0.000107702951117,,158.362060,33.836223,-111.379981,1000000,100.000000,0,25.000000,0.512584,89.742042,0,0,20.000000,0.152335,33.835880,0.015149,50000
758,44.571794,Series RL,0.234425,0.0001087643427,,143.430496,34.170131,-126.176399,1000000,100.000000,0,25.000000,0.517636,89.606910,0,0,20.000000,0.234425,34.169326,0.015149,50000
759,44.627712,Series RL,0.311116,0.000109363822075,,163.100494,34.359066,-106.380706,1000000,100.000000,0,25.000000,0.520484,89.481185,0,0,20.000000,0.311116,34.357658,0.015148,50000
760,44.686958,Series RL,0.384306,0.000109684057736,,-14.880411,34.460407,75.758575,1000000,100.000000,0,25.000000,0.521992,89.361022,0,0,20.000000,0.384306,34.458263,0.015148,50000
761,44.746567,Series RL,0.414837,0.000109681227961,,-48.681529,34.459873,42.008228,1000000,100.000000,0,25.000000,0.521824,89.310241,0,0,20.000000,0.414837,34.457374,0.015143,50000
762,44.808410,Series RL,0.368153,0.000108899041895,,-171.785705,34.213623,-81.169174,1000000,100.000000,0,25.000000,0.518040,89.383460,0,0,20.000000,0.368153,34.211643,0.015141,50000
763,44.870572,Series RL,0.266006,0.00010922070995,,126.682167,34.313732,-142.873641,1000000,100.000000,0,25.000000,0.519898,89.555824,0,0,20.000000,0.266006,34.312698,0.015151,50000
764,44.931996,Series RL,0.264660,0.000109418437685,,-52.406230,34.375835,38.034889,1000000,100.000000,0,25.000000,0.520632,89.558876,0,0,20.000000,0.264660,34.374816,0.015145,50000
765,44.988788,Series RL,0.288090,0.000109398817064,,-124.677803,34.369857,-34.197536,1000000,100.000000,0,25.000000,0.520509,89.519737,0,0,20.000000,0.288090,34.368652,0.015144,50000
766,45.047913,Series RL,0.261896,0.00010765050638,,29.403779,33.820419,119.847465,1000000,100.000000,0,25.000000,0.512246,89.556312,0,0,20.000000,0.261896,33.819404,0.015146,50000
767,45.107082,Series RL,0.216340,0.000108615972096,,-91.102844,34.123397,-0.739590,1000000,100.000000,0,25.000000,0.516998,89.636741,0,0,20.000000,0.216340,34.122714,0.015151,50000
768,45.167117,Series RL,0.182778,0.000108020904496,,15.191584,33.936260,105.500183,1000000,100.000000,0,25.000000,0.513991,89.691406,0,0,20.000000,0.182778,33.935768,0.015146,50000
769,45.226003,Series RL,0.336411,0.000109715420809,,147.382965,34.469757,-122.057846,1000000,100.000000,0,25.000000,0.522151,89.440803,0,0,20.000000,0.336411,34.468116,0.015148,50000
770,45.287771,Series RL,0.273257,0.000107791883716,,-42.884056,33.864921,47.578277,1000000,100.000000,0,25.000000,0.512935,89.537666,0,0,20.000000,0.273257,33.863819,0.015147,50000
771,45.346070,Series RL,0.410814,0.000109664666298,,112.268722,34.454620,-157.048110,1000000,100.000000,0,25.000000,0.521988,89.316818,0,0,20.000000,0.410814,34.452171,0.015150,50000
772,45.403297,Series RL,0.162016,0.00010789152426,,32.945114,33.895507,123.218986,1000000,100.000000,0,25.000000,0.513380,89.726135,0,0,20.000000,0.162016,33.895122,0.015146,50000
773,45.460166,Series RL,0.123758,0.000107770719292,,158.578796,33.857395,-111.211784,1000000,100.000000,0,25.000000,0.512890,89.790565,0,0,20.000000,0.123758,33.857170,0.015149,50000
774,45.518936,Series RL,0.183937,0.000108360579342,,-19.488389,34.042976,70.821189,1000000,100.000000,0,25.000000,0.515727,89.690422,0,0,20.000000,0.183937,34.042480,0.015149,50000
775,45.578381,Series RL,0.380736,0.000109444316279,,96.908142,34.385055,-172.457427,1000000,100.000000,0,25.000000,0.520783,89.365562,0,0,20.000000,0.380736,34.382946,0.015146,50000
776,45.636900,Series RL,0.299981,0.000109257232827,,37.069667,34.325481,127.570404,1000000,100.000000,0,25.000000,0.520002,89.499259,0,0,20.000000,0.299981,34.324172,0.015149,50000
777,45.695023,Series RL,0.266202,0.000109059673796,,162.211135,34.263145,-107.343688,1000000,100.000000,0,25.000000,0.518918,89.554847,0,0,20.000000,0.266202,34.262107,0.015145,50000
778,45.758782,Series RL,0.233759,0.000109195283357,,-107.260589,34.305507,-16.870166,1000000,100.000000,0,25.000000,0.519591,89.609580,0,0,20.000000,0.233759,34.304710,0.015146,50000
779,45.820593,Series RL,0.388689,0.000109652449565,,165.613693,34.450527,-103.739837,1000000,100.000000,0,25.000000,0.521817,89.353538,0,0,20.000000,0.388689,34.448333,0.015147,50000
780,45.878714,Series RL,0.365413,0.000109314159367,,24.946271,34.344001,115.555900,1000000,100.000000,0,25.000000,0.520080,89.390373,0,0,20.000000,0.365413,34.342056,0.015143,50000
781,45.938072,Series RL,0.218225,0.000107633324013,,13.687959,33.814712,104.057723,1000000,100.000000,0,25.000000,0.512147,89.630233,0,0,20.000000,0.218225,33.814006,0.015146,50000
782,45.997137,Series RL,0.268389,0.00010791233536,,-133.265182,33.902725,-42.811599,1000000,100.000000,0,25.000000,0.513487,89.546409,0,0,20.000000,0.268389,33.901660,0.015146,50000
783,46.054183,Series RL,0.367540,0.00010946973969,,110.030784,34.392898,-159.356887,1000000,100.000000,0,25.000000,0.521100,89.387695,0,0,20.000000,0.367540,34.390933,0.015151,50000
784,46.112894,Series RL,0.382106,0.000109422298784,,42.756179,34.378154,133.393035,1000000,100.000000,0,25.000000,0.520704,89.363159,0,0,20.000000,0.382106,34.376029,0.015146,50000
785,46.169932,Series RL,0.210882,0.000108463463464,,88.911521,34.075454,179.266098,1000000,100.000000,0,25.000000,0.516323,89.645408,0,0,20.000000,0.210882,34.074802,0.015152,50000
786,46.229344,Series RL,0.226048,0.000107784610335,,175.567291,33.862289,-94.050239,1000000,100.000000,0,25.000000,0.512810,89.617515,0,0,20.000000,0.226048,33.861534,0.015144,50000
787,46.289362,Series RL,0.353464,0.000109613303815,,-123.549186,34.437850,-32.961093,1000000,100.000000,0,25.000000,0.521627,89.411911,0,0,20.000000,0.353464,34.436035,0.015147,50000
788,46.347580,Series RL,0.355583,0.000109659127706,,-87.214347,34.452266,3.377013,1000000,100.000000,0,25.000000,0.521961,89.408638,0,0,20.000000,0.355583,34.450431,0.015150,50000
789,46.407828,Series RL,0.379646,0.000109694243653,,-104.855674,34.463554,-14.224489,1000000,100.000000,0,25.000000,0.522040,89.368820,0,0,20.000000,0.379646,34.461463,0.015148,50000
790,46.489139,Series RL,0.262905,0.000108430823968,,34.421966,34.065563,124.864158,1000000,100.000000,0,25.000000,0.516097,89.557807,0,0,20.000000,0.262905,34.064548,0.015150,50000
791,46.555478,Series RL,0.194705,0.000108494463663,,160.529022,34.085098,-109.143707,1000000,100.000000,0,25.000000,0.516536,89.672706,0,0,20.000000,0.194705,34.084541,0.015154,50000
792,46.617727,Series RL,0.393762,0.000109828045213,,-85.722671,34.505744,4.931171,1000000,100.000000,0,25.000000,0.522683,89.346160,0,0,20.000000,0.393762,34.503498,0.015148,50000
793,46.676937,Series RL,0.146946,0.000107821219155,,122.468231,33.873355,-147.283203,1000000,100.000000,0,25.000000,0.513224,89.751449,0,0,20.000000,0.146946,33.873035,0.015151,50000
794,46.744394,Series RL,0.244240,0.000107547342146,,120.561767,33.787879,-149.024078,1000000,100.000000,0,25.000000,0.511781,89.585823,0,0,20.000000,0.244240,33.786994,0.015147,50000
795,46.805527,Series RL,0.157783,0.000107790645491,,-129.457809,33.863800,-39.190841,1000000,100.000000,0,25.000000,0.513088,89.733039,0,0,20.000000,0.157783,33.863430,0.015152,50000
796,46.866655,Series RL,0.321564,0.000108452946505,,-116.666915,34.073017,-26.126169,1000000,100.000000,0,25.000000,0.516015,89.459259,0,0,20.000000,0.321564,34.071498,0.015144,50000
797,46.925954,Series RL,0.367298,0.000109480632254,,-137.674087,34.396316,-47.062240,1000000,100.000000,0,25.000000,0.520893,89.388160,0,0,20.000000,0.367298,34.394355,0.015144,50000
798,46.981905,Series RL,0.343454,0.000109153925353,,-28.457620,34.293437,62.116218,1000000,100.000000,0,25.000000,0.519380,89.426162,0,0,20.000000,0.343454,34.291717,0.015145,50000
799,47.041774,Series RL,0.257374,0.000107663219677,,-168.278442,33.824378,-77.842475,1000000,100.000000,0,25.000000,0.512414,89.564025,0,0,20.000000,0.257374,33.823398,0.015149,50000
800,47.101381,Series RL,0.303515,0.000108390182162,,-62.205226,34.053134,28.305456,1000000,100.000000,0,25.000000,0.515720,89.489311,0,0,20.000000,0.303515,34.051780,0.015145,50000
801,47.160024,Series RL,0.380288,0.000109684032271,,165.045639,34.460353,-104.322052,1000000,100.000000,0,25.000000,0.522013,89.367691,0,0,20.000000,0.380288,34.458255,0.015148,50000
802,47.220221,Series RL,0.227507,0.000107556328034,,-131.311553,33.790584,-40.925788,1000000,100.000000,0,25.000000,0.511892,89.614227,0,0,20.000000,0.227507,33.789817,0.015149,50000
803,47.281860,Series RL,0.348063,0.000109522149413,,57.171966,34.409156,147.751556,1000000,100.000000,0,25.000000,0.521276,89.420417,0,0,20.000000,0.348063,34.407398,0.015149,50000
804,47.339218,Series RL,0.241228,0.000109247836319,,126.375625,34.322067,-143.221694,1000000,100.000000,0,25.000000,0.519915,89.597297,0,0,20.000000,0.241228,34.321220,0.015148,50000
805,47.400579,Series RL,0.362668,0.000109449609773,,-172.985351,34.386520,-82.381050,1000000,100.000000,0,25.000000,0.520829,89.395698,0,0,20.000000,0.362668,34.384609,0.015146,50000
806,47.459532,Series RL,0.385258,0.000109681387116,,-104.696846,34.459579,-14.056268,1000000,100.000000,0,25.000000,0.521977,89.359420,0,0,20.000000,0.385258,34.457424,0.015148,50000
807,47.517649,Series RL,0.242754,0.000107545728315,,102.543601,33.787361,-167.044738,1000000,100.000000,0,25.000000,0.511776,89.588340,0,0,20.000000,0.242754,33.786487,0.015147,50000
808,47.576487,Series RL,0.366573,0.0001097868209,,23.329193,34.492496,113.938117,1000000,100.000000,0,25.000000,0.522300,89.391067,0,0,20.000000,0.366573,34.490547,0.015142,50000
809,47.634901,Series RL,0.384629,0.000109196133244,,7.453409,34.307132,98.095794,1000000,100.000000,0,25.000000,0.519663,89.357620,0,0,20.000000,0.384629,34.304977,0.015147,50000
810,47.692307,Series RL,0.410168,0.000109682965933,,-139.943115,34.460361,-49.261123,1000000,100.000000,0,25.000000,0.521988,89.318016,0,0,20.000000,0.410168,34.457920,0.015147,50000
811,47.754059,Series RL,0.234702,0.00010760670694,,102.064292,33.806461,-167.537902,1000000,100.000000,0,25.000000,0.512118,89.602218,0,0,20.000000,0.234702,33.805644,0.015149,50000
812,47.813659,Series RL,0.294461,0.000107702113962,,-24.218662,33.836898,66.279953,1000000,100.000000,0,25.000000,0.512475,89.501380,0,0,20.000000,0.294461,33.835617,0.015145,50000
813,47.873763,Series RL,0.225980,0.000109128145435,,-89.819351,34.284362,0.558316,1000000,100.000000,0,25.000000,0.519257,89.622337,0,0,20.000000,0.225980,34.283618,0.015146,50000
814,47.935487,Series RL,0.332955,0.000108770451067,,-9.344947,34.172866,81.213310,1000000,100.000000,0,25.000000,0.517606,89.441741,0,0,20.000000,0.332955,34.171245,0.015147,50000
815,47.994610,Series RL,0.354762,0.000109801803746,,23.447267,34.497077,114.036506,1000000,100.000000,0,25.000000,0.522500,89.410766,0,0,20.000000,0.354762,34.495254,0.015146,50000
816,48.052805,Series RL,0.353404,0.000109643126268,,147.240051,34.447216,-122.172134,1000000,100.000000,0,25.000000,0.521766,89.412170,0,0,20.000000,0.353404,34.445404,0.015147,50000
817,48.111291,Series RL,0.353107,0.000109828054763,,-157.989974,34.505310,-67.403633,1000000,100.000000,0,25.000000,0.522632,89.413658,0,0,20.000000,0.353107,34.503501,0.015146,50000
818,48.169622,Series RL,0.241947,0.000107724395654,,-168.325698,33.843482,-77.916076,1000000,100.000000,0,25.000000,0.512682,89.590385,0,0,20.000000,0.241947,33.842617,0.015149,50000
819,48.228845,Series RL,0.235889,0.000107640403225,,-59.653663,33.817054,30.746006,1000000,100.000000,0,25.000000,0.512193,89.600334,0,0,20.000000,0.235889,33.816230,0.015146,50000
820,48.288234,Series RL,0.349221,0.000109711998978,,146.832199,34.468811,-122.587272,1000000,100.000000,0,25.000000,0.522204,89.419502,0,0,20.000000,0.349221,34.467041,0.015150,50000
821,48.347705,Series RL,0.346691,0.000108069182557,,-25.750310,33.952705,64.834747,1000000,100.000000,0,25.000000,0.514284,89.414939,0,0,20.000000,0.346691,33.950935,0.015147,50000
822,48.406945,Series RL,0.194344,0.000108528863413,,160.862319,34.095901,-108.811065,1000000,100.000000,0,25.000000,0.516571,89.673416,0,0,20.000000,0.194344,34.095348,0.015151,50000
823,48.467033,Series RL,0.366457,0.000109715057936,,131.172866,34.469951,-138.218002,1000000,100.000000,0,25.000000,0.522176,89.390861,0,0,20.000000,0.366457,34.468002,0.015149,50000
824,48.525584,Series RL,0.386472,0.000109844231271,,-50.210063,34.510746,40.431587,1000000,100.000000,0,25.000000,0.522752,89.358345,0,0,20.000000,0.386472,34.508583,0.015148,50000
825,48.585014,Series RL,0.333081,0.000109313188522,,115.225944,34.343364,-154.218353,1000000,100.000000,0,25.000000,0.520209,89.444297,0,0,20.000000,0.333081,34.341751,0.015147,50000
826,48.644234,Series RL,0.321071,0.00010962987821,,-177.321762,34.442737,-86.787643,1000000,100.000000,0,25.000000,0.521774,89.465881,0,0,20.000000,0.321071,34.441242,0.015149,50000
827,48.702715,Series RL,0.321591,0.000108578551586,,-134.759078,34.112472,-44.218906,1000000,100.000000,0,25.000000,0.516636,89.459838,0,0,20.000000,0.321591,34.110958,0.015145,50000
828,48.763169,Series RL,0.357766,0.000109646013339,,-177.310516,34.448169,-86.715438,1000000,100.000000,0,25.000000,0.521869,89.404937,0,0,20.000000,0.357766,34.446311,0.015149,50000
829,48.824274,Series RL,0.280629,0.000108146796056,,-43.996669,33.976478,46.476577,1000000,100.000000,0,25.000000,0.514618,89.526763,0,0,20.000000,0.280629,33.975318,0.015146,50000
830,48.884101,Series RL,0.257409,0.000108782155322,,107.573265,34.175891,-161.995178,1000000,100.000000,0,25.000000,0.517832,89.568443,0,0,20.000000,0.257409,34.174922,0.015152,50000
831,48.944758,Series RL,0.399944,0.000109759026081,,-84.729972,34.484134,5.934561,1000000,100.000000,0,25.000000,0.522312,89.335472,0,0,20.000000,0.399944,34.481815,0.015146,50000
832,49.004954,Series RL,0.137873,0.000107932493926,,-147.325820,33.908271,-57.092849,1000000,100.000000,0,25.000000,0.513648,89.767028,0,0,20.000000,0.137873,33.907993,0.015148,50000
833,49.064304,Series RL,0.244550,0.000107623332265,,47.998249,33.811752,138.412658,1000000,100.000000,0,25.000000,0.512236,89.585586,0,0,20.000000,0.244550,33.810867,0.015150,50000
834,49.124515,Series RL,0.240677,0.000107697692638,,175.498977,33.835086,-94.093452,1000000,100.000000,0,25.000000,0.512545,89.592437,0,0,20.000000,0.240677,33.834228,0.015148,50000
835,49.184497,Series RL,0.286686,0.000107804606563,,10.899082,33.869029,101.384078,1000000,100.000000,0,25.000000,0.512969,89.515007,0,0,20.000000,0.286686,33.867816,0.015146,50000
836,49.244232,Series RL,0.247825,0.000107596279108,,-6.287676,33.803276,84.132385,1000000,100.000000,0,25.000000,0.512063,89.579933,0,0,20.000000,0.247825,33.802368,0.015148,50000
837,49.305584,Series RL,0.335197,0.000108788082252,,-117.393211,34.178428,-26.831287,1000000,100.000000,0,25.000000,0.517649,89.438072,0,0,20.000000,0.335197,34.176784,0.015145,50000
838,49.368384,Series RL,0.356457,0.000109433118137,,24.773832,34.381275,115.367874,1000000,100.000000,0,25.000000,0.520705,89.405960,0,0,20.000000,0.356457,34.379428,0.015145,50000
839,49.429878,Series RL,0.389070,0.000108883279189,,-135.774398,34.208904,-45.122737,1000000,100.000000,0,25.000000,0.518082,89.348342,0,0,20.000000,0.389070,34.206691,0.015145,50000
840,49.489810,Series RL,0.237028,0.000108732820472,,107.558937,34.160243,-162.043518,1000000,100.000000,0,25.000000,0.517631,89.602432,0,0,20.000000,0.237028,34.159423,0.015153,50000
841,49.549527,Series RL,0.221519,0.000108412985882,,-145.694473,34.059665,-55.321830,1000000,100.000000,0,25.000000,0.515970,89.627349,0,0,20.000000,0.221519,34.058944,0.015149,50000
842,49.608414,Series RL,0.382403,0.000109762667546,,148.127883,34.485080,-121.236732,1000000,100.000000,0,25.000000,0.522466,89.364631,0,0,20.000000,0.382403,34.482959,0.015150,50000
843,49.674256,Series RL,0.360700,0.000109381087203,,-136.846893,34.364974,-46.245494,1000000,100.000000,0,25.000000,0.520528,89.398605,0,0,20.000000,0.360700,34.363082,0.015147,50000
844,49.739974,Series RL,0.124204,0.000108131144759,,33.598243,33.970626,123.807739,1000000,100.000000,0,25.000000,0.514603,89.790504,0,0,20.000000,0.124204,33.970401,0.015148,50000
845,49.803143,Series RL,0.229530,0.00010850310896,,-163.298324,34.088031,-72.912528,1000000,100.000000,0,25.000000,0.516433,89.614196,0,0,20.000000,0.229530,34.087257,0.015150,50000
846,49.862973,Series RL,0.305714,0.000108313151169,,81.615295,34.028953,172.130035,1000000,100.000000,0,25.000000,0.515489,89.485252,0,0,20.000000,0.305714,34.027580,0.015149,50000
847,49.925061,Series RL,0.329563,0.000109624584717,,164.562316,34.441154,-104.889411,1000000,100.000000,0,25.000000,0.521731,89.451728,0,0,20.000000,0.329563,34.439579,0.015148,50000
848,49.991475,Series RL,0.099758,0.00010783052017,,-3.752734,33.876106,86.415992,1000000,100.000000,0,25.000000,0.513081,89.831275,0,0,20.000000,0.099758,33.875957,0.015146,50000
849,50.050384,Series RL,0.337931,0.000109538214513,,-159.700332,34.414104,-69.137702,1000000,100.000000,0,25.000000,0.521240,89.437370,0,0,20.000000,0.337931,34.412445,0.015146,50000
850,50.110091,Series RL,0.147893,0.000107846244679,,-21.452301,33.881217,68.797798,1000000,100.000000,0,25.000000,0.513243,89.749900,0,0,20.000000,0.147893,33.880897,0.015148,50000
851,50.170753,Series RL,0.149616,0.000107923737221,,-111.426963,33.905574,-21.174131,1000000,100.000000,0,25.000000,0.513554,89.747161,0,0,20.000000,0.149616,33.905242,0.015147,50000
852,50.234264,Series RL,0.179831,0.000108480814535,,-1.466142,34.080730,88.836189,1000000,100.000000,0,25.000000,0.516257,89.697669,0,0,20.000000,0.179831,34.080253,0.015148,50000
853,50.296253,Series RL,0.289573,0.000109259527841,,91.046813,34.326114,-178.469802,1000000,100.000000,0,25.000000,0.520094,89.516647,0,0,20.000000,0.289573,34.324893,0.015152,50000
854,50.357972,Series RL,0.366368,0.000109625698802,,-87.610694,34.441879,2.998796,1000000,100.000000,0,25.000000,0.521814,89.390510,0,0,20.000000,0.366368,34.439929,0.015151,50000
855,50.419048,Series RL,0.271760,0.000107841727861,,101.255439,33.880569,-168.284973,1000000,100.000000,0,25.000000,0.513140,89.540420,0,0,20.000000,0.271760,33.879478,0.015146,50000
856,50.480024,Series RL,0.360533,0.000109700523907,,-104.369247,34.465320,-13.769880,1000000,100.000000,0,25.000000,0.522122,89.400634,0,0,20.000000,0.360533,34.463436,0.015149,50000
857,50.539835,Series RL,0.388135,0.000109672496721,,129.181243,34.456817,-140.173309,1000000,100.000000,0,25.000000,0.522071,89.354576,0,0,20.000000,0.388135,34.454631,0.015151,50000
858,50.599499,Series RL,0.343463,0.00010891675584,,-153.846328,34.218933,-63.271228,1000000,100.000000,0,25.000000,0.518274,89.424896,0,0,20.000000,0.343463,34.217208,0.015146,50000
859,50.659137,Series RL,0.291256,0.000109124905041,,-17.689336,34.283836,72.797424,1000000,100.000000,0,25.000000,0.519366,89.513236,0,0,20.000000,0.291256,34.282600,0.015149,50000
860,50.721205,Series RL,0.208511,0.000107600818207,,121.555610,33.804435,-148.090942,1000000,100.000000,0,25.000000,0.512199,89.646583,0,0,20.000000,0.208511,33.803794,0.015152,50000
861,50.783934,Series RL,0.209174,0.000108564052571,,106.959541,34.107044,-162.689086,1000000,100.000000,0,25.000000,0.516929,89.648605,0,0,20.000000,0.209174,34.106403,0.015156,50000
862,50.844580,Series RL,0.129390,0.000107930307137,,-147.342422,33.907554,-57.123786,1000000,100.000000,0,25.000000,0.513604,89.781356,0,0,20.000000,0.129390,33.907306,0.015147,50000
863,50.908131,Series RL,0.278580,0.000109390779739,,91.376197,34.367256,-178.159347,1000000,100.000000,0,25.000000,0.520786,89.535552,0,0,20.000000,0.278580,34.366127,0.015154,50000
864,50.969294,Series RL,0.409568,0.000109133356168,,-136.188781,34.287700,-45.504364,1000000,100.000000,0,25.000000,0.519291,89.315574,0,0,20.000000,0.409568,34.285255,0.015145,50000
865,51.028348,Series RL,0.380953,0.000109515932821,,110.269020,34.407554,-159.096603,1000000,100.000000,0,25.000000,0.521309,89.365615,0,0,20.000000,0.380953,34.405445,0.015151,50000
866,51.086069,Series RL,0.237926,0.000107659333114,,-59.768638,33.823013,30.634408,1000000,100.000000,0,25.000000,0.512342,89.596954,0,0,20.000000,0.237926,33.822177,0.015148,50000
867,51.145921,Series RL,0.299041,0.000108492932593,,9.413428,34.085372,99.916107,1000000,100.000000,0,25.000000,0.516278,89.497314,0,0,20.000000,0.299041,34.084060,0.015147,50000
868,51.206078,Series RL,0.326560,0.000109004692129,,8.250136,34.246391,98.796493,1000000,100.000000,0,25.000000,0.518582,89.453643,0,0,20.000000,0.326560,34.244834,0.015143,50000
869,51.270789,Series RL,0.192870,0.000108666997171,,35.026596,34.139289,125.350288,1000000,100.000000,0,25.000000,0.517221,89.676300,0,0,20.000000,0.192870,34.138744,0.015150,50000
870,51.333856,Series RL,0.217055,0.000108276650574,,178.284439,34.016803,-91.349952,1000000,100.000000,0,25.000000,0.515465,89.634399,0,0,20.000000,0.217055,34.016113,0.015153,50000
871,51.399400,Series RL,0.306499,0.000108424581911,,-26.676681,34.063968,63.838859,1000000,100.000000,0,25.000000,0.515856,89.484458,0,0,20.000000,0.306499,34.062587,0.015144,50000
872,51.462655,Series RL,0.239521,0.000107685708271,,157.808258,33.831310,-111.786071,1000000,100.000000,0,25.000000,0.512412,89.594352,0,0,20.000000,0.239521,33.830463,0.015146,50000
873,51.524265,Series RL,0.224819,0.000109201512681,,-179.166809,34.307403,-88.791336,1000000,100.000000,0,25.000000,0.519717,89.624534,0,0,20.000000,0.224819,34.306667,0.015149,50000
874,51.584305,Series RL,0.314897,0.000108369928103,,81.551162,34.046875,172.081085,1000000,100.000000,0,25.000000,0.515902,89.470069,0,0,20.000000,0.314897,34.045417,0.015153,50000
875,51.643940,Series RL,0.297732,0.000109382497316,,91.237533,34.364814,-178.266067,1000000,100.000000,0,25.000000,0.520636,89.503593,0,0,20.000000,0.297732,34.363525,0.015150,50000
876,51.705716,Series RL,0.320386,0.000109410241206,,-124.697029,34.373737,-34.162975,1000000,100.000000,0,25.000000,0.520754,89.465950,0,0,20.000000,0.320386,34.372241,0.015150,50000
877,51.766702,Series RL,0.363674,0.000109460161745,,-101.126533,34.389846,-10.520618,1000000,100.000000,0,25.000000,0.520885,89.394073,0,0,20.000000,0.363674,34.387924,0.015146,50000
878,51.827213,Series RL,0.104235,0.000107883827527,,158.866027,33.892864,-110.957763,1000000,100.000000,0,25.000000,0.513464,89.823783,0,0,20.000000,0.104235,33.892704,0.015150,50000
879,51.890338,Series RL,0.172517,0.000107792100167,,-40.145439,33.864326,50.146453,1000000,100.000000,0,25.000000,0.512849,89.708114,0,0,20.000000,0.172517,33.863887,0.015144,50000
880,51.952835,Series RL,0.331343,0.000108654646747,,-99.277130,34.136470,-8.720981,1000000,100.000000,0,25.000000,0.517051,89.443855,0,0,20.000000,0.331343,34.134864,0.015147,50000
881,52.015203,Series RL,0.145351,0.000108149371183,,-56.109256,33.976436,34.135860,1000000,100.000000,0,25.000000,0.514770,89.754882,0,0,20.000000,0.145351,33.976127,0.015151,50000
882,52.076698,Series RL,0.386583,0.000109230485247,,-172.529602,34.317947,-81.884170,1000000,100.000000,0,25.000000,0.519767,89.354560,0,0,20.000000,0.386583,34.315769,0.015146,50000
883,52.138179,Series RL,0.236994,0.000107628005055,,30.683771,33.813167,121.085357,1000000,100.000000,0,25.000000,0.512212,89.598411,0,0,20.000000,0.236994,33.812335,0.015148,50000
884,52.198461,Series RL,0.372785,0.0001095748106,,114.455482,34.425960,-154.924087,1000000,100.000000,0,25.000000,0.521498,89.379554,0,0,20.000000,0.372785,34.423942,0.015148,50000
885,52.259046,Series RL,0.339834,0.000109065419289,,61.857440,34.265598,152.425704,1000000,100.000000,0,25.000000,0.518885,89.431747,0,0,20.000000,0.339834,34.263912,0.015143,50000
886,52.321329,Series RL,0.361177,0.00010855297857,,170.851654,34.104835,-98.541542,1000000,100.000000,0,25.000000,0.516549,89.393211,0,0,20.000000,0.361177,34.102924,0.015146,50000
887,52.381723,Series RL,0.331633,0.000108677765594,,-99.020317,34.143737,-8.463796,1000000,100.000000,0,25.000000,0.517174,89.443481,0,0,20.000000,0.331633,34.142127,0.015147,50000
888,52.442990,Series RL,0.299007,0.000108063790387,,-25.751409,33.950557,64.753211,1000000,100.000000,0,25.000000,0.514146,89.495376,0,0,20.000000,0.299007,33.949241,0.015144,50000
889,52.503110,Series RL,0.290169,0.000108348267116,,-134.501907,34.039848,-44.013477,1000000,100.000000,0,25.000000,0.515469,89.511581,0,0,20.000000,0.290169,34.038612,0.015143,50000
890,52.565596,Series RL,0.211488,0.000108258229981,,-163.804336,34.010982,-73.448059,1000000,100.000000,0,25.000000,0.515384,89.643714,0,0,20.000000,0.211488,34.010326,0.015153,50000
891,52.625937,Series RL,0.275733,0.000107877572738,,-115.102302,33.891860,-24.636156,1000000,100.000000,0,25.000000,0.513261,89.533851,0,0,20.000000,0.275733,33.890739,0.015144,50000
892,52.685734,Series RL,0.163668,0.000108086046615,,69.342178,33.956626,159.618347,1000000,100.000000,0,25.000000,0.514394,89.723838,0,0,20.000000,0.163668,33.956233,0.015149,50000
893,52.747817,Series RL,0.347417,0.000109058107711,,43.951210,34.263378,134.532180,1000000,100.000000,0,25.000000,0.518814,89.419029,0,0,20.000000,0.347417,34.261615,0.015142,50000
894,52.808845,Series RL,0.138258,0.000107766189742,,-93.430000,33.856029,-3.196019,1000000,100.000000,0,25.000000,0.512966,89.766014,0,0,20.000000,0.138258,33.855747,0.015151,50000
895,52.875030,Series RL,0.109873,0.000107802311548,,122.127609,33.867275,-147.686523,1000000,100.000000,0,25.000000,0.513010,89.814109,0,0,20.000000,0.109873,33.867095,0.015148,50000
896,52.937495,Series RL,0.385736,0.000109723677768,,-30.695598,34.472869,59.945526,1000000,100.000000,0,25.000000,0.522031,89.358871,0,0,20.000000,0.385736,34.470710,0.015143,50000
897,52.998493,Series RL,0.371641,0.000109721796556,,-32.806526,34.472122,57.811191,1000000,100.000000,0,25.000000,0.522195,89.382286,0,0,20.000000,0.371641,34.470119,0.015148,50000
898,53.057961,Series RL,0.315885,0.000109632803478,,-159.185012,34.443607,-68.659538,1000000,100.000000,0,25.000000,0.521718,89.474525,0,0,20.000000,0.315885,34.442161,0.015147,50000
899,53.119230,Series RL,0.318626,0.000108115009631,,46.062362,33.966827,136.599838,1000000,100.000000,0,25.000000,0.514406,89.462524,0,0,20.000000,0.318626,33.965332,0.015144,50000
900,53.180510,Series RL,0.303052,0.000108106157433,,-79.707939,33.963901,10.803307,1000000,100.000000,0,25.000000,0.514472,89.488746,0,0,20.000000,0.303052,33.962551,0.015148,50000
901,53.242879,Series RL,0.311197,0.000109418135291,,-142.504959,34.376129,-51.986263,1000000,100.000000,0,25.000000,0.520847,89.481307,0,0,20.000000,0.311197,34.374721,0.015151,50000
902,53.305890,Series RL,0.330378,0.000109275131392,,115.405632,34.331386,-154.042999,1000000,100.000000,0,25.000000,0.519970,89.448623,0,0,20.000000,0.330378,34.329795,0.015146,50000
903,53.369810,Series RL,0.133591,0.000108023065821,,-3.052942,33.936710,87.172599,1000000,100.000000,0,25.000000,0.514134,89.774452,0,0,20.000000,0.133591,33.936447,0.015150,50000
904,53.432558,Series RL,0.351494,0.000109202919611,,133.781051,34.308910,-135.631912,1000000,100.000000,0,25.000000,0.519655,89.412986,0,0,20.000000,0.351494,34.307109,0.015146,50000
905,53.493636,Series RL,0.339898,0.000108849185017,,-63.676441,34.197669,26.893049,1000000,100.000000,0,25.000000,0.517943,89.430511,0,0,20.000000,0.339898,34.195980,0.015146,50000
906,53.553034,Series RL,0.283279,0.000108994869086,,53.873554,34.242919,144.347549,1000000,100.000000,0,25.000000,0.518667,89.526000,0,0,20.000000,0.283279,34.241748,0.015147,50000
907,53.616070,Series RL,0.351654,0.0001098173691,,-31.897657,34.501937,58.686328,1000000,100.000000,0,25.000000,0.522525,89.416007,0,0,20.000000,0.351654,34.500144,0.015145,50000
908,53.675824,Series RL,0.351106,0.000109603990067,,-33.720401,34.434898,56.863815,1000000,100.000000,0,25.000000,0.521723,89.415786,0,0,20.000000,0.351106,34.433109,0.015151,50000
909,53.738255,Series RL,0.225588,0.000107688318412,,-40.594463,33.832035,49.787586,1000000,100.000000,0,25.000000,0.512372,89.617958,0,0,20.000000,0.225588,33.831283,0.015145,50000
910,53.799234,Series RL,0.327271,0.000108953195956,,62.124729,34.230220,152.672546,1000000,100.000000,0,25.000000,0.518525,89.452194,0,0,20.000000,0.327271,34.228656,0.015148,50000
911,53.861334,Series RL,0.367430,0.000109730744247,,167.593505,34.474887,-101.795806,1000000,100.000000,0,25.000000,0.522222,89.389335,0,0,20.000000,0.367430,34.472930,0.015148,50000
912,53.925398,Series RL,0.254856,0.00010898141731,,-89.943443,34.238468,0.483047,1000000,100.000000,0,25.000000,0.518570,89.573501,0,0,20.000000,0.254856,34.237522,0.015146,50000
913,53.986405,Series RL,0.136750,0.000107815088507,,-129.776107,33.871383,-39.544776,1000000,100.000000,0,25.000000,0.513045,89.768676,0,0,20.000000,0.136750,33.871109,0.015147,50000
914,54.049637,Series RL,0.149435,0.000107869411272,,122.593772,33.888504,-147.153549,1000000,100.000000,0,25.000000,0.513476,89.747344,0,0,20.000000,0.149435,33.888175,0.015152,50000
915,54.111745,Series RL,0.238783,0.000109342304327,,127.525680,34.351730,-142.076034,1000000,100.000000,0,25.000000,0.520375,89.601722,0,0,20.000000,0.238783,34.350898,0.015148,50000
916,54.172198,Series RL,0.106217,0.000107918819333,,-57.042125,33.903861,33.137374,1000000,100.000000,0,25.000000,0.513455,89.820495,0,0,20.000000,0.106217,33.903697,0.015144,50000
917,54.232563,Series RL,0.181806,0.000108248817558,,-74.025413,34.007858,16.280893,1000000,100.000000,0,25.000000,0.515180,89.693695,0,0,20.000000,0.181806,34.007369,0.015149,50000
918,54.294972,Series RL,0.347846,0.000109118312843,,-64.086830,34.282291,26.494531,1000000,100.000000,0,25.000000,0.519259,89.418632,0,0,20.000000,0.347846,34.280529,0.015147,50000
919,54.358441,Series RL,0.372484,0.000109578149671,,-32.218364,34.427009,58.401565,1000000,100.000000,0,25.000000,0.521397,89.380065,0,0,20.000000,0.372484,34.424991,0.015145,50000
920,54.420161,Series RL,0.426657,0.000109674053256,,130.370574,34.457759,-138.919967,1000000,100.000000,0,25.000000,0.521953,89.290542,0,0,20.000000,0.426657,34.455120,0.015148,50000
921,54.481717,Series RL,0.269501,0.000107797966618,,-60.725410,33.866802,29.730539,1000000,100.000000,0,25.000000,0.513000,89.544052,0,0,20.000000,0.269501,33.865730,0.015148,50000
922,54.545595,Series RL,0.385834,0.000109658316016,,38.983844,34.452339,129.625534,1000000,100.000000,0,25.000000,0.521923,89.358329,0,0,20.000000,0.385834,34.450176,0.015149,50000
923,54.607382,Series RL,0.244982,0.000107632547337,,157.381210,33.814651,-112.203697,1000000,100.000000,0,25.000000,0.512027,89.584899,0,0,20.000000,0.244982,33.813762,0.015142,50000
924,54.669996,Series RL,0.340311,0.00010783677496,,10.808087,33.879631,101.383621,1000000,100.000000,0,25.000000,0.513094,89.424468,0,0,20.000000,0.340311,33.877922,0.015145,50000
925,54.734793,Series RL,0.381436,0.000109478022113,,60.411216,34.395648,151.046630,1000000,100.000000,0,25.000000,0.521069,89.364593,0,0,20.000000,0.381436,34.393535,0.015149,50000
926,54.795724,Series RL,0.379565,0.000109726787655,,57.557937,34.473777,148.188796,1000000,100.000000,0,25.000000,0.522109,89.369140,0,0,20.000000,0.379565,34.471687,0.015145,50000
927,54.858858,Series RL,0.306099,0.00010845703997,,-8.764783,34.074157,81.749931,1000000,100.000000,0,25.000000,0.515979,89.485282,0,0,20.000000,0.306099,34.072784,0.015143,50000
928,54.921570,Series RL,0.221489,0.000108380273175,,-73.526611,34.049388,16.846099,1000000,100.000000,0,25.000000,0.515899,89.627288,0,0,20.000000,0.221489,34.048667,0.015151,50000
929,54.983811,Series RL,0.211766,0.000108540058371,,-72.990638,34.099521,17.365186,1000000,100.000000,0,25.000000,0.516578,89.644172,0,0,20.000000,0.211766,34.098865,0.015149,50000
930,55.046680,Series RL,0.401409,0.000109786286139,,-158.251953,34.492713,-67.585159,1000000,100.000000,0,25.000000,0.522382,89.333198,0,0,20.000000,0.401409,34.490379,0.015145,50000
931,55.108140,Series RL,0.175868,0.000107867154455,,176.438369,33.887920,-93.264259,1000000,100.000000,0,25.000000,0.513357,89.702644,0,0,20.000000,0.175868,33.887466,0.015149,50000
932,55.170168,Series RL,0.136329,0.00010805741464,,-164.531005,33.947513,-74.300903,1000000,100.000000,0,25.000000,0.514387,89.769905,0,0,20.000000,0.136329,33.947238,0.015152,50000
933,55.233970,Series RL,0.374852,0.000109247728094,,-172.592880,34.323234,-81.967132,1000000,100.000000,0,25.000000,0.519966,89.374237,0,0,20.000000,0.374852,34.321186,0.015149,50000
934,55.299365,Series RL,0.407002,0.000109684372863,,76.637519,34.460765,167.314239,1000000,100.000000,0,25.000000,0.521981,89.323280,0,0,20.000000,0.407002,34.458362,0.015147,50000
935,55.362366,Series RL,0.302472,0.000108007436805,,-7.743547,33.932884,82.767181,1000000,100.000000,0,25.000000,0.513938,89.489265,0,0,20.000000,0.302472,33.931537,0.015146,50000
936,55.427096,Series RL,0.204965,0.000108788107716,,-0.342551,34.177406,90.001068,1000000,100.000000,0,25.000000,0.517846,89.656387,0,0,20.000000,0.204965,34.176792,0.015152,50000
937,55.488961,Series RL,0.445175,0.000109712193147,,-121.548248,34.469974,-30.808261,1000000,100.000000,0,25.000000,0.522121,89.260009,0,0,20.000000,0.445175,34.467102,0.015147,50000
938,55.552132,Series RL,0.110855,0.00010791645429,,-75.521308,33.903137,14.666037,1000000,100.000000,0,25.000000,0.513539,89.812652,0,0,20.000000,0.110855,33.902954,0.015147,50000
939,55.613428,Series RL,0.256614,0.000107764002953,,137.233718,33.856033,-132.332000,1000000,100.000000,0,25.000000,0.512962,89.565711,0,0,20.000000,0.256614,33.855060,0.015151,50000
940,55.674758,Series RL,0.300641,0.000109485722029,,74.333641,34.397266,164.834426,1000000,100.000000,0,25.000000,0.521137,89.499214,0,0,20.000000,0.300641,34.395954,0.015151,50000
941,55.737771,Series RL,0.374446,0.000108798245886,,116.267005,34.182029,-153.105316,1000000,100.000000,0,25.000000,0.517625,89.372337,0,0,20.000000,0.374446,34.179977,0.015143,50000
942,55.801857,Series RL,0.182719,0.000107583479868,,13.743223,33.798839,104.052970,1000000,100.000000,0,25.000000,0.511937,89.690246,0,0,20.000000,0.182719,33.798347,0.015147,50000
943,55.865773,Series RL,0.366454,0.000109635439084,,-155.599731,34.444938,-64.990165,1000000,100.000000,0,25.000000,0.521790,89.390426,0,0,20.000000,0.366454,34.442989,0.015149,50000
944,55.928774,Series RL,0.217559,0.00010781871724,,157.719207,33.872947,-111.912818,1000000,100.000000,0,25.000000,0.513052,89.631996,0,0,20.000000,0.217559,33.872249,0.015146,50000
945,55.991940,Series RL,0.253908,0.000109362376948,,-107.128242,34.358142,-16.704816,1000000,100.000000,0,25.000000,0.520443,89.576576,0,0,20.000000,0.253908,34.357204,0.015148,50000
946,56.053206,Series RL,0.186148,0.000108163978424,,-73.991500,33.981227,16.322372,1000000,100.000000,0,25.000000,0.514771,89.686126,0,0,20.000000,0.186148,33.980716,0.015149,50000
947,56.115016,Series RL,0.342685,0.000108982276747,,-64.084671,34.239505,26.488780,1000000,100.000000,0,25.000000,0.518526,89.426544,0,0,20.000000,0.342685,34.237792,0.015144,50000
948,56.176853,Series RL,0.330206,0.000109196352878,,115.467979,34.306632,-153.980529,1000000,100.000000,0,25.000000,0.519689,89.448516,0,0,20.000000,0.330206,34.305046,0.015148,50000
949,56.238696,Series RL,0.351231,0.000109709640302,,59.941417,34.468090,150.525268,1000000,100.000000,0,25.000000,0.522173,89.416137,0,0,20.000000,0.351231,34.466300,0.015149,50000
950,56.302172,Series RL,0.374934,0.000109694561962,,93.417449,34.463603,-175.959167,1000000,100.000000,0,25.000000,0.522180,89.376663,0,0,20.000000,0.374934,34.461563,0.015152,50000
951,56.366225,Series RL,0.376729,0.000109662030692,,147.070983,34.453403,-122.302490,1000000,100.000000,0,25.000000,0.521988,89.373481,0,0,20.000000,0.376729,34.451343,0.015151,50000
952,56.428952,Series RL,0.244077,0.000107745814727,,101.204734,33.850227,-168.382110,1000000,100.000000,0,25.000000,0.512817,89.586860,0,0,20.000000,0.244077,33.849346,0.015150,50000
953,56.492508,Series RL,0.357434,0.00010917310989,,25.546001,34.299610,116.143081,1000000,100.000000,0,25.000000,0.519464,89.402915,0,0,20.000000,0.357434,34.297744,0.015145,50000
954,56.553730,Series RL,0.107813,0.000107841326791,,-39.498622,33.879524,50.683704,1000000,100.000000,0,25.000000,0.513328,89.817665,0,0,20.000000,0.107813,33.879352,0.015152,50000
955,56.615277,Series RL,0.214243,0.000108462467154,,160.546585,34.075160,-109.093162,1000000,100.000000,0,25.000000,0.516281,89.639755,0,0,20.000000,0.214243,34.074489,0.015151,50000
956,56.677455,Series RL,0.366598,0.000109762279208,,-156.894821,34.484786,-66.285713,1000000,100.000000,0,25.000000,0.522463,89.390892,0,0,20.000000,0.366598,34.482837,0.015151,50000
957,56.739150,Series RL,0.195381,0.000108730585937,,-54.493095,34.159278,35.834629,1000000,100.000000,0,25.000000,0.517594,89.672279,0,0,20.000000,0.195381,34.158721,0.015152,50000
958,56.800901,Series RL,0.427436,0.000109654671368,,148.760787,34.451683,-120.528327,1000000,100.000000,0,25.000000,0.522016,89.289115,0,0,20.000000,0.427436,34.449031,0.015152,50000
959,56.866206,Series RL,0.158129,0.000108178986735,,33.752063,33.985797,124.018646,1000000,100.000000,0,25.000000,0.514811,89.733406,0,0,20.000000,0.158129,33.985431,0.015148,50000
960,56.931736,Series RL,0.246483,0.000108707260188,,-108.793144,34.152282,-18.379621,1000000,100.000000,0,25.000000,0.517469,89.586479,0,0,20.000000,0.246483,34.151393,0.015152,50000
961,57.000278,Series RL,0.348080,0.000108091986277,,46.313266,33.959884,136.900558,1000000,100.000000,0,25.000000,0.514416,89.412719,0,0,20.000000,0.348080,33.958099,0.015148,50000
962,57.062975,Series RL,0.409832,0.000109697560442,,-30.945051,34.464942,59.736286,1000000,100.000000,0,25.000000,0.521970,89.318656,0,0,20.000000,0.409832,34.462505,0.015145,50000
963,57.126490,Series RL,0.174868,0.000107708792104,,121.945266,33.838169,-147.758621,1000000,100.000000,0,25.000000,0.512484,89.703903,0,0,20.000000,0.174868,33.837715,0.015145,50000
964,57.186658,Series RL,0.251303,0.000107740129712,,-114.626197,33.848491,-24.200807,1000000,100.000000,0,25.000000,0.512738,89.574615,0,0,20.000000,0.251303,33.847560,0.015148,50000
965,57.250926,Series RL,0.378613,0.000108721552302,,98.557395,34.157981,-170.807540,1000000,100.000000,0,25.000000,0.517366,89.364906,0,0,20.000000,0.378613,34.155883,0.015146,50000
966,57.313741,Series RL,0.302649,0.000107944952574,,118.399711,33.913257,-151.088973,1000000,100.000000,0,25.000000,0.513603,89.488670,0,0,20.000000,0.302649,33.911907,0.015145,50000
967,57.378922,Series RL,0.271261,0.000109215110879,,-107.147300,34.312011,-16.694330,1000000,100.000000,0,25.000000,0.519765,89.547027,0,0,20.000000,0.271261,34.310939,0.015148,50000
968,57.442211,Series RL,0.272189,0.000109152394283,,-161.470123,34.292316,-71.015335,1000000,100.000000,0,25.000000,0.519525,89.545219,0,0,20.000000,0.272189,34.291236,0.015150,50000
969,57.506183,Series RL,0.246798,0.000107776108278,,-94.636039,33.859764,-4.218410,1000000,100.000000,0,25.000000,0.512777,89.582374,0,0,20.000000,0.246798,33.858863,0.015144,50000
970,57.569922,Series RL,0.231881,0.000107555904682,,-23.529356,33.790477,66.863830,1000000,100.000000,0,25.000000,0.511741,89.606811,0,0,20.000000,0.231881,33.789684,0.015145,50000
971,57.634034,Series RL,0.231863,0.000107635838661,,155.761001,33.815589,-113.846122,1000000,100.000000,0,25.000000,0.512279,89.607131,0,0,20.000000,0.231863,33.814796,0.015149,50000
972,57.696788,Series RL,0.165183,0.000108128534618,,177.760406,33.969985,-91.960983,1000000,100.000000,0,25.000000,0.514653,89.721389,0,0,20.000000,0.165183,33.969581,0.015150,50000
973,57.760569,Series RL,0.342323,0.000109682090581,,148.899398,34.459346,-120.531410,1000000,100.000000,0,25.000000,0.522023,89.430809,0,0,20.000000,0.342323,34.457645,0.015149,50000
974,57.825106,Series RL,0.198503,0.000108778889462,,17.426910,34.174472,107.759727,1000000,100.000000,0,25.000000,0.517775,89.667198,0,0,20.000000,0.198503,34.173896,0.015151,50000
975,57.889137,Series RL,0.319044,0.000108416398164,,135.597457,34.061511,-133.865829,1000000,100.000000,0,25.000000,0.516017,89.463317,0,0,20.000000,0.319044,34.060016,0.015150,50000
976,57.955168,Series RL,0.221928,0.000107728654641,,-22.276556,33.844680,68.099159,1000000,100.000000,0,25.000000,0.512716,89.624290,0,0,20.000000,0.221928,33.843955,0.015149,50000
977,58.019447,Series RL,0.300127,0.000108025274891,,82.304718,33.938468,172.811416,1000000,100.000000,0,25.000000,0.514032,89.493309,0,0,20.000000,0.300127,33.937141,0.015146,50000
978,58.081881,Series RL,0.154731,0.000107773170278,,50.190025,33.858291,140.451858,1000000,100.000000,0,25.000000,0.512858,89.738159,0,0,20.000000,0.154731,33.857940,0.015147,50000
979,58.142657,Series RL,0.265742,0.00010799606041,,136.821395,33.929004,-132.729812,1000000,100.000000,0,25.000000,0.513930,89.551239,0,0,20.000000,0.265742,33.927963,0.015147,50000
980,58.205386,Series RL,0.287643,0.000109451538731,,37.470821,34.386417,127.950111,1000000,100.000000,0,25.000000,0.520872,89.520706,0,0,20.000000,0.287643,34.385215,0.015148,50000
981,58.269185,Series RL,0.335984,0.000109383796021,,150.852401,34.365573,-118.587440,1000000,100.000000,0,25.000000,0.520564,89.439819,0,0,20.000000,0.335984,34.363933,0.015148,50000
982,58.334497,Series RL,0.345559,0.000108561719359,,99.030914,34.107421,-170.388595,1000000,100.000000,0,25.000000,0.516594,89.419502,0,0,20.000000,0.345559,34.105670,0.015146,50000
983,58.405948,Series RL,0.140757,0.000107868647329,,32.891139,33.888229,123.129127,1000000,100.000000,0,25.000000,0.513324,89.762016,0,0,20.000000,0.140757,33.887935,0.015148,50000
984,58.459150,Series RL,0.243245,0.00010759530508,,48.211013,33.802940,138.623321,1000000,100.000000,0,25.000000,0.511987,89.587699,0,0,20.000000,0.243245,33.802062,0.015146,50000
985,58.522415,Series RL,0.341476,0.000109294233168,,-64.785461,34.337493,25.784341,1000000,100.000000,0,25.000000,0.520076,89.430191,0,0,20.000000,0.341476,34.335796,0.015146,50000
986,58.578933,Series RL,0.230076,0.000107578526966,,66.364212,33.797576,156.754257,1000000,100.000000,0,25.000000,0.512011,89.609954,0,0,20.000000,0.230076,33.796791,0.015149,50000
987,58.643505,Series RL,0.420866,0.000109714971992,,129.612487,34.470546,-139.687927,1000000,100.000000,0,25.000000,0.522109,89.300430,0,0,20.000000,0.420866,34.467975,0.015147,50000
988,58.707539,Series RL,0.372047,0.000109604206518,,39.030036,34.435188,129.649078,1000000,100.000000,0,25.000000,0.521612,89.380943,0,0,20.000000,0.372047,34.433177,0.015148,50000
989,58.771379,Series RL,0.260954,0.000109105876476,,-125.834632,34.277614,-35.398441,1000000,100.000000,0,25.000000,0.519291,89.563796,0,0,20.000000,0.260954,34.276622,0.015150,50000
990,58.838854,Series RL,0.302465,0.000107764088897,,-150.737808,33.856437,-60.225940,1000000,100.000000,0,25.000000,0.512772,89.488128,0,0,20.000000,0.302465,33.855087,0.015145,50000
991,58.905290,Series RL,0.320030,0.000109296817844,,-16.724056,34.338100,73.809951,1000000,100.000000,0,25.000000,0.520091,89.465995,0,0,20.000000,0.320030,34.336608,0.015146,50000
992,58.968642,Series RL,0.350313,0.000108825808339,,116.412071,34.190429,-153.000854,1000000,100.000000,0,25.000000,0.517874,89.412940,0,0,20.000000,0.350313,34.188636,0.015147,50000
993,59.032502,Series RL,0.246923,0.000108780649716,,-18.652738,34.175342,71.761238,1000000,100.000000,0,25.000000,0.517685,89.586029,0,0,20.000000,0.246923,34.174449,0.015148,50000
994,59.098144,Series RL,0.130571,0.000107797393661,,122.640335,33.865802,-147.138763,1000000,100.000000,0,25.000000,0.513149,89.779090,0,0,20.000000,0.130571,33.865550,0.015152,50000
995,59.163447,Series RL,0.377692,0.000109218475415,,115.356193,34.314075,-154.013107,1000000,100.000000,0,25.000000,0.519947,89.369331,0,0,20.000000,0.377692,34.311996,0.015153,50000
996,59.227661,Series RL,0.362385,0.00010958734246,,110.897865,34.429786,-158.499038,1000000,100.000000,0,25.000000,0.521610,89.396934,0,0,20.000000,0.362385,34.427879,0.015150,50000
997,59.294324,Series RL,0.201178,0.000107683340045,,49.865051,33.830318,140.205780,1000000,100.000000,0,25.000000,0.512477,89.659278,0,0,20.000000,0.201178,33.829719,0.015148,50000
998,59.358100,Series RL,0.401550,0.0001095207393,,-137.478408,34.409297,-46.809764,1000000,100.000000,0,25.000000,0.521245,89.331352,0,0,20.000000,0.401550,34.406955,0.015148,50000
999,59.422845,Series RL,0.240702,0.000108965231253,,90.032997,34.233283,-179.564132,1000000,100.000000,0,25.000000,0.518669,89.597137,0,0,20.000000,0.240702,34.232437,0.015151,50000
1000,59.487644,Series RL,0.222821,0.00010760643001,,13.150184,33.806293,103.527832,1000000,100.000000,0,25.000000,0.511974,89.622360,0,0,20.000000,0.222821,33.805557,0.015144,50000
