index,elapsed_s,model,series_r,series_l,series_c,voltage_phase_deg,impedance_mag_ohm,current_phase_deg,sample_rate_hz,shunt_resistance_ohm,shunt_range,captured_cycles,voltage_amplitude_v,phase_diff_deg,current_pga,voltage_pga,samples_per_period,impedance_real_ohm,impedance_imag_ohm,current_amplitude_a,dds_frequency_hz
1,0.051734,Series RL,0.323069,0.00011062462207,,17.317382,6.958254,109.978561,250000,100.000000,0,20.000000,0.107902,87.338821,0,1,25.000000,0.323069,6.950750,0.015507,10000
2,0.110295,Series RL,0.312022,0.000110128552027,,72.166450,6.926612,164.748321,250000,100.000000,0,20.000000,0.107432,87.418121,0,1,25.000000,0.312022,6.919581,0.015510,10000
3,0.163998,Series RL,0.312028,0.000110434606983,,-27.499414,6.945824,65.075363,250000,100.000000,0,20.000000,0.107724,87.425224,0,1,25.000000,0.312028,6.938811,0.015509,10000
4,0.220271,Series RL,0.296576,0.000110998397453,,-45.264305,6.980538,47.170711,250000,100.000000,0,20.000000,0.108261,87.564987,0,1,25.000000,0.296576,6.974235,0.015509,10000
5,0.278372,Series RL,0.283347,0.00011084037251,,-161.257263,6.970068,-68.927429,250000,100.000000,0,20.000000,0.108143,87.670166,0,1,25.000000,0.283347,6.964306,0.015515,10000
6,0.335384,Series RL,0.257420,0.000110711600246,,-133.655380,6.960977,-41.536071,250000,100.000000,0,20.000000,0.107995,87.880699,0,1,25.000000,0.257420,6.956215,0.015514,10000
7,0.391886,Series RL,0.284735,0.000111096134504,,-88.330551,6.986181,4.005295,250000,100.000000,0,20.000000,0.108371,87.664154,0,1,25.000000,0.284735,6.980376,0.015512,10000
8,0.450212,Series RL,0.302326,0.000110521744314,,-72.663589,6.950864,19.829269,250000,100.000000,0,20.000000,0.107836,87.507141,0,1,25.000000,0.302326,6.944286,0.015514,10000
9,0.508462,Series RL,0.311423,0.000110321957114,,37.642688,6.938724,130.215087,250000,100.000000,0,20.000000,0.107624,87.427597,0,1,25.000000,0.311423,6.931733,0.015511,10000
10,0.569080,Series RL,0.315672,0.000110612048829,,-153.358367,6.957125,-60.757743,250000,100.000000,0,20.000000,0.107941,87.399375,0,1,25.000000,0.315672,6.949960,0.015515,10000
11,0.627928,Series RL,0.289435,0.000110882612232,,-73.655494,6.972970,18.723430,250000,100.000000,0,20.000000,0.108152,87.621070,0,1,25.000000,0.289435,6.966960,0.015510,10000
12,0.687814,Series RL,0.329268,0.000110707303063,,47.688968,6.963734,140.399108,250000,100.000000,0,20.000000,0.108005,87.289855,0,1,25.000000,0.329268,6.955945,0.015510,10000
13,0.748055,Series RL,0.319481,0.000110832207862,,-11.595203,6.971117,81.031547,250000,100.000000,0,20.000000,0.108117,87.373252,0,1,25.000000,0.319481,6.963793,0.015509,10000
14,0.809204,Series RL,0.305254,0.000110441084589,,146.079849,6.945929,-121.401344,250000,100.000000,0,20.000000,0.107742,87.481193,0,1,25.000000,0.305254,6.939218,0.015512,10000
15,0.868541,Series RL,0.323580,0.000110512083609,,1.456220,6.951214,94.124313,250000,100.000000,0,20.000000,0.107782,87.331909,0,1,25.000000,0.323580,6.943679,0.015505,10000
16,0.931336,Series RL,0.304778,0.000110318057818,,85.999687,6.938186,178.517364,250000,100.000000,0,20.000000,0.107616,87.482315,0,1,25.000000,0.304778,6.931488,0.015511,10000
17,0.991024,Series RL,0.293971,0.00011073104898,,141.868469,6.963645,-125.712089,250000,100.000000,0,20.000000,0.108018,87.580535,0,1,25.000000,0.293971,6.957437,0.015512,10000
18,1.051590,Series RL,0.315086,0.000110179561187,,43.736854,6.929953,136.342834,250000,100.000000,0,20.000000,0.107457,87.394012,0,1,25.000000,0.315086,6.922786,0.015506,10000
19,1.115943,Series RL,0.284428,0.000110791114056,,-18.553913,6.967019,73.785835,250000,100.000000,0,20.000000,0.108050,87.660247,0,1,25.000000,0.284428,6.961211,0.015509,10000
20,1.175104,Series RL,0.314873,0.000110393560923,,116.629356,6.943375,-150.771469,250000,100.000000,0,20.000000,0.107705,87.400825,0,1,25.000000,0.314873,6.936232,0.015512,10000
21,1.235757,Series RL,0.315424,0.00011050904375,,-6.211065,6.950649,86.389938,250000,100.000000,0,20.000000,0.107790,87.398986,0,1,25.000000,0.315424,6.943488,0.015508,10000
22,1.292055,Series RL,0.295652,0.000110258756686,,-172.162689,6.934068,-79.718986,250000,100.000000,0,20.000000,0.107583,87.556304,0,1,25.000000,0.295652,6.927762,0.015515,10000
23,1.349205,Series RL,0.285762,0.000110264263447,,167.574493,6.933999,-100.063560,250000,100.000000,0,20.000000,0.107562,87.638069,0,1,25.000000,0.285762,6.928108,0.015512,10000
24,1.405658,Series RL,0.324229,0.000110468554732,,16.139997,6.948513,108.814483,250000,100.000000,0,20.000000,0.107747,87.325508,0,1,25.000000,0.324229,6.940944,0.015506,10000
25,1.463474,Series RL,0.287302,0.000110636319958,,-127.326728,6.957420,-34.960067,250000,100.000000,0,20.000000,0.107936,87.633331,0,1,25.000000,0.287302,6.951485,0.015514,10000
26,1.521599,Series RL,0.286167,0.000111133774648,,-117.563377,6.988603,-25.216588,250000,100.000000,0,20.000000,0.108424,87.653213,0,1,25.000000,0.286167,6.982741,0.015514,10000
27,1.578783,Series RL,0.284137,0.000110752598559,,-4.346927,6.964589,87.991249,250000,100.000000,0,20.000000,0.108011,87.661827,0,1,25.000000,0.284137,6.958791,0.015509,10000
28,1.638581,Series RL,0.275967,0.000110864564062,,-61.825302,6.971290,30.443426,250000,100.000000,0,20.000000,0.108133,87.731277,0,1,25.000000,0.275967,6.965826,0.015511,10000
29,1.696543,Series RL,0.279378,0.000111219065782,,-74.747909,6.993682,17.541505,250000,100.000000,0,20.000000,0.108491,87.710586,0,1,25.000000,0.279378,6.988100,0.015513,10000
30,1.755819,Series RL,0.292359,0.000110590244602,,-92.030487,6.954738,0.378792,250000,100.000000,0,20.000000,0.107875,87.590721,0,1,25.000000,0.292359,6.948590,0.015511,10000
31,1.819999,Series RL,0.311800,0.000110246151615,,58.424514,6.933985,151.001800,250000,100.000000,0,20.000000,0.107556,87.422706,0,1,25.000000,0.311800,6.926970,0.015511,10000
32,1.879883,Series RL,0.317184,0.000110558493191,,-13.191673,6.953832,79.422653,250000,100.000000,0,20.000000,0.107841,87.385665,0,1,25.000000,0.317184,6.946595,0.015508,10000
33,1.944448,Series RL,0.308655,0.00011081684941,,-98.679191,6.969666,-6.140980,250000,100.000000,0,20.000000,0.108119,87.461784,0,1,25.000000,0.308655,6.962828,0.015513,10000
34,2.005333,Series RL,0.298572,0.000110242761615,,-164.144500,6.933189,-71.676353,250000,100.000000,0,20.000000,0.107586,87.531845,0,1,25.000000,0.298572,6.926757,0.015518,10000
35,2.067403,Series RL,0.325681,0.000110474252479,,74.000831,6.948938,166.687133,250000,100.000000,0,20.000000,0.107786,87.313690,0,1,25.000000,0.325681,6.941302,0.015511,10000
36,2.126083,Series RL,0.296848,0.000111103980843,,-17.086315,6.987178,75.348617,250000,100.000000,0,20.000000,0.108377,87.565071,0,1,25.000000,0.296848,6.980869,0.015511,10000
37,2.182140,Series RL,0.311657,0.000110688188554,,-56.016880,6.961724,36.548957,250000,100.000000,0,20.000000,0.107987,87.434158,0,1,25.000000,0.311657,6.954744,0.015512,10000
38,2.239194,Series RL,0.315838,0.000110903413783,,-12.040822,6.975421,80.554336,250000,100.000000,0,20.000000,0.108197,87.404830,0,1,25.000000,0.315838,6.968267,0.015511,10000
39,2.296166,Series RL,0.309349,0.000110459896703,,-43.154521,6.947291,49.397594,250000,100.000000,0,20.000000,0.107757,87.447883,0,1,25.000000,0.309349,6.940400,0.015511,10000
40,2.353466,Series RL,0.301938,0.000110604313899,,-156.261535,6.956030,-63.773727,250000,100.000000,0,20.000000,0.107915,87.512207,0,1,25.000000,0.301938,6.949474,0.015514,10000
41,2.410900,Series RL,0.284065,0.000111095895772,,-131.946548,6.986139,-39.616188,250000,100.000000,0,20.000000,0.108378,87.669639,0,1,25.000000,0.284065,6.980361,0.015513,10000
42,2.472626,Series RL,0.295295,0.000111226100431,,-59.729885,6.994778,32.689659,250000,100.000000,0,20.000000,0.108491,87.580451,0,1,25.000000,0.295295,6.988542,0.015510,10000
43,2.530054,Series RL,0.317007,0.000110410924728,,42.798820,6.944562,135.415191,250000,100.000000,0,20.000000,0.107696,87.383636,0,1,25.000000,0.317007,6.937323,0.015508,10000
44,2.588103,Series RL,0.287934,0.000110856097019,,155.180450,6.971243,-112.452346,250000,100.000000,0,20.000000,0.108149,87.632820,0,1,25.000000,0.287934,6.965294,0.015514,10000
45,2.650100,Series RL,0.328162,0.000110913313221,,-52.634826,6.976612,40.061222,250000,100.000000,0,20.000000,0.108203,87.303955,0,1,25.000000,0.328162,6.968889,0.015509,10000
46,2.706460,Series RL,0.332107,0.000110653429114,,-51.633495,6.960488,41.101306,250000,100.000000,0,20.000000,0.107954,87.265197,0,1,25.000000,0.332107,6.952560,0.015510,10000
47,2.764135,Series RL,0.298600,0.000110763389264,,-141.389389,6.965872,-48.932586,250000,100.000000,0,20.000000,0.108056,87.543190,0,1,25.000000,0.298600,6.959469,0.015512,10000
48,2.821459,Series RL,0.308484,0.000110417641066,,113.999603,6.944600,-153.454421,250000,100.000000,0,20.000000,0.107732,87.454032,0,1,25.000000,0.308484,6.937745,0.015513,10000
49,2.878969,Series RL,0.298104,0.000110400659234,,138.372558,6.943080,-129.166656,250000,100.000000,0,20.000000,0.107688,87.539230,0,1,25.000000,0.298104,6.936678,0.015510,10000
50,2.936468,Series RL,0.303738,0.000110637449958,,-106.816345,6.958189,-14.314476,250000,100.000000,0,20.000000,0.107952,87.498138,0,1,25.000000,0.303738,6.951556,0.015514,10000
51,2.994801,Series RL,0.297343,0.00011052176023,,-77.486991,6.950650,14.964818,250000,100.000000,0,20.000000,0.107809,87.548187,0,1,25.000000,0.297343,6.944287,0.015511,10000
52,3.053575,Series RL,0.309665,0.000110598520659,,-56.869586,6.956007,35.681930,250000,100.000000,0,20.000000,0.107896,87.448478,0,1,25.000000,0.309665,6.949110,0.015511,10000
53,3.110637,Series RL,0.278684,0.000110910639418,,-119.444694,6.974291,-27.154613,250000,100.000000,0,20.000000,0.108186,87.709922,0,1,25.000000,0.278684,6.968721,0.015512,10000
54,3.170814,Series RL,0.318489,0.00011032003134,,86.041625,6.938925,178.672363,250000,100.000000,0,20.000000,0.107623,87.369262,0,1,25.000000,0.318489,6.931612,0.015510,10000
55,3.227401,Series RL,0.308548,0.000110523479103,,-5.263364,6.951247,87.280677,250000,100.000000,0,20.000000,0.107797,87.455947,0,1,25.000000,0.308548,6.944395,0.015508,10000
56,3.283667,Series RL,0.312579,0.000110388595289,,-5.812898,6.942960,86.767486,250000,100.000000,0,20.000000,0.107681,87.419609,0,1,25.000000,0.312579,6.935920,0.015509,10000
57,3.340576,Series RL,0.320774,0.000110357766977,,-137.707656,6.941399,-45.058975,250000,100.000000,0,20.000000,0.107688,87.351310,0,1,25.000000,0.320774,6.933983,0.015514,10000
58,3.396913,Series RL,0.317921,0.000110389629796,,-107.675514,6.943267,-15.051111,250000,100.000000,0,20.000000,0.107732,87.375602,0,1,25.000000,0.317921,6.935985,0.015516,10000
59,3.454747,Series RL,0.314027,0.000110500146989,,-34.684989,6.950027,57.904724,250000,100.000000,0,20.000000,0.107796,87.410285,0,1,25.000000,0.314027,6.942929,0.015510,10000
60,3.512249,Series RL,0.278836,0.000110786307576,,125.618621,6.966492,-142.087463,250000,100.000000,0,20.000000,0.108069,87.706108,0,1,25.000000,0.278836,6.960909,0.015513,10000
61,3.570414,Series RL,0.309928,0.000110402871487,,131.249710,6.943737,-136.192062,250000,100.000000,0,20.000000,0.107711,87.441795,0,1,25.000000,0.309928,6.936817,0.015512,10000
62,3.629571,Series RL,0.331193,0.000110887418712,,4.984580,6.975129,97.706123,250000,100.000000,0,20.000000,0.108186,87.278457,0,1,25.000000,0.331193,6.967262,0.015510,10000
63,3.688056,Series RL,0.289315,0.000110612430801,,-130.159271,6.956003,-37.775535,250000,100.000000,0,20.000000,0.107908,87.616264,0,1,25.000000,0.289315,6.949984,0.015513,10000
64,3.743909,Series RL,0.296628,0.000110795236169,,-159.554504,6.967787,-67.114608,250000,100.000000,0,20.000000,0.108111,87.560104,0,1,25.000000,0.296628,6.961470,0.015516,10000
65,3.801552,Series RL,0.299280,0.000111183064934,,25.687358,6.992246,118.140464,250000,100.000000,0,20.000000,0.108443,87.546890,0,1,25.000000,0.299280,6.985838,0.015509,10000
66,3.858633,Series RL,0.298925,0.000110678352778,,-141.700531,6.960547,-49.239162,250000,100.000000,0,20.000000,0.107975,87.538635,0,1,25.000000,0.298925,6.954126,0.015512,10000
67,3.915080,Series RL,0.338853,0.000110130955267,,93.926681,6.928024,-173.269790,250000,100.000000,0,20.000000,0.107457,87.196517,0,1,25.000000,0.338853,6.919732,0.015511,10000
68,3.972388,Series RL,0.314275,0.000111047369429,,-111.137008,6.984386,-18.558004,250000,100.000000,0,20.000000,0.108347,87.420997,0,1,25.000000,0.314275,6.977312,0.015513,10000
69,4.030803,Series RL,0.283726,0.000110883583078,,-76.793342,6.972796,15.538694,250000,100.000000,0,20.000000,0.108167,87.667961,0,1,25.000000,0.283726,6.967021,0.015513,10000
70,4.089683,Series RL,0.316413,0.000110416431489,,0.232451,6.944881,92.843788,250000,100.000000,0,20.000000,0.107706,87.388664,0,1,25.000000,0.316413,6.937669,0.015509,10000
71,4.151641,Series RL,0.319970,0.000110977134353,,-66.659729,6.980237,25.967599,250000,100.000000,0,20.000000,0.108265,87.372673,0,1,25.000000,0.319970,6.972899,0.015510,10000
72,4.210265,Series RL,0.288044,0.000110831762228,,125.876617,6.969720,-141.754791,250000,100.000000,0,20.000000,0.108126,87.631401,0,1,25.000000,0.288044,6.963765,0.015514,10000
73,4.267244,Series RL,0.308719,0.000110552333894,,-42.512607,6.953065,50.032192,250000,100.000000,0,20.000000,0.107844,87.455200,0,1,25.000000,0.308719,6.946208,0.015510,10000
74,4.324969,Series RL,0.289817,0.000110919424771,,126.895034,6.975296,-140.723678,250000,100.000000,0,20.000000,0.108208,87.618728,0,1,25.000000,0.289817,6.969273,0.015513,10000
75,4.381888,Series RL,0.273391,0.000110775660111,,-134.812911,6.965607,-42.563552,250000,100.000000,0,20.000000,0.108065,87.750633,0,1,25.000000,0.273391,6.960240,0.015514,10000
76,4.439310,Series RL,0.325184,0.000110844239976,,-38.016090,6.972136,54.657184,250000,100.000000,0,20.000000,0.108143,87.326721,0,1,25.000000,0.325184,6.964549,0.015511,10000
77,4.498103,Series RL,0.338081,0.00011034645106,,50.360816,6.941510,143.152465,250000,100.000000,0,20.000000,0.107665,87.208351,0,1,25.000000,0.338081,6.933272,0.015510,10000
78,4.556614,Series RL,0.310046,0.000110663392214,,-34.654277,6.960095,57.898883,250000,100.000000,0,20.000000,0.107952,87.446838,0,1,25.000000,0.310046,6.953186,0.015510,10000
79,4.615425,Series RL,0.342019,0.000110224108655,,35.744926,6.934025,128.572174,250000,100.000000,0,20.000000,0.107534,87.172752,0,1,25.000000,0.342019,6.925585,0.015508,10000
80,4.673716,Series RL,0.303173,0.000110904384629,,69.683425,6.974920,162.174636,250000,100.000000,0,20.000000,0.108186,87.508781,0,1,25.000000,0.303173,6.968328,0.015511,10000
81,4.730734,Series RL,0.314833,0.000111217267331,,-2.528338,6.995076,90.051292,250000,100.000000,0,20.000000,0.108485,87.420364,0,1,25.000000,0.314833,6.987987,0.015509,10000
82,4.787725,Series RL,0.270027,0.000110734820952,,168.574020,6.962912,-99.203414,250000,100.000000,0,20.000000,0.108020,87.777465,0,1,25.000000,0.270027,6.957674,0.015514,10000
83,4.844186,Series RL,0.328398,0.000110656246157,,60.309955,6.960488,153.014190,250000,100.000000,0,20.000000,0.107941,87.295753,0,1,25.000000,0.328398,6.952737,0.015508,10000
84,4.900682,Series RL,0.311069,0.000110781612505,,-57.043430,6.967561,35.515411,250000,100.000000,0,20.000000,0.108079,87.441154,0,1,25.000000,0.311069,6.960614,0.015512,10000
85,4.959151,Series RL,0.306949,0.000110802270817,,-70.506195,6.968676,22.018333,250000,100.000000,0,20.000000,0.108096,87.475471,0,1,25.000000,0.306949,6.961912,0.015512,10000
86,5.019265,Series RL,0.318458,0.00011061190559,,163.651412,6.957243,-103.725013,250000,100.000000,0,20.000000,0.107943,87.376449,0,1,25.000000,0.318458,6.949951,0.015515,10000
87,5.076525,Series RL,0.295363,0.000110841598004,,-116.274574,6.970643,-23.846075,250000,100.000000,0,20.000000,0.108150,87.571510,0,1,25.000000,0.295363,6.964383,0.015515,10000
88,5.134699,Series RL,0.278807,0.000111231050149,,-89.413627,6.994412,2.870861,250000,100.000000,0,20.000000,0.108508,87.715507,0,1,25.000000,0.278807,6.988853,0.015514,10000
89,5.191792,Series RL,0.320969,0.000111046303091,,-26.260173,6.984623,66.373703,250000,100.000000,0,20.000000,0.108328,87.366127,0,1,25.000000,0.320969,6.977245,0.015509,10000
90,5.248865,Series RL,0.302352,0.000110977404916,,-82.947525,6.979467,9.535318,250000,100.000000,0,20.000000,0.108276,87.517158,0,1,25.000000,0.302352,6.972916,0.015513,10000
91,5.305900,Series RL,0.288524,0.000110943584491,,-116.632553,6.976759,-24.262409,250000,100.000000,0,20.000000,0.108247,87.629859,0,1,25.000000,0.288524,6.970791,0.015515,10000
92,5.363843,Series RL,0.318684,0.000110557442768,,-29.319602,6.953835,63.307102,250000,100.000000,0,20.000000,0.107845,87.373291,0,1,25.000000,0.318684,6.946529,0.015509,10000
93,5.421091,Series RL,0.300795,0.000110284173731,,129.598754,6.935884,-137.915664,250000,100.000000,0,20.000000,0.107586,87.514419,0,1,25.000000,0.300795,6.929359,0.015511,10000
94,5.479147,Series RL,0.319335,0.000111121599295,,-54.033420,6.989275,38.585289,250000,100.000000,0,20.000000,0.108408,87.381286,0,1,25.000000,0.319335,6.981976,0.015511,10000
95,5.538020,Series RL,0.308462,0.000110654686438,,148.401290,6.959478,-119.058364,250000,100.000000,0,20.000000,0.107970,87.459671,0,1,25.000000,0.308462,6.952639,0.015514,10000
96,5.596868,Series RL,0.316405,0.000110054560894,,65.855232,6.922167,158.475082,250000,100.000000,0,20.000000,0.107355,87.380149,0,1,25.000000,0.316405,6.914932,0.015509,10000
97,5.656093,Series RL,0.313339,0.000109991853847,,-165.157440,6.918092,-72.561470,250000,100.000000,0,20.000000,0.107334,87.404029,0,1,25.000000,0.313339,6.910992,0.015515,10000
98,5.712555,Series RL,0.312759,0.000111049772669,,-40.861934,6.984468,51.704586,250000,100.000000,0,20.000000,0.108327,87.433479,0,1,25.000000,0.312759,6.977463,0.015510,10000
99,5.769061,Series RL,0.263463,0.00011101034999,,-119.167922,6.979959,-27.004741,250000,100.000000,0,20.000000,0.108266,87.836814,0,1,25.000000,0.263463,6.974986,0.015511,10000
100,5.827562,Series RL,0.299815,0.000110781326027,,-156.343658,6.967050,-63.877269,250000,100.000000,0,20.000000,0.108081,87.533615,0,1,25.000000,0.299815,6.960596,0.015513,10000
101,5.883809,Series RL,0.322424,0.000110607958547,,-152.909164,6.957179,-60.252887,250000,100.000000,0,20.000000,0.107933,87.343719,0,1,25.000000,0.322424,6.949703,0.015514,10000
102,5.941389,Series RL,0.343275,0.000110789697577,,19.488639,6.969580,112.311782,250000,100.000000,0,20.000000,0.108085,87.176856,0,1,25.000000,0.343275,6.961122,0.015508,10000
103,6.001139,Series RL,0.313062,0.000110938730265,,-70.010353,6.977512,22.561218,250000,100.000000,0,20.000000,0.108229,87.428428,0,1,25.000000,0.313062,6.970486,0.015511,10000
104,6.058579,Series RL,0.324407,0.000110117252027,,136.627670,6.926472,-130.687866,250000,100.000000,0,20.000000,0.107465,87.315521,0,1,25.000000,0.324407,6.918871,0.015515,10000
105,6.117464,Series RL,0.271712,0.000111082940559,,-62.070941,6.984834,30.158447,250000,100.000000,0,20.000000,0.108346,87.770614,0,1,25.000000,0.271712,6.979547,0.015512,10000
106,6.174653,Series RL,0.286845,0.000110528126428,,-144.208694,6.950609,-51.843471,250000,100.000000,0,20.000000,0.107826,87.634788,0,1,25.000000,0.286845,6.944687,0.015513,10000
107,6.231698,Series RL,0.291357,0.000110342026553,,-172.115768,6.939113,-79.709335,250000,100.000000,0,20.000000,0.107661,87.593574,0,1,25.000000,0.291357,6.932994,0.015515,10000
108,6.288186,Series RL,0.331273,0.000111042005908,,-52.280372,6.984835,40.438045,250000,100.000000,0,20.000000,0.108336,87.281585,0,1,25.000000,0.331273,6.976975,0.015510,10000
109,6.344815,Series RL,0.315298,0.000111251008179,,-67.836898,6.997214,24.745756,250000,100.000000,0,20.000000,0.108534,87.417343,0,1,25.000000,0.315298,6.990107,0.015511,10000
110,6.401620,Series RL,0.302040,0.000110785607295,,-5.082717,6.967415,87.401863,250000,100.000000,0,20.000000,0.108058,87.515419,0,1,25.000000,0.302040,6.960865,0.015509,10000
111,6.459392,Series RL,0.321990,0.000110456013323,,43.786369,6.947621,136.442718,250000,100.000000,0,20.000000,0.107748,87.343658,0,1,25.000000,0.321990,6.940156,0.015509,10000
112,6.518554,Series RL,0.308565,0.00011128869607,,-96.484443,6.999279,-3.957725,250000,100.000000,0,20.000000,0.108583,87.473281,0,1,25.000000,0.308565,6.992475,0.015513,10000
113,6.575718,Series RL,0.298540,0.000111067056896,,-140.919174,6.984932,-48.469570,250000,100.000000,0,20.000000,0.108384,87.550392,0,1,25.000000,0.298540,6.978549,0.015517,10000
114,6.633417,Series RL,0.336824,0.000110192182174,,36.290161,6.931767,129.075347,250000,100.000000,0,20.000000,0.107513,87.214820,0,1,25.000000,0.336824,6.923579,0.015510,10000
115,6.691749,Series RL,0.310997,0.000111069221403,,12.776903,6.985611,105.328529,250000,100.000000,0,20.000000,0.108351,87.448364,0,1,25.000000,0.310997,6.978685,0.015511,10000
116,6.748467,Series RL,0.308203,0.000110335930918,,143.265670,6.939459,-124.188796,250000,100.000000,0,20.000000,0.107661,87.454475,0,1,25.000000,0.308203,6.932611,0.015514,10000
117,6.805584,Series RL,0.278101,0.000111204916908,,-131.640274,6.992743,-39.361026,250000,100.000000,0,20.000000,0.108486,87.720741,0,1,25.000000,0.278101,6.987211,0.015514,10000
118,6.862313,Series RL,0.312017,0.000110573883474,,-107.614868,6.954565,-15.043431,250000,100.000000,0,20.000000,0.107885,87.428558,0,1,25.000000,0.312017,6.947562,0.015513,10000
119,6.918727,Series RL,0.321438,0.000111127440281,,3.988161,6.989738,96.623970,250000,100.000000,0,20.000000,0.108408,87.364196,0,1,25.000000,0.321438,6.982343,0.015510,10000
120,6.977632,Series RL,0.323808,0.000110936215617,,118.880531,6.977845,-148.459701,250000,100.000000,0,20.000000,0.108256,87.340225,0,1,25.000000,0.323808,6.970328,0.015514,10000
121,7.037269,Series RL,0.310735,0.000110348281342,,129.532165,6.940347,-137.901687,250000,100.000000,0,20.000000,0.107656,87.433876,0,1,25.000000,0.310735,6.933387,0.015512,10000
122,7.095099,Series RL,0.283172,0.000110602244885,,-158.865173,6.955111,-66.531761,250000,100.000000,0,20.000000,0.107911,87.666595,0,1,25.000000,0.283172,6.949344,0.015515,10000
123,7.154432,Series RL,0.339479,0.000111096357321,,-67.365135,6.988640,25.419149,250000,100.000000,0,20.000000,0.108401,87.215713,0,1,25.000000,0.339479,6.980390,0.015511,10000
124,7.211177,Series RL,0.307487,0.000110755574757,,132.739486,6.965768,-134.730499,250000,100.000000,0,20.000000,0.108072,87.469993,0,1,25.000000,0.307487,6.958978,0.015515,10000
125,7.268822,Series RL,0.321722,0.000111028429991,,-125.934822,6.983536,-33.294342,250000,100.000000,0,20.000000,0.108328,87.359527,0,1,25.000000,0.321722,6.976122,0.015512,10000
126,7.326114,Series RL,0.292450,0.00011122126212,,40.579063,6.994354,132.975433,250000,100.000000,0,20.000000,0.108494,87.603630,0,1,25.000000,0.292450,6.988238,0.015512,10000
127,7.383240,Series RL,0.284628,0.000110891333923,,53.491729,6.973319,145.831008,250000,100.000000,0,20.000000,0.108149,87.660720,0,1,25.000000,0.284628,6.967508,0.015509,10000
128,7.441373,Series RL,0.311013,0.000110268401476,,115.649978,6.935345,-151.779769,250000,100.000000,0,20.000000,0.107592,87.429718,0,1,25.000000,0.311013,6.928368,0.015514,10000
129,7.501593,Series RL,0.321881,0.000110502820792,,-137.342453,6.950554,-44.688121,250000,100.000000,0,20.000000,0.107855,87.345672,0,1,25.000000,0.321881,6.943097,0.015517,10000
130,7.560016,Series RL,0.282504,0.00011131462241,,-61.597778,6.999807,30.715244,250000,100.000000,0,20.000000,0.108567,87.686981,0,1,25.000000,0.282504,6.994104,0.015510,10000
131,7.618905,Series RL,0.294319,0.000110809862508,,38.359325,6.968608,130.779937,250000,100.000000,0,20.000000,0.108107,87.579383,0,1,25.000000,0.294319,6.962389,0.015513,10000
132,7.673758,Series RL,0.296492,0.00011125135832,,-17.473381,6.996414,74.955413,250000,100.000000,0,20.000000,0.108534,87.571205,0,1,25.000000,0.296492,6.990129,0.015513,10000
133,7.730759,Series RL,0.273476,0.000110885413359,,169.175949,6.972501,-98.576202,250000,100.000000,0,20.000000,0.108186,87.752159,0,1,25.000000,0.273476,6.967136,0.015516,10000
134,7.787743,Series RL,0.265148,0.000110692485737,,153.997192,6.960067,-113.819549,250000,100.000000,0,20.000000,0.107984,87.816749,0,1,25.000000,0.265148,6.955014,0.015515,10000
135,7.842758,Series RL,0.299836,0.000110467647549,,99.930168,6.947360,-167.596267,250000,100.000000,0,20.000000,0.107785,87.526443,0,1,25.000000,0.299836,6.940887,0.015515,10000
136,7.900391,Series RL,0.288031,0.000110836998426,,-159.732376,6.970047,-67.363990,250000,100.000000,0,20.000000,0.108145,87.631629,0,1,25.000000,0.288031,6.964094,0.015516,10000
137,7.958725,Series RL,0.320966,0.000111344463962,,-39.007099,7.003338,53.619716,250000,100.000000,0,20.000000,0.108635,87.373184,0,1,25.000000,0.320966,6.995979,0.015512,10000
138,8.018448,Series RL,0.316342,0.000110497345862,,44.308025,6.949956,136.916870,250000,100.000000,0,20.000000,0.107797,87.391159,0,1,25.000000,0.316342,6.942753,0.015510,10000
139,8.075445,Series RL,0.291847,0.0001110029652,,127.091674,6.980626,-140.512161,250000,100.000000,0,20.000000,0.108297,87.603866,0,1,25.000000,0.291847,6.974522,0.015514,10000
140,8.132333,Series RL,0.329442,0.000110991744777,,105.122955,6.981594,-162.172439,250000,100.000000,0,20.000000,0.108296,87.295356,0,1,25.000000,0.329442,6.973817,0.015512,10000
141,8.188151,Series RL,0.301523,0.000110475589381,,109.530418,6.947932,-157.982330,250000,100.000000,0,20.000000,0.107772,87.512725,0,1,25.000000,0.301523,6.941386,0.015511,10000
142,8.245999,Series RL,0.299262,0.000110424468813,,144.029937,6.944625,-123.500236,250000,100.000000,0,20.000000,0.107747,87.530212,0,1,25.000000,0.299262,6.938174,0.015515,10000
143,8.300553,Series RL,0.297732,0.000111102850843,,-44.774723,6.987144,47.667472,250000,100.000000,0,20.000000,0.108391,87.557800,0,1,25.000000,0.297732,6.980798,0.015513,10000
144,8.359538,Series RL,0.301827,0.000110946847167,,-169.876007,6.977528,-77.396789,250000,100.000000,0,20.000000,0.108276,87.520782,0,1,25.000000,0.301827,6.970996,0.015518,10000
145,8.416780,Series RL,0.315135,0.000110858723075,,-138.296493,6.972584,-45.706054,250000,100.000000,0,20.000000,0.108186,87.409568,0,1,25.000000,0.315135,6.965459,0.015516,10000
146,8.474052,Series RL,0.308821,0.000111207431556,,-125.709030,6.994190,-33.178371,250000,100.000000,0,20.000000,0.108510,87.469337,0,1,25.000000,0.308821,6.987369,0.015514,10000
147,8.534658,Series RL,0.294287,0.000110958163084,,175.730834,6.977916,-91.852058,250000,100.000000,0,20.000000,0.108270,87.582885,0,1,25.000000,0.294287,6.971707,0.015516,10000
148,8.593215,Series RL,0.319166,0.000110983898438,,-152.951171,6.980624,-60.330600,250000,100.000000,0,20.000000,0.108303,87.379425,0,1,25.000000,0.319166,6.973324,0.015515,10000
149,8.652898,Series RL,0.314839,0.00011088590674,,16.706960,6.974277,109.294334,250000,100.000000,0,20.000000,0.108162,87.412628,0,1,25.000000,0.314839,6.967167,0.015509,10000
150,8.707512,Series RL,0.320814,0.000110678209539,,-64.815719,6.961513,27.825634,250000,100.000000,0,20.000000,0.108012,87.358642,0,1,25.000000,0.320814,6.954117,0.015516,10000
151,8.765357,Series RL,0.326347,0.000110968762803,,47.902812,6.980007,140.582626,250000,100.000000,0,20.000000,0.108277,87.320182,0,1,25.000000,0.326347,6.972373,0.015512,10000
152,8.822197,Series RL,0.318326,0.000110550981077,,-166.877365,6.953413,-74.253463,250000,100.000000,0,20.000000,0.107900,87.376091,0,1,25.000000,0.318326,6.946123,0.015518,10000
153,8.878643,Series RL,0.288985,0.000111368735091,,-17.986160,7.003468,74.378715,250000,100.000000,0,20.000000,0.108638,87.635124,0,1,25.000000,0.288985,6.997504,0.015512,10000
154,8.935707,Series RL,0.274401,0.000111022955061,,154.612136,6.981173,-113.135208,250000,100.000000,0,20.000000,0.108315,87.747352,0,1,25.000000,0.274401,6.975778,0.015515,10000
155,8.994208,Series RL,0.322256,0.000110495260932,,8.541640,6.950097,101.199226,250000,100.000000,0,20.000000,0.107781,87.342414,0,1,25.000000,0.322256,6.942622,0.015508,10000
156,9.053052,Series RL,0.307631,0.000110704947569,,13.931306,6.962596,106.463645,250000,100.000000,0,20.000000,0.108000,87.467651,0,1,25.000000,0.307631,6.955797,0.015511,10000
157,9.109424,Series RL,0.301392,0.000110537086851,,159.719787,6.951787,-107.795402,250000,100.000000,0,20.000000,0.107870,87.515182,0,1,25.000000,0.301392,6.945250,0.015517,10000
158,9.170399,Series RL,0.288392,0.000110931440969,,83.181953,6.975992,175.551284,250000,100.000000,0,20.000000,0.108234,87.630676,0,1,25.000000,0.288392,6.970028,0.015515,10000
159,9.227743,Series RL,0.307671,0.00011095626914,,-12.567152,6.978374,79.959800,250000,100.000000,0,20.000000,0.108253,87.473045,0,1,25.000000,0.307671,6.971588,0.015513,10000
160,9.285673,Series RL,0.321936,0.000110251706122,,136.198257,6.934795,-131.140914,250000,100.000000,0,20.000000,0.107610,87.339187,0,1,25.000000,0.321936,6.927319,0.015517,10000
161,9.343136,Series RL,0.304248,0.000111310022832,,-111.692443,7.000430,-19.201509,250000,100.000000,0,20.000000,0.108628,87.509063,0,1,25.000000,0.304248,6.993815,0.015517,10000
162,9.399467,Series RL,0.311884,0.000110633757563,,117.316741,6.958317,-150.114273,250000,100.000000,0,20.000000,0.107966,87.431030,0,1,25.000000,0.311884,6.951324,0.015516,10000
163,9.458757,Series RL,0.295707,0.000110404208389,,173.383789,6.943201,-94.175239,250000,100.000000,0,20.000000,0.107744,87.559066,0,1,25.000000,0.295707,6.936901,0.015518,10000
164,9.515063,Series RL,0.307160,0.000110950046182,,147.529327,6.977961,-119.947738,250000,100.000000,0,20.000000,0.108277,87.477096,0,1,25.000000,0.307160,6.971197,0.015517,10000
165,9.571989,Series RL,0.285880,0.000110634426014,,-158.958602,6.957242,-66.603599,250000,100.000000,0,20.000000,0.107970,87.644996,0,1,25.000000,0.285880,6.951366,0.015519,10000
166,9.629864,Series RL,0.323112,0.000111007994497,,-52.113315,6.982318,40.539039,250000,100.000000,0,20.000000,0.108320,87.347648,0,1,25.000000,0.323112,6.974838,0.015513,10000
167,9.688234,Series RL,0.278445,0.000111003442665,,-131.140090,6.980107,-38.853885,250000,100.000000,0,20.000000,0.108337,87.713790,0,1,25.000000,0.278445,6.974552,0.015521,10000
168,9.745411,Series RL,0.306317,0.000110429959659,,95.051666,6.945277,-172.420501,250000,100.000000,0,20.000000,0.107743,87.472183,0,1,25.000000,0.306317,6.938519,0.015513,10000
169,9.802281,Series RL,0.282150,0.000111334851003,,26.028097,7.001062,118.337806,250000,100.000000,0,20.000000,0.108602,87.690299,0,1,25.000000,0.282150,6.995375,0.015512,10000
170,9.857300,Series RL,0.296887,0.000110647492635,,-71.129417,6.958523,21.315862,250000,100.000000,0,20.000000,0.107937,87.554725,0,1,25.000000,0.296887,6.952187,0.015512,10000
171,9.913528,Series RL,0.300273,0.000110942454491,,-29.701967,6.977184,62.764602,250000,100.000000,0,20.000000,0.108231,87.533439,0,1,25.000000,0.300273,6.970720,0.015512,10000
172,9.970980,Series RL,0.285550,0.0001105855177,,-143.061798,6.954158,-50.708465,250000,100.000000,0,20.000000,0.107894,87.646675,0,1,25.000000,0.285550,6.948293,0.015515,10000
173,10.029832,Series RL,0.300643,0.000110918644911,,-113.916374,6.975706,-21.446231,250000,100.000000,0,20.000000,0.108229,87.529861,0,1,25.000000,0.300643,6.969224,0.015515,10000
174,10.087140,Series RL,0.324442,0.000111048467599,,90.444190,6.984920,-176.893524,250000,100.000000,0,20.000000,0.108359,87.337707,0,1,25.000000,0.324442,6.977381,0.015513,10000
175,10.146059,Series RL,0.308330,0.000110604759533,,101.475967,6.956338,-165.983642,250000,100.000000,0,20.000000,0.107914,87.459609,0,1,25.000000,0.308330,6.949502,0.015513,10000
176,10.203300,Series RL,0.295625,0.000110644214043,,-171.900939,6.958263,-79.465957,250000,100.000000,0,20.000000,0.107966,87.565025,0,1,25.000000,0.295625,6.951981,0.015516,10000
177,10.259352,Series RL,0.314721,0.000110972391536,,2.249715,6.979700,94.834106,250000,100.000000,0,20.000000,0.108266,87.415603,0,1,25.000000,0.314721,6.972601,0.015512,10000
178,10.316316,Series RL,0.284207,0.000110858102371,,139.475463,6.971215,-128.188034,250000,100.000000,0,20.000000,0.108151,87.663482,0,1,25.000000,0.284207,6.965420,0.015514,10000
179,10.372488,Series RL,0.304417,0.000110543994175,,29.901969,6.952352,122.411537,250000,100.000000,0,20.000000,0.107848,87.490432,0,1,25.000000,0.304417,6.945684,0.015512,10000
180,10.428962,Series RL,0.288714,0.000110700507146,,-63.240806,6.961508,29.136096,250000,100.000000,0,20.000000,0.108009,87.623092,0,1,25.000000,0.288714,6.955518,0.015515,10000
181,10.487051,Series RL,0.292352,0.000110373395992,,173.454269,6.941124,-94.131805,250000,100.000000,0,20.000000,0.107693,87.586051,0,1,25.000000,0.292352,6.934965,0.015515,10000
182,10.544830,Series RL,0.304363,0.000110765872082,,160.084106,6.966277,-107.411766,250000,100.000000,0,20.000000,0.108069,87.495895,0,1,25.000000,0.304363,6.959625,0.015513,10000
183,10.605863,Series RL,0.283846,0.0001111937124,,98.068496,6.992271,-169.604995,250000,100.000000,0,20.000000,0.108474,87.673477,0,1,25.000000,0.283846,6.986507,0.015513,10000
184,10.663357,Series RL,0.269622,0.000110885158711,,139.751647,6.972335,-128.032135,250000,100.000000,0,20.000000,0.108157,87.783798,0,1,25.000000,0.269622,6.967120,0.015512,10000
185,10.720193,Series RL,0.288068,0.000110764646589,,-129.327606,6.965507,-36.957389,250000,100.000000,0,20.000000,0.108089,87.629783,0,1,25.000000,0.288068,6.959548,0.015518,10000
186,10.778482,Series RL,0.305827,0.00011084906237,,-12.668671,6.971563,79.845573,250000,100.000000,0,20.000000,0.108139,87.485755,0,1,25.000000,0.305827,6.964852,0.015512,10000
187,10.834181,Series RL,0.291913,0.000111105047181,,-112.683738,6.987036,-20.289268,250000,100.000000,0,20.000000,0.108400,87.605529,0,1,25.000000,0.291913,6.980936,0.015514,10000
188,10.891408,Series RL,0.329218,0.000111219734233,,-53.323772,6.995893,39.373497,250000,100.000000,0,20.000000,0.108520,87.302726,0,1,25.000000,0.329218,6.988142,0.015512,10000
189,10.951249,Series RL,0.331759,0.000110763437011,,-8.447439,6.967375,84.281799,250000,100.000000,0,20.000000,0.108085,87.270759,0,1,25.000000,0.331759,6.959472,0.015513,10000
190,11.009768,Series RL,0.304865,0.000110856638146,,147.505691,6.971996,-119.988113,250000,100.000000,0,20.000000,0.108184,87.493812,0,1,25.000000,0.304865,6.965328,0.015517,10000
191,11.066710,Series RL,0.252183,0.000110816753917,,-148.473251,6.967388,-56.398983,250000,100.000000,0,20.000000,0.108103,87.925727,0,1,25.000000,0.252183,6.962822,0.015516,10000
192,11.124717,Series RL,0.312968,0.000111050695768,,16.425794,6.984537,108.994003,250000,100.000000,0,20.000000,0.108337,87.431793,0,1,25.000000,0.312968,6.977521,0.015511,10000
193,11.182084,Series RL,0.333791,0.000110769325744,,33.983543,6.967842,126.729324,250000,100.000000,0,20.000000,0.108098,87.254226,0,1,25.000000,0.333791,6.959842,0.015514,10000
194,11.239150,Series RL,0.297304,0.000110836186735,,-72.233421,6.970386,20.211122,250000,100.000000,0,20.000000,0.108134,87.555450,0,1,25.000000,0.297304,6.964043,0.015513,10000
195,11.295987,Series RL,0.300732,0.000110414282897,,115.299179,6.944049,-152.218673,250000,100.000000,0,20.000000,0.107752,87.517860,0,1,25.000000,0.300732,6.937534,0.015517,10000
196,11.353932,Series RL,0.318396,0.000110476385156,,-64.681739,6.948734,27.944517,250000,100.000000,0,20.000000,0.107814,87.373748,0,1,25.000000,0.318396,6.941436,0.015516,10000
197,11.410495,Series RL,0.306837,0.00011022119612,,108.560455,6.932197,-158.902679,250000,100.000000,0,20.000000,0.107585,87.463111,0,1,25.000000,0.306837,6.925402,0.015520,10000
198,11.469044,Series RL,0.320471,0.000110624192351,,-35.092288,6.958107,57.547531,250000,100.000000,0,20.000000,0.107948,87.360176,0,1,25.000000,0.320471,6.950723,0.015514,10000
199,11.527583,Series RL,0.296972,0.000110657949115,,145.143554,6.959183,-122.410705,250000,100.000000,0,20.000000,0.107989,87.554252,0,1,25.000000,0.296972,6.952844,0.015517,10000
200,11.585121,Series RL,0.292241,0.000111062902952,,-99.421157,6.984405,-7.023085,250000,100.000000,0,20.000000,0.108375,87.601928,0,1,25.000000,0.292241,6.978288,0.015517,10000
201,11.642879,Series RL,0.328927,0.000110706491372,,63.115974,6.963666,155.823333,250000,100.000000,0,20.000000,0.108049,87.292648,0,1,25.000000,0.328927,6.955894,0.015516,10000
202,11.699479,Series RL,0.300962,0.00011067357813,,-78.100685,6.960336,14.377538,250000,100.000000,0,20.000000,0.107990,87.521781,0,1,25.000000,0.300962,6.953826,0.015515,10000
203,11.756840,Series RL,0.309360,0.000111269263251,,-112.076789,6.998095,-19.543125,250000,100.000000,0,20.000000,0.108580,87.466331,0,1,25.000000,0.309360,6.991254,0.015516,10000
204,11.813653,Series RL,0.288518,0.000110579788122,,109.953330,6.953921,-157.668792,250000,100.000000,0,20.000000,0.107897,87.622116,0,1,25.000000,0.288518,6.947933,0.015516,10000
205,11.869578,Series RL,0.287070,0.000110925647729,,175.603027,6.975574,-92.038375,250000,100.000000,0,20.000000,0.108243,87.641410,0,1,25.000000,0.287070,6.969664,0.015517,10000
206,11.927682,Series RL,0.285996,0.00011067551982,,-114.997108,6.959826,-22.642011,250000,100.000000,0,20.000000,0.107977,87.644905,0,1,25.000000,0.285996,6.953948,0.015514,10000
207,11.986721,Series RL,0.273078,0.000111450174675,,-88.947647,7.007944,3.285560,250000,100.000000,0,20.000000,0.108746,87.766792,0,1,25.000000,0.273078,7.002621,0.015517,10000
208,12.042737,Series RL,0.330503,0.000110795204338,,19.834821,6.969309,112.552963,250000,100.000000,0,20.000000,0.108113,87.281852,0,1,25.000000,0.330503,6.961468,0.015513,10000
209,12.104685,Series RL,0.304868,0.000110621884605,,74.052917,6.957261,166.564422,250000,100.000000,0,20.000000,0.107939,87.488479,0,1,25.000000,0.304868,6.950578,0.015515,10000
210,12.162163,Series RL,0.300502,0.000111401075375,,-67.705184,7.005983,24.753116,250000,100.000000,0,20.000000,0.108705,87.541694,0,1,25.000000,0.300502,6.999536,0.015516,10000
211,12.219023,Series RL,0.272186,0.000111025119568,,-174.397186,6.981222,-82.162742,250000,100.000000,0,20.000000,0.108347,87.765563,0,1,25.000000,0.272186,6.975914,0.015520,10000
212,12.275019,Series RL,0.300063,0.000110911753502,,42.166576,6.975248,134.632110,250000,100.000000,0,20.000000,0.108214,87.534469,0,1,25.000000,0.300063,6.968791,0.015514,10000
213,12.331780,Series RL,0.323112,0.000110933255335,,34.533931,6.977627,127.188064,250000,100.000000,0,20.000000,0.108226,87.345863,0,1,25.000000,0.323112,6.970142,0.015510,10000
214,12.388328,Series RL,0.291611,0.000110867603921,,-113.976501,6.972118,-21.579387,250000,100.000000,0,20.000000,0.108183,87.602882,0,1,25.000000,0.291611,6.966017,0.015516,10000
215,12.446900,Series RL,0.270710,0.000110793771943,,81.850189,6.966639,174.077148,250000,100.000000,0,20.000000,0.108064,87.773025,0,1,25.000000,0.270710,6.961378,0.015512,10000
216,12.505952,Series RL,0.279778,0.000111156358734,,10.789946,6.989762,103.083930,250000,100.000000,0,20.000000,0.108431,87.706008,0,1,25.000000,0.279778,6.984160,0.015513,10000
217,12.563444,Series RL,0.297583,0.000111124320844,,177.130905,6.988486,-90.428596,250000,100.000000,0,20.000000,0.108451,87.559501,0,1,25.000000,0.297583,6.982147,0.015519,10000
218,12.622747,Series RL,0.266238,0.000111164189158,,154.838348,6.989724,-112.978729,250000,100.000000,0,20.000000,0.108446,87.817077,0,1,25.000000,0.266238,6.984652,0.015515,10000
219,12.681597,Series RL,0.290679,0.000110339495989,,152.426040,6.938926,-115.173049,250000,100.000000,0,20.000000,0.107672,87.599113,0,1,25.000000,0.290679,6.932835,0.015517,10000
220,12.739002,Series RL,0.293897,0.00011076679518,,-27.656349,6.965886,64.761726,250000,100.000000,0,20.000000,0.108067,87.581924,0,1,25.000000,0.293897,6.959683,0.015514,10000
221,12.796984,Series RL,0.293223,0.0001109984452,,-55.773899,6.980399,36.633617,250000,100.000000,0,20.000000,0.108302,87.592491,0,1,25.000000,0.293223,6.974238,0.015515,10000
222,12.852524,Series RL,0.293839,0.000110881720965,,-70.453186,6.973097,21.961912,250000,100.000000,0,20.000000,0.108171,87.584899,0,1,25.000000,0.293839,6.966904,0.015513,10000
223,12.909940,Series RL,0.248985,0.000110941197167,,-134.017776,6.975086,-41.972099,250000,100.000000,0,20.000000,0.108250,87.954307,0,1,25.000000,0.248985,6.970641,0.015519,10000
224,12.968433,Series RL,0.299110,0.000110685928554,,87.279403,6.961031,179.742111,250000,100.000000,0,20.000000,0.108004,87.537284,0,1,25.000000,0.299110,6.954602,0.015516,10000
225,13.025194,Series RL,0.315157,0.000110598027279,,92.145805,6.956221,-175.257492,250000,100.000000,0,20.000000,0.107926,87.403282,0,1,25.000000,0.315157,6.949079,0.015515,10000
226,13.082058,Series RL,0.272193,0.0001113299172,,-88.653633,7.000359,3.574747,250000,100.000000,0,20.000000,0.108626,87.771629,0,1,25.000000,0.272193,6.995065,0.015517,10000
227,13.141297,Series RL,0.261349,0.000111369626358,,-147.819046,7.002438,-55.680126,250000,100.000000,0,20.000000,0.108673,87.861076,0,1,25.000000,0.261349,6.997560,0.015519,10000
228,13.198387,Series RL,0.289811,0.000111200715217,,-58.776935,6.992955,33.598266,250000,100.000000,0,20.000000,0.108502,87.624801,0,1,25.000000,0.289811,6.986947,0.015516,10000
229,13.256025,Series RL,0.302125,0.000110459864873,,-78.595207,6.946970,13.897380,250000,100.000000,0,20.000000,0.107796,87.507415,0,1,25.000000,0.302125,6.940398,0.015517,10000
230,13.312993,Series RL,0.294725,0.000110783983914,,28.917243,6.967000,121.341751,250000,100.000000,0,20.000000,0.108084,87.575492,0,1,25.000000,0.294725,6.960763,0.015514,10000
231,13.369719,Series RL,0.285949,0.000111147796199,,-69.451484,6.989473,22.893222,250000,100.000000,0,20.000000,0.108445,87.655288,0,1,25.000000,0.285949,6.983622,0.015515,10000
232,13.426841,Series RL,0.321167,0.00011119113409,,47.884582,6.993724,140.516662,250000,100.000000,0,20.000000,0.108494,87.367919,0,1,25.000000,0.321167,6.986345,0.015513,10000
233,13.485425,Series RL,0.286173,0.000110897907022,,113.531326,6.973795,-154.116836,250000,100.000000,0,20.000000,0.108195,87.648178,0,1,25.000000,0.286173,6.967921,0.015514,10000
234,13.541953,Series RL,0.302028,0.000110686246864,,74.360961,6.961177,166.847671,250000,100.000000,0,20.000000,0.107993,87.513298,0,1,25.000000,0.302028,6.954622,0.015514,10000
235,13.603746,Series RL,0.305368,0.000110289521337,,-165.226730,6.936420,-72.703521,250000,100.000000,0,20.000000,0.107632,87.476799,0,1,25.000000,0.305368,6.929695,0.015517,10000
236,13.662415,Series RL,0.281147,0.000110992524636,,171.470031,6.979531,-96.221374,250000,100.000000,0,20.000000,0.108308,87.691398,0,1,25.000000,0.281147,6.973866,0.015518,10000
237,13.718830,Series RL,0.295106,0.000110754778982,,71.311836,6.965182,163.740127,250000,100.000000,0,20.000000,0.108080,87.571723,0,1,25.000000,0.295106,6.958928,0.015517,10000
238,13.775492,Series RL,0.307466,0.000110666766299,,102.488059,6.960192,-164.980056,250000,100.000000,0,20.000000,0.107977,87.468139,0,1,25.000000,0.307466,6.953398,0.015514,10000
239,13.832118,Series RL,0.310358,0.000111056329853,,-10.713316,6.984773,81.833381,250000,100.000000,0,20.000000,0.108358,87.453308,0,1,25.000000,0.310358,6.977875,0.015513,10000
240,13.889055,Series RL,0.283355,0.000110968906042,,39.357006,6.978137,131.684219,250000,100.000000,0,20.000000,0.108237,87.672798,0,1,25.000000,0.283355,6.972382,0.015511,10000
241,13.948208,Series RL,0.308948,0.000110683588976,,164.106033,6.961314,-103.350326,250000,100.000000,0,20.000000,0.108015,87.456336,0,1,25.000000,0.308948,6.954455,0.015516,10000
242,14.007207,Series RL,0.304381,0.000110775930674,,15.008224,6.966909,107.512237,250000,100.000000,0,20.000000,0.108064,87.495979,0,1,25.000000,0.304381,6.960257,0.015511,10000
243,14.060990,Series RL,0.311544,0.000111204057471,,-10.953428,6.994100,81.599594,250000,100.000000,0,20.000000,0.108499,87.446975,0,1,25.000000,0.311544,6.987157,0.015513,10000
244,14.119873,Series RL,0.279918,0.000111292468042,,-44.772926,6.998313,47.519401,250000,100.000000,0,20.000000,0.108587,87.707672,0,1,25.000000,0.279918,6.992712,0.015516,10000
245,14.177903,Series RL,0.279364,0.000110426060363,,-149.901763,6.943896,-57.596035,250000,100.000000,0,20.000000,0.107766,87.694274,0,1,25.000000,0.279364,6.938274,0.015519,10000
246,14.235975,Series RL,0.280453,0.000111436646505,,-2.929908,7.007386,89.363830,250000,100.000000,0,20.000000,0.108718,87.706260,0,1,25.000000,0.280453,7.001771,0.015515,10000
247,14.295784,Series RL,0.316310,0.000111338957201,,-53.156753,7.002780,39.432132,250000,100.000000,0,20.000000,0.108640,87.411109,0,1,25.000000,0.316310,6.995633,0.015514,10000
248,14.354026,Series RL,0.265838,0.000111400884389,,-89.603111,7.004570,2.571911,250000,100.000000,0,20.000000,0.108683,87.824974,0,1,25.000000,0.265838,6.999524,0.015516,10000
249,14.409446,Series RL,0.313738,0.000111120692112,,61.656326,6.988965,154.229232,250000,100.000000,0,20.000000,0.108432,87.427101,0,1,25.000000,0.313738,6.981919,0.015515,10000
250,14.467591,Series RL,0.302023,0.000110887689275,,-152.951080,6.973823,-60.468933,250000,100.000000,0,20.000000,0.108214,87.517845,0,1,25.000000,0.302023,6.967279,0.015517,10000
251,14.524431,Series RL,0.320988,0.000110729361938,,-36.832992,6.964732,55.808582,250000,100.000000,0,20.000000,0.108047,87.358428,0,1,25.000000,0.320988,6.957331,0.015513,10000
252,14.584224,Series RL,0.316207,0.000110647206156,,106.805465,6.959356,-160.590301,250000,100.000000,0,20.000000,0.107984,87.395790,0,1,25.000000,0.316207,6.952169,0.015516,10000
253,14.642198,Series RL,0.309187,0.000111067757178,,90.195610,6.985439,-177.267532,250000,100.000000,0,20.000000,0.108370,87.463165,0,1,25.000000,0.309187,6.978593,0.015514,10000
254,14.700257,Series RL,0.300855,0.000110715992922,,-28.223276,6.962994,64.253120,250000,100.000000,0,20.000000,0.108024,87.523605,0,1,25.000000,0.300855,6.956491,0.015514,10000
255,14.758451,Series RL,0.299311,0.000110911992235,,178.302047,6.975231,-89.238594,250000,100.000000,0,20.000000,0.108256,87.540649,0,1,25.000000,0.299311,6.968806,0.015520,10000
256,14.814174,Series RL,0.292355,0.00011040890346,,-165.186538,6.943354,-72.773345,250000,100.000000,0,20.000000,0.107766,87.586807,0,1,25.000000,0.292355,6.937196,0.015521,10000
257,14.870011,Series RL,0.254159,0.000111064160276,,-133.649353,6.982994,-41.563499,250000,100.000000,0,20.000000,0.108353,87.914154,0,1,25.000000,0.254159,6.978367,0.015517,10000
258,14.926886,Series RL,0.320309,0.000110748969827,,5.671273,6.965931,98.306785,250000,100.000000,0,20.000000,0.108056,87.364479,0,1,25.000000,0.320309,6.958563,0.015512,10000
259,14.984207,Series RL,0.301108,0.000110709181091,,-64.405700,6.962577,28.072933,250000,100.000000,0,20.000000,0.108035,87.521369,0,1,25.000000,0.301108,6.956063,0.015516,10000
260,15.041964,Series RL,0.272408,0.000111310945931,,40.182651,6.999176,132.413162,250000,100.000000,0,20.000000,0.108590,87.769477,0,1,25.000000,0.272408,6.993873,0.015515,10000
261,15.101486,Series RL,0.301133,0.000110983946185,,-109.341278,6.979825,-16.868581,250000,100.000000,0,20.000000,0.108298,87.527297,0,1,25.000000,0.301133,6.973327,0.015516,10000
262,15.160008,Series RL,0.315076,0.000110684289258,,-65.287040,6.961632,27.306995,250000,100.000000,0,20.000000,0.108019,87.405960,0,1,25.000000,0.315076,6.954499,0.015516,10000
263,15.217626,Series RL,0.288927,0.000110887370965,,42.373432,6.973247,134.748092,250000,100.000000,0,20.000000,0.108175,87.625350,0,1,25.000000,0.288927,6.967259,0.015513,10000
264,15.274774,Series RL,0.290855,0.000111002694637,,70.369743,6.980567,162.757751,250000,100.000000,0,20.000000,0.108300,87.611999,0,1,25.000000,0.290855,6.974505,0.015514,10000
265,15.334100,Series RL,0.289406,0.000110557028965,,-107.767524,6.952528,-15.381842,250000,100.000000,0,20.000000,0.107898,87.614318,0,1,25.000000,0.289406,6.946503,0.015519,10000
266,15.391126,Series RL,0.308127,0.000111333514102,,-38.479648,7.002074,54.042476,250000,100.000000,0,20.000000,0.108628,87.477874,0,1,25.000000,0.308127,6.995291,0.015514,10000
267,15.451901,Series RL,0.303184,0.000110493717129,,94.486022,6.949142,-173.013412,250000,100.000000,0,20.000000,0.107818,87.499450,0,1,25.000000,0.303184,6.942525,0.015515,10000
268,15.510148,Series RL,0.293703,0.000110814605325,,42.087360,6.968878,134.502822,250000,100.000000,0,20.000000,0.108114,87.584556,0,1,25.000000,0.293703,6.962687,0.015514,10000
269,15.569172,Series RL,0.309581,0.000110435243603,,164.983154,6.945754,-102.462265,250000,100.000000,0,20.000000,0.107782,87.445411,0,1,25.000000,0.309581,6.938851,0.015518,10000
270,15.628556,Series RL,0.277991,0.000110807300113,,-115.455711,6.967776,-23.169189,250000,100.000000,0,20.000000,0.108141,87.713478,0,1,25.000000,0.277991,6.962228,0.015520,10000
271,15.687708,Series RL,0.288644,0.000110282980069,,166.624343,6.935293,-100.990333,250000,100.000000,0,20.000000,0.107635,87.614685,0,1,25.000000,0.288644,6.929284,0.015520,10000
272,15.745428,Series RL,0.280614,0.000111462111296,,-17.404233,7.008991,74.890289,250000,100.000000,0,20.000000,0.108745,87.705474,0,1,25.000000,0.280614,7.003371,0.015515,10000
273,15.802840,Series RL,0.286232,0.00011054560164,,100.916114,6.951680,-166.724090,250000,100.000000,0,20.000000,0.107863,87.640205,0,1,25.000000,0.286232,6.945785,0.015516,10000
274,15.860603,Series RL,0.294083,0.000110771028702,,116.901962,6.966159,-150.678512,250000,100.000000,0,20.000000,0.108074,87.580482,0,1,25.000000,0.294083,6.959949,0.015514,10000
275,15.917684,Series RL,0.276910,0.000111373796218,,26.231428,7.003298,118.497497,250000,100.000000,0,20.000000,0.108636,87.733940,0,1,25.000000,0.276910,6.997822,0.015512,10000
276,15.976854,Series RL,0.308532,0.000111361732273,,4.281249,7.003863,96.806037,250000,100.000000,0,20.000000,0.108648,87.475204,0,1,25.000000,0.308532,6.997064,0.015513,10000
277,16.035875,Series RL,0.276057,0.000110650373339,,172.406417,6.957847,-95.319725,250000,100.000000,0,20.000000,0.107993,87.726158,0,1,25.000000,0.276057,6.952368,0.015521,10000
278,16.095252,Series RL,0.277974,0.000110741330389,,-129.541442,6.963633,-37.253707,250000,100.000000,0,20.000000,0.108059,87.712265,0,1,25.000000,0.277974,6.958083,0.015518,10000
279,16.154812,Series RL,0.287491,0.000111114596477,,-153.825973,6.987453,-61.467922,250000,100.000000,0,20.000000,0.108430,87.641960,0,1,25.000000,0.287491,6.981536,0.015518,10000
280,16.214405,Series RL,0.323583,0.000110677572919,,6.819355,6.961602,99.483489,250000,100.000000,0,20.000000,0.107995,87.335861,0,1,25.000000,0.323583,6.954077,0.015513,10000
281,16.273395,Series RL,0.283473,0.000111344113821,,26.136754,7.001698,118.457084,250000,100.000000,0,20.000000,0.108612,87.679664,0,1,25.000000,0.283473,6.995957,0.015512,10000
282,16.330590,Series RL,0.286214,0.000110832112369,,-19.861017,6.969666,72.492538,250000,100.000000,0,20.000000,0.108122,87.646438,0,1,25.000000,0.286214,6.963787,0.015513,10000
283,16.386989,Series RL,0.285748,0.000110933398575,,-48.953231,6.976006,43.394355,250000,100.000000,0,20.000000,0.108231,87.652420,0,1,25.000000,0.285748,6.970151,0.015515,10000
284,16.444933,Series RL,0.276706,0.000110919934067,,-56.962089,6.974795,35.311561,250000,100.000000,0,20.000000,0.108219,87.726348,0,1,25.000000,0.276706,6.969305,0.015516,10000
285,16.503985,Series RL,0.290746,0.000110853025328,,74.266990,6.971167,166.657333,250000,100.000000,0,20.000000,0.108164,87.609672,0,1,25.000000,0.290746,6.965101,0.015516,10000
286,16.561088,Series RL,0.286041,0.000110986970129,,-56.442070,6.979381,35.906787,250000,100.000000,0,20.000000,0.108292,87.651145,0,1,25.000000,0.286041,6.973517,0.015516,10000
287,16.618229,Series RL,0.291950,0.000111310977762,,-39.964698,6.999966,52.425651,250000,100.000000,0,20.000000,0.108615,87.609642,0,1,25.000000,0.291950,6.993875,0.015517,10000
288,16.676573,Series RL,0.309158,0.000110566053051,,121.592933,6.953946,-145.858978,250000,100.000000,0,20.000000,0.107915,87.451911,0,1,25.000000,0.309158,6.947070,0.015518,10000
289,16.733959,Series RL,0.281356,0.000111210232683,,-112.327514,6.993207,-20.021722,250000,100.000000,0,20.000000,0.108515,87.694206,0,1,25.000000,0.281356,6.987545,0.015517,10000
290,16.790932,Series RL,0.286128,0.000110420999235,,-136.331954,6.943854,-43.970363,250000,100.000000,0,20.000000,0.107778,87.638397,0,1,25.000000,0.286128,6.937956,0.015521,10000
291,16.845893,Series RL,0.279218,0.000110516508117,,109.685050,6.949569,-158.012313,250000,100.000000,0,20.000000,0.107842,87.697364,0,1,25.000000,0.279218,6.943957,0.015518,10000
292,16.904697,Series RL,0.300018,0.000111129079577,,-54.450801,6.988889,38.009544,250000,100.000000,0,20.000000,0.108433,87.539657,0,1,25.000000,0.300018,6.982446,0.015515,10000
293,16.964626,Series RL,0.284684,0.000110831046031,,-63.617252,6.969537,28.723751,250000,100.000000,0,20.000000,0.108148,87.658988,0,1,25.000000,0.284684,6.963720,0.015517,10000
294,17.024229,Series RL,0.297909,0.000110860823921,,102.574234,6.971959,-164.976806,250000,100.000000,0,20.000000,0.108189,87.551033,0,1,25.000000,0.297909,6.965591,0.015518,10000
295,17.083771,Series RL,0.315456,0.000110847948286,,63.157958,6.971922,155.751281,250000,100.000000,0,20.000000,0.108153,87.406669,0,1,25.000000,0.315456,6.964782,0.015513,10000
296,17.142071,Series RL,0.247145,0.000111378936922,,-117.484687,7.002508,-25.462087,250000,100.000000,0,20.000000,0.108666,87.977401,0,1,25.000000,0.247145,6.998145,0.015518,10000
297,17.200021,Series RL,0.275671,0.000110499192059,,-92.540847,6.948340,-0.267068,250000,100.000000,0,20.000000,0.107821,87.726226,0,1,25.000000,0.275671,6.942869,0.015518,10000
298,17.256206,Series RL,0.285093,0.000111000609707,,55.976222,6.980199,148.317031,250000,100.000000,0,20.000000,0.108321,87.659202,0,1,25.000000,0.285093,6.974374,0.015518,10000
299,17.313186,Series RL,0.302806,0.000110982259142,,60.737716,6.979792,153.224166,250000,100.000000,0,20.000000,0.108284,87.513542,0,1,25.000000,0.302806,6.973221,0.015514,10000
300,17.369645,Series RL,0.293333,0.000110822388002,,-49.073707,6.969352,43.338523,250000,100.000000,0,20.000000,0.108130,87.587760,0,1,25.000000,0.293333,6.963176,0.015515,10000
301,17.428796,Series RL,0.249028,0.000110948136322,,-147.835281,6.975523,-55.789367,250000,100.000000,0,20.000000,0.108251,87.954093,0,1,25.000000,0.249028,6.971077,0.015519,10000
302,17.486113,Series RL,0.292993,0.000110850096877,,-0.710893,6.971076,91.697944,250000,100.000000,0,20.000000,0.108165,87.591156,0,1,25.000000,0.292993,6.964917,0.015516,10000
303,17.543920,Series RL,0.292062,0.00011077340011,,103.355705,6.966223,-164.241424,250000,100.000000,0,20.000000,0.108108,87.597145,0,1,25.000000,0.292062,6.960098,0.015519,10000
304,17.602483,Series RL,0.295214,0.000110695684752,,59.090778,6.961477,151.521240,250000,100.000000,0,20.000000,0.107994,87.569534,0,1,25.000000,0.295214,6.955215,0.015513,10000
305,17.661438,Series RL,0.295989,0.000111433893124,,-53.942470,7.007852,38.478233,250000,100.000000,0,20.000000,0.108738,87.579292,0,1,25.000000,0.295989,7.001598,0.015517,10000
306,17.719972,Series RL,0.277750,0.000110362796273,,145.098815,6.939859,-122.607467,250000,100.000000,0,20.000000,0.107714,87.706260,0,1,25.000000,0.277750,6.934299,0.015521,10000
307,17.776477,Series RL,0.298814,0.000111331970299,,-68.087188,7.001574,24.358839,250000,100.000000,0,20.000000,0.108628,87.553985,0,1,25.000000,0.298814,6.995194,0.015515,10000
308,17.832177,Series RL,0.270749,0.000111368034809,,-88.571304,7.002696,3.644502,250000,100.000000,0,20.000000,0.108673,87.784187,0,1,25.000000,0.270749,6.997460,0.015519,10000
309,17.889231,Series RL,0.275969,0.000110642479254,,-128.991317,6.957348,-36.718029,250000,100.000000,0,20.000000,0.107956,87.726722,0,1,25.000000,0.275969,6.951872,0.015517,10000
310,17.948425,Series RL,0.300906,0.000110947547449,,91.541664,6.977531,-175.986679,250000,100.000000,0,20.000000,0.108265,87.528350,0,1,25.000000,0.300906,6.971040,0.015516,10000
311,18.006553,Series RL,0.310489,0.000110386462613,,65.073783,6.942732,157.636993,250000,100.000000,0,20.000000,0.107717,87.436790,0,1,25.000000,0.310489,6.935786,0.015515,10000
312,18.063865,Series RL,0.264077,0.000111084548024,,-160.024078,6.984642,-67.857307,250000,100.000000,0,20.000000,0.108402,87.833236,0,1,25.000000,0.264077,6.979648,0.015520,10000
313,18.121612,Series RL,0.276389,0.000110792960253,,-129.873428,6.966812,-37.599765,250000,100.000000,0,20.000000,0.108122,87.726348,0,1,25.000000,0.276389,6.961327,0.015520,10000
314,18.179792,Series RL,0.318287,0.000110811485888,,34.932136,6.969762,127.549568,250000,100.000000,0,20.000000,0.108143,87.382568,0,1,25.000000,0.318287,6.962491,0.015516,10000
315,18.237607,Series RL,0.277120,0.000111105699716,,-69.849441,6.986475,22.423793,250000,100.000000,0,20.000000,0.108410,87.726760,0,1,25.000000,0.277120,6.980977,0.015517,10000
316,18.295258,Series RL,0.285645,0.000111221930571,,26.266447,6.994115,118.607109,250000,100.000000,0,20.000000,0.108526,87.659339,0,1,25.000000,0.285645,6.988280,0.015517,10000
317,18.352935,Series RL,0.246150,0.00011093758435,,-148.675048,6.974759,-56.652580,250000,100.000000,0,20.000000,0.108247,87.977516,0,1,25.000000,0.246150,6.970414,0.015520,10000
318,18.409900,Series RL,0.298513,0.000110892432092,,118.707015,6.973969,-148.839736,250000,100.000000,0,20.000000,0.108229,87.546768,0,1,25.000000,0.298513,6.967577,0.015519,10000
319,18.468478,Series RL,0.253832,0.000111092458025,,-4.005293,6.984759,88.077346,250000,100.000000,0,20.000000,0.108363,87.917366,0,1,25.000000,0.253832,6.980145,0.015514,10000
320,18.526965,Series RL,0.246681,0.000111518865948,,-117.318443,7.011278,-25.302162,250000,100.000000,0,20.000000,0.108814,87.983726,0,1,25.000000,0.246681,7.006937,0.015520,10000
321,18.585662,Series RL,0.279892,0.000111149546903,,-140.820938,6.989338,-48.525886,250000,100.000000,0,20.000000,0.108478,87.704940,0,1,25.000000,0.279892,6.983732,0.015520,10000
322,18.644954,Series RL,0.255365,0.00011066456996,,-134.505004,6.957948,-42.401714,250000,100.000000,0,20.000000,0.107984,87.896705,0,1,25.000000,0.255365,6.953260,0.015520,10000
323,18.703817,Series RL,0.291555,0.000110879365472,,134.643875,6.972854,-132.959716,250000,100.000000,0,20.000000,0.108216,87.603591,0,1,25.000000,0.291555,6.966756,0.015520,10000
324,18.760585,Series RL,0.272105,0.00011086128547,,99.740982,6.970932,-168.021942,250000,100.000000,0,20.000000,0.108163,87.762931,0,1,25.000000,0.272105,6.965620,0.015516,10000
325,18.817312,Series RL,0.308352,0.000111076033235,,-52.012763,6.985921,40.517044,250000,100.000000,0,20.000000,0.108399,87.470191,0,1,25.000000,0.308352,6.979113,0.015517,10000
326,18.873944,Series RL,0.303002,0.00011044401304,,-6.576131,6.946014,85.924041,250000,100.000000,0,20.000000,0.107758,87.499816,0,1,25.000000,0.303002,6.939402,0.015514,10000
327,18.930926,Series RL,0.301613,0.000110850144624,,149.287841,6.971448,-118.232536,250000,100.000000,0,20.000000,0.108172,87.520370,0,1,25.000000,0.301613,6.964920,0.015516,10000
328,18.988463,Series RL,0.263984,0.000111198136907,,126.981857,6.991771,-140.854309,250000,100.000000,0,20.000000,0.108494,87.836204,0,1,25.000000,0.263984,6.986785,0.015517,10000
329,19.046222,Series RL,0.282123,0.000111200396907,,-126.401863,6.992620,-34.089599,250000,100.000000,0,20.000000,0.108521,87.687728,0,1,25.000000,0.282123,6.986927,0.015519,10000
330,19.105045,Series RL,0.286978,0.000110580345164,,86.118789,6.953893,178.483993,250000,100.000000,0,20.000000,0.107889,87.634803,0,1,25.000000,0.286978,6.947968,0.015515,10000
331,19.163838,Series RL,0.260527,0.00011100279013,,-173.909423,6.979375,-81.770179,250000,100.000000,0,20.000000,0.108333,87.860755,0,1,25.000000,0.260527,6.974511,0.015522,10000
332,19.221534,Series RL,0.246867,0.000111118686759,,111.489929,6.986156,-156.485000,250000,100.000000,0,20.000000,0.108409,87.974945,0,1,25.000000,0.246867,6.981793,0.015518,10000
333,19.279106,Series RL,0.278410,0.000110432649377,,145.222412,6.944271,-122.479873,250000,100.000000,0,20.000000,0.107759,87.702278,0,1,25.000000,0.278410,6.938688,0.015518,10000
334,19.335648,Series RL,0.294175,0.000111049199711,,-12.708149,6.983626,79.706069,250000,100.000000,0,20.000000,0.108346,87.585777,0,1,25.000000,0.294175,6.977427,0.015514,10000
335,19.392669,Series RL,0.262567,0.000110562376571,,173.397171,6.951800,-94.438301,250000,100.000000,0,20.000000,0.107883,87.835441,0,1,25.000000,0.262567,6.946839,0.015519,10000
336,19.449960,Series RL,0.285064,0.000110976370409,,-26.263473,6.978676,66.077590,250000,100.000000,0,20.000000,0.108266,87.658935,0,1,25.000000,0.285064,6.972851,0.015514,10000
337,19.506064,Series RL,0.282259,0.000111191070428,,-125.971412,6.992041,-33.657836,250000,100.000000,0,20.000000,0.108507,87.686416,0,1,25.000000,0.282259,6.986341,0.015519,10000
338,19.565262,Series RL,0.282121,0.000111138167324,,-110.026069,6.988714,-17.712520,250000,100.000000,0,20.000000,0.108440,87.686447,0,1,25.000000,0.282121,6.983017,0.015517,10000
339,19.624337,Series RL,0.273318,0.000110496104453,,-107.539146,6.948053,-15.284697,250000,100.000000,0,20.000000,0.107831,87.745552,0,1,25.000000,0.273318,6.942675,0.015520,10000
340,19.682524,Series RL,0.238155,0.000110774975744,,168.207092,6.964271,-99.833206,250000,100.000000,0,20.000000,0.108075,88.040290,0,1,25.000000,0.238155,6.960197,0.015519,10000
341,19.738660,Series RL,0.288989,0.000110513961638,,136.059417,6.949808,-131.557388,250000,100.000000,0,20.000000,0.107849,87.616813,0,1,25.000000,0.288989,6.943797,0.015518,10000
342,19.798038,Series RL,0.270176,0.000110833640256,,-171.022079,6.969122,-78.800308,250000,100.000000,0,20.000000,0.108170,87.778221,0,1,25.000000,0.270176,6.963883,0.015521,10000
343,19.856458,Series RL,0.290086,0.000110669137707,,87.797164,6.959595,-179.813995,250000,100.000000,0,20.000000,0.107974,87.611129,0,1,25.000000,0.290086,6.953547,0.015514,10000
344,19.912685,Series RL,0.257431,0.000111060531543,,-174.308288,6.982886,-82.195549,250000,100.000000,0,20.000000,0.108382,87.887252,0,1,25.000000,0.257431,6.978139,0.015521,10000
345,19.970146,Series RL,0.279554,0.000110903047727,,-56.609664,6.973850,35.687717,250000,100.000000,0,20.000000,0.108203,87.702621,0,1,25.000000,0.279554,6.968244,0.015516,10000
346,20.032257,Series RL,0.282887,0.000110880590965,,163.394729,6.972574,-104.280044,250000,100.000000,0,20.000000,0.108210,87.674789,0,1,25.000000,0.282887,6.966833,0.015519,10000
347,20.092046,Series RL,0.282339,0.00011037043571,,-165.069854,6.940525,-72.738441,250000,100.000000,0,20.000000,0.107704,87.668579,0,1,25.000000,0.282339,6.934779,0.015518,10000
348,20.152129,Series RL,0.259279,0.000110289569083,,167.001205,6.934547,-100.856018,250000,100.000000,0,20.000000,0.107606,87.857238,0,1,25.000000,0.259279,6.929698,0.015517,10000
349,20.211259,Series RL,0.262104,0.000111145249719,,97.660476,6.988379,-170.190078,250000,100.000000,0,20.000000,0.108439,87.850570,0,1,25.000000,0.262104,6.983462,0.015517,10000
350,20.269277,Series RL,0.239660,0.000111055390839,,-162.567535,6.981930,-70.600433,250000,100.000000,0,20.000000,0.108367,88.032897,0,1,25.000000,0.239660,6.977816,0.015521,10000
351,20.327796,Series RL,0.252012,0.000111080059855,,-62.184070,6.983915,29.883880,250000,100.000000,0,20.000000,0.108352,87.932052,0,1,25.000000,0.252012,6.979366,0.015515,10000
352,20.385233,Series RL,0.289629,0.000111206253809,,-81.283874,6.993295,11.089725,250000,100.000000,0,20.000000,0.108526,87.626403,0,1,25.000000,0.289629,6.987295,0.015519,10000
353,20.442883,Series RL,0.265306,0.000110550837838,,157.962814,6.951179,-109.849861,250000,100.000000,0,20.000000,0.107891,87.812652,0,1,25.000000,0.265306,6.946114,0.015521,10000
354,20.503500,Series RL,0.266467,0.000111237448178,,-16.259510,6.994333,75.923843,250000,100.000000,0,20.000000,0.108521,87.816642,0,1,25.000000,0.266467,6.989255,0.015516,10000
355,20.561277,Series RL,0.269455,0.000110699090667,,142.811080,6.960646,-124.970344,250000,100.000000,0,20.000000,0.108020,87.781448,0,1,25.000000,0.269455,6.955429,0.015519,10000
356,20.620910,Series RL,0.290572,0.000110630542633,,-93.645309,6.957193,-1.251616,250000,100.000000,0,20.000000,0.107961,87.606300,0,1,25.000000,0.290572,6.951122,0.015518,10000
357,20.678701,Series RL,0.294736,0.00011093613604,,1.864189,6.976551,94.285469,250000,100.000000,0,20.000000,0.108228,87.578727,0,1,25.000000,0.294736,6.970323,0.015513,10000
358,20.736921,Series RL,0.299379,0.000111308383536,,-10.426172,7.000117,82.024993,250000,100.000000,0,20.000000,0.108595,87.548835,0,1,25.000000,0.299379,6.993712,0.015513,10000
359,20.794194,Series RL,0.274790,0.000110535033752,,66.601356,6.950555,158.867126,250000,100.000000,0,20.000000,0.107828,87.734214,0,1,25.000000,0.274790,6.945121,0.015514,10000
360,20.850860,Series RL,0.274639,0.000111028684639,,-55.508350,6.981542,36.746120,250000,100.000000,0,20.000000,0.108315,87.745529,0,1,25.000000,0.274639,6.976138,0.015515,10000
361,20.908960,Series RL,0.265555,0.000110636574606,,-128.628631,6.956571,-36.440925,250000,100.000000,0,20.000000,0.107964,87.812301,0,1,25.000000,0.265555,6.951501,0.015520,10000
362,20.966288,Series RL,0.290526,0.000110507850088,,179.429382,6.949488,-88.174644,250000,100.000000,0,20.000000,0.107841,87.604026,0,1,25.000000,0.290526,6.943413,0.015518,10000
363,21.025398,Series RL,0.249228,0.000110990312382,,-18.984416,6.978179,73.062362,250000,100.000000,0,20.000000,0.108257,87.953224,0,1,25.000000,0.249228,6.973727,0.015514,10000
364,21.084662,Series RL,0.301406,0.000111355477484,,-10.542755,7.003160,81.923942,250000,100.000000,0,20.000000,0.108651,87.533302,0,1,25.000000,0.301406,6.996671,0.015515,10000
365,21.143368,Series RL,0.278692,0.000110991776608,,-124.360626,6.979385,-32.072147,250000,100.000000,0,20.000000,0.108322,87.711524,0,1,25.000000,0.278692,6.973819,0.015520,10000
366,21.203214,Series RL,0.291657,0.000110714528697,,-137.743820,6.962511,-45.343017,250000,100.000000,0,20.000000,0.108046,87.599189,0,1,25.000000,0.291657,6.956399,0.015518,10000
367,21.261520,Series RL,0.280120,0.000110765919828,,85.662773,6.965263,177.967651,250000,100.000000,0,20.000000,0.108069,87.695129,0,1,25.000000,0.280120,6.959628,0.015515,10000
368,21.318443,Series RL,0.290267,0.000110990009988,,104.592697,6.979746,-163.023849,250000,100.000000,0,20.000000,0.108284,87.616539,0,1,25.000000,0.290267,6.973708,0.015514,10000
369,21.375584,Series RL,0.288855,0.00011085178392,,164.141357,6.971011,-103.483825,250000,100.000000,0,20.000000,0.108180,87.625175,0,1,25.000000,0.288855,6.965023,0.015519,10000
370,21.431245,Series RL,0.245514,0.000111294966774,,-47.227172,6.997178,44.783615,250000,100.000000,0,20.000000,0.108561,87.989212,0,1,25.000000,0.245514,6.992869,0.015515,10000
371,21.489247,Series RL,0.252134,0.000110957940267,,-174.190307,6.976250,-82.119094,250000,100.000000,0,20.000000,0.108292,87.928779,0,1,25.000000,0.252134,6.971693,0.015523,10000
372,21.547167,Series RL,0.257232,0.000110976640973,,-159.740875,6.977611,-67.628173,250000,100.000000,0,20.000000,0.108299,87.887290,0,1,25.000000,0.257232,6.972868,0.015521,10000
373,21.606494,Series RL,0.268565,0.000110820175748,,-98.942634,6.968214,-6.733821,250000,100.000000,0,20.000000,0.108132,87.791183,0,1,25.000000,0.268565,6.963037,0.015518,10000
374,21.665675,Series RL,0.290863,0.000110573135446,,135.254562,6.953601,-132.348129,250000,100.000000,0,20.000000,0.107921,87.602661,0,1,25.000000,0.290863,6.947515,0.015520,10000
375,21.723518,Series RL,0.248562,0.000111191197752,,-87.943527,6.990769,4.094098,250000,100.000000,0,20.000000,0.108493,87.962379,0,1,25.000000,0.248562,6.986349,0.015519,10000
376,21.781175,Series RL,0.272758,0.000110320747537,,116.172416,6.937022,-151.574172,250000,100.000000,0,20.000000,0.107668,87.746597,0,1,25.000000,0.272758,6.931657,0.015521,10000
377,21.839775,Series RL,0.258202,0.000111072404502,,-72.909317,6.983660,19.209522,250000,100.000000,0,20.000000,0.108368,87.881164,0,1,25.000000,0.258202,6.978885,0.015517,10000
378,21.896728,Series RL,0.296479,0.000111092076053,,-109.693740,6.986414,-17.261575,250000,100.000000,0,20.000000,0.108409,87.567832,0,1,25.000000,0.296479,6.980121,0.015517,10000
379,21.955783,Series RL,0.288980,0.000110138690197,,94.099349,6.926249,-173.509429,250000,100.000000,0,20.000000,0.107472,87.608779,0,1,25.000000,0.288980,6.920218,0.015517,10000
380,22.015066,Series RL,0.272805,0.000111060738445,,-44.482437,6.983483,47.756351,250000,100.000000,0,20.000000,0.108351,87.761207,0,1,25.000000,0.272805,6.978152,0.015515,10000
381,22.073729,Series RL,0.266910,0.000110817056311,,-72.253562,6.967956,19.941715,250000,100.000000,0,20.000000,0.108126,87.804725,0,1,25.000000,0.266910,6.962841,0.015518,10000
382,22.132110,Series RL,0.276246,0.000110402027966,,95.194023,6.942263,-172.525466,250000,100.000000,0,20.000000,0.107719,87.719490,0,1,25.000000,0.276246,6.936764,0.015516,10000
383,22.189935,Series RL,0.294391,0.000110408489657,,36.250114,6.943414,128.680114,250000,100.000000,0,20.000000,0.107731,87.570014,0,1,25.000000,0.294391,6.937170,0.015516,10000
384,22.246255,Series RL,0.287845,0.000110385635007,,165.246810,6.941705,-102.376663,250000,100.000000,0,20.000000,0.107746,87.623489,0,1,25.000000,0.287845,6.935734,0.015521,10000
385,22.303860,Series RL,0.264361,0.000110211885556,,166.915542,6.929861,-100.898200,250000,100.000000,0,20.000000,0.107560,87.813743,0,1,25.000000,0.264361,6.924817,0.015521,10000
386,22.362659,Series RL,0.265457,0.000110840706736,,175.526290,6.969385,-92.290817,250000,100.000000,0,20.000000,0.108174,87.817138,0,1,25.000000,0.265457,6.964327,0.015521,10000
387,22.419317,Series RL,0.278597,0.000110529017695,,-137.105529,6.950329,-44.808265,250000,100.000000,0,20.000000,0.107882,87.702743,0,1,25.000000,0.278597,6.944743,0.015522,10000
388,22.477629,Series RL,0.287061,0.000110709769964,,44.656799,6.962020,137.019912,250000,100.000000,0,20.000000,0.108029,87.636886,0,1,25.000000,0.287061,6.956100,0.015517,10000
389,22.536050,Series RL,0.277368,0.000110767686448,,70.781524,6.965264,163.063735,250000,100.000000,0,20.000000,0.108081,87.717781,0,1,25.000000,0.277368,6.959739,0.015517,10000
390,22.594810,Series RL,0.286969,0.000110262831053,,165.258300,6.933959,-102.369766,250000,100.000000,0,20.000000,0.107612,87.628074,0,1,25.000000,0.286969,6.928018,0.015519,10000
391,22.659094,Series RL,0.306163,0.00011060353404,,49.416282,6.956166,141.938873,250000,100.000000,0,20.000000,0.107933,87.477416,0,1,25.000000,0.306163,6.949425,0.015516,10000
392,22.716648,Series RL,0.293798,0.000111205458034,,-38.244804,6.993419,54.162940,250000,100.000000,0,20.000000,0.108515,87.592254,0,1,25.000000,0.293798,6.987245,0.015517,10000
393,22.776124,Series RL,0.284014,0.000110627359535,,178.826507,6.956723,-88.833702,250000,100.000000,0,20.000000,0.107963,87.660209,0,1,25.000000,0.284014,6.950922,0.015519,10000
394,22.832853,Series RL,0.264432,0.000110943329843,,53.335010,6.975789,145.507446,250000,100.000000,0,20.000000,0.108238,87.827560,0,1,25.000000,0.264432,6.970775,0.015516,10000
395,22.890925,Series RL,0.261304,0.000110560466712,,-156.638412,6.951632,-64.484222,250000,100.000000,0,20.000000,0.107913,87.845802,0,1,25.000000,0.261304,6.946719,0.015523,10000
396,22.951195,Series RL,0.278257,0.000110738417854,,88.706504,6.963462,-179.003372,250000,100.000000,0,20.000000,0.108054,87.709877,0,1,25.000000,0.278257,6.957900,0.015517,10000
397,23.013908,Series RL,0.278793,0.000111035830696,,-26.346357,6.982155,65.942031,250000,100.000000,0,20.000000,0.108350,87.711601,0,1,25.000000,0.278793,6.976587,0.015518,10000
398,23.072915,Series RL,0.293353,0.00011113722831,,18.927869,6.989117,111.333435,250000,100.000000,0,20.000000,0.108454,87.594421,0,1,25.000000,0.293353,6.982958,0.015518,10000
399,23.131075,Series RL,0.300563,0.000110234469642,,50.318538,6.932754,142.803329,250000,100.000000,0,20.000000,0.107584,87.515213,0,1,25.000000,0.300563,6.926236,0.015518,10000
400,23.189535,Series RL,0.289212,0.000110773909406,,-80.544670,6.966136,11.834760,250000,100.000000,0,20.000000,0.108114,87.620574,0,1,25.000000,0.289212,6.960130,0.015520,10000
401,23.246952,Series RL,0.265007,0.000110368064301,,166.639999,6.939692,-101.171493,250000,100.000000,0,20.000000,0.107718,87.811500,0,1,25.000000,0.265007,6.934630,0.015522,10000
402,23.305985,Series RL,0.240307,0.000111221278036,,-117.684913,6.992370,-25.715442,250000,100.000000,0,20.000000,0.108540,88.030525,0,1,25.000000,0.240307,6.988239,0.015523,10000
403,23.365332,Series RL,0.275368,0.000110701446161,,-56.577262,6.961026,35.689868,250000,100.000000,0,20.000000,0.108030,87.732864,0,1,25.000000,0.275368,6.955577,0.015519,10000
404,23.422127,Series RL,0.259310,0.000110994163932,,98.600738,6.978788,-169.269821,250000,100.000000,0,20.000000,0.108314,87.870574,0,1,25.000000,0.259310,6.973969,0.015520,10000
405,23.480343,Series RL,0.266292,0.000111057157458,,69.520614,6.983006,161.706085,250000,100.000000,0,20.000000,0.108359,87.814537,0,1,25.000000,0.266292,6.977927,0.015518,10000
406,23.538781,Series RL,0.275997,0.000110212729077,,108.827384,6.930367,-158.890258,250000,100.000000,0,20.000000,0.107548,87.717628,0,1,25.000000,0.275997,6.924870,0.015518,10000
407,23.597446,Series RL,0.289757,0.000111003267595,,-81.294013,6.980557,11.084970,250000,100.000000,0,20.000000,0.108332,87.621017,0,1,25.000000,0.289757,6.974541,0.015519,10000
408,23.656437,Series RL,0.285134,0.000110346578384,,150.666763,6.939141,-116.978240,250000,100.000000,0,20.000000,0.107707,87.645011,0,1,25.000000,0.285134,6.933280,0.015522,10000
409,23.714669,Series RL,0.248076,0.000111060022247,,156.295028,6.982516,-111.668930,250000,100.000000,0,20.000000,0.108387,87.963958,0,1,25.000000,0.248076,6.978107,0.015523,10000
410,23.772541,Series RL,0.229972,0.000110940178575,,-133.783233,6.974370,-41.893619,250000,100.000000,0,20.000000,0.108245,88.110397,0,1,25.000000,0.229972,6.970577,0.015520,10000
411,23.830052,Series RL,0.280647,0.000110868463358,,133.949417,6.971722,-133.743530,250000,100.000000,0,20.000000,0.108204,87.692932,0,1,25.000000,0.280647,6.966071,0.015520,10000
412,23.887706,Series RL,0.254672,0.000110743144756,,-173.612182,6.962856,-81.516082,250000,100.000000,0,20.000000,0.108089,87.903892,0,1,25.000000,0.254672,6.958197,0.015524,10000
413,23.945995,Series RL,0.251673,0.000111287200013,,-16.814712,6.996908,75.246620,250000,100.000000,0,20.000000,0.108567,87.938667,0,1,25.000000,0.251673,6.992381,0.015516,10000
414,24.004873,Series RL,0.261494,0.000111079248165,,-30.079284,6.984212,62.066417,250000,100.000000,0,20.000000,0.108389,87.854293,0,1,25.000000,0.261494,6.979315,0.015519,10000
415,24.062225,Series RL,0.237145,0.000111217442402,,-61.641826,6.992021,30.301822,250000,100.000000,0,20.000000,0.108493,88.056358,0,1,25.000000,0.237145,6.987998,0.015517,10000
416,24.117841,Series RL,0.282585,0.000110752057433,,88.256942,6.964493,-179.417648,250000,100.000000,0,20.000000,0.108068,87.674575,0,1,25.000000,0.282585,6.958757,0.015517,10000
417,24.176484,Series RL,0.286006,0.000110330328664,,164.853118,6.938156,-102.784355,250000,100.000000,0,20.000000,0.107693,87.637474,0,1,25.000000,0.286006,6.932259,0.015522,10000
418,24.236132,Series RL,0.239806,0.000111201908879,,-89.830596,6.991137,2.135115,250000,100.000000,0,20.000000,0.108501,88.034286,0,1,25.000000,0.239806,6.987022,0.015520,10000
419,24.293828,Series RL,0.289154,0.000110288279928,,92.871803,6.935647,-174.738769,250000,100.000000,0,20.000000,0.107633,87.610588,0,1,25.000000,0.289154,6.929617,0.015519,10000
420,24.355148,Series RL,0.248844,0.000111147111832,,98.019584,6.988011,-169.939651,250000,100.000000,0,20.000000,0.108446,87.959251,0,1,25.000000,0.248844,6.983579,0.015519,10000
421,24.414095,Series RL,0.271427,0.000110320588382,,144.521713,6.936959,-123.235870,250000,100.000000,0,20.000000,0.107661,87.757568,0,1,25.000000,0.271427,6.931647,0.015520,10000
422,24.474064,Series RL,0.255424,0.000110461090366,,-48.932182,6.945174,43.175464,250000,100.000000,0,20.000000,0.107771,87.892341,0,1,25.000000,0.255424,6.940475,0.015517,10000
423,24.533450,Series RL,0.255340,0.000110861444625,,-130.250427,6.970308,-38.151054,250000,100.000000,0,20.000000,0.108197,87.900642,0,1,25.000000,0.255340,6.965630,0.015523,10000
424,24.592688,Series RL,0.273411,0.000110676570243,,-152.065414,6.959387,-59.813873,250000,100.000000,0,20.000000,0.108024,87.748458,0,1,25.000000,0.273411,6.954014,0.015522,10000
425,24.651712,Series RL,0.274365,0.000111019596892,,3.331452,6.980960,95.583869,250000,100.000000,0,20.000000,0.108324,87.747581,0,1,25.000000,0.274365,6.975567,0.015517,10000
426,24.709317,Series RL,0.298509,0.00011040151867,,35.373596,6.943152,127.837699,250000,100.000000,0,20.000000,0.107755,87.535896,0,1,25.000000,0.298509,6.936732,0.015520,10000
427,24.766320,Series RL,0.248419,0.000110717154754,,96.965835,6.960999,-170.988983,250000,100.000000,0,20.000000,0.108025,87.954833,0,1,25.000000,0.248419,6.956564,0.015519,10000
428,24.823385,Series RL,0.259065,0.00011104962943,,70.047462,6.982262,162.173828,250000,100.000000,0,20.000000,0.108343,87.873641,0,1,25.000000,0.259065,6.977454,0.015517,10000
429,24.882421,Series RL,0.245618,0.00011095354759,,-47.602684,6.975743,44.415142,250000,100.000000,0,20.000000,0.108237,87.982177,0,1,25.000000,0.245618,6.971417,0.015516,10000
430,24.941441,Series RL,0.251852,0.000111094256476,,97.864784,6.984800,-170.068832,250000,100.000000,0,20.000000,0.108421,87.933631,0,1,25.000000,0.251852,6.980258,0.015522,10000
431,25.000040,Series RL,0.242458,0.000110464432619,,167.930282,6.944919,-100.069007,250000,100.000000,0,20.000000,0.107799,87.999305,0,1,25.000000,0.242458,6.940685,0.015522,10000
432,25.057963,Series RL,0.300912,0.00011014055231,,108.004005,6.926875,-159.506225,250000,100.000000,0,20.000000,0.107512,87.510215,0,1,25.000000,0.300912,6.920335,0.015521,10000
433,25.116816,Series RL,0.255566,0.000110412834587,,-149.336761,6.942149,-57.227016,250000,100.000000,0,20.000000,0.107767,87.890251,0,1,25.000000,0.255566,6.937443,0.015524,10000
434,25.175500,Series RL,0.275682,0.000110598027279,,85.833953,6.954545,178.105804,250000,100.000000,0,20.000000,0.107927,87.728164,0,1,25.000000,0.275682,6.949079,0.015519,10000
435,25.232465,Series RL,0.296215,0.000110832160115,,105.966773,6.970087,-161.597534,250000,100.000000,0,20.000000,0.108149,87.564308,0,1,25.000000,0.296215,6.963790,0.015516,10000
436,25.290358,Series RL,0.269138,0.000110816738001,,-99.494682,6.968021,-7.281099,250000,100.000000,0,20.000000,0.108150,87.786415,0,1,25.000000,0.269138,6.962821,0.015521,10000
437,25.349208,Series RL,0.257223,0.000110428750081,,-172.865020,6.943209,-80.741912,250000,100.000000,0,20.000000,0.107774,87.876892,0,1,25.000000,0.257223,6.938443,0.015522,10000
438,25.404809,Series RL,0.261914,0.000111200444654,,-16.204225,6.991838,75.942573,250000,100.000000,0,20.000000,0.108490,87.853195,0,1,25.000000,0.261914,6.986930,0.015517,10000
439,25.463344,Series RL,0.268059,0.000110718396162,,9.337798,6.961804,101.544471,250000,100.000000,0,20.000000,0.108047,87.793319,0,1,25.000000,0.268059,6.956642,0.015520,10000
440,25.519560,Series RL,0.270632,0.00011009675287,,166.281753,6.922875,-101.477874,250000,100.000000,0,20.000000,0.107459,87.759590,0,1,25.000000,0.270632,6.917583,0.015522,10000
441,25.579671,Series RL,0.268148,0.000110164712031,,173.431381,6.927045,-94.350128,250000,100.000000,0,20.000000,0.107522,87.781509,0,1,25.000000,0.268148,6.921853,0.015522,10000
442,25.635748,Series RL,0.240356,0.000111290287619,,-60.957870,6.996705,31.010782,250000,100.000000,0,20.000000,0.108596,88.031341,0,1,25.000000,0.240356,6.992575,0.015521,10000
443,25.695478,Series RL,0.276285,0.000110824568425,,162.476547,6.968792,-105.251289,250000,100.000000,0,20.000000,0.108164,87.727844,0,1,25.000000,0.276285,6.963313,0.015521,10000
444,25.752823,Series RL,0.235681,0.000110953356605,,-90.939559,6.975388,0.996695,250000,100.000000,0,20.000000,0.108253,88.063751,0,1,25.000000,0.235681,6.971405,0.015519,10000
445,25.810909,Series RL,0.288731,0.000110928544349,,62.504035,6.975824,154.876205,250000,100.000000,0,20.000000,0.108256,87.627830,0,1,25.000000,0.288731,6.969846,0.015519,10000
446,25.867529,Series RL,0.260660,0.000111122458732,,12.413670,6.986894,104.551696,250000,100.000000,0,20.000000,0.108417,87.861968,0,1,25.000000,0.260660,6.982030,0.015517,10000
447,25.923985,Series RL,0.242091,0.000110983023086,,112.588356,6.977470,-155.423294,250000,100.000000,0,20.000000,0.108326,88.011657,0,1,25.000000,0.242091,6.973269,0.015525,10000
448,25.982328,Series RL,0.240950,0.00011066439489,,-76.834793,6.957422,15.149882,250000,100.000000,0,20.000000,0.107976,88.015335,0,1,25.000000,0.240950,6.953249,0.015520,10000
449,26.040010,Series RL,0.257726,0.000110893625754,,70.098030,6.972417,162.216369,250000,100.000000,0,20.000000,0.108229,87.881645,0,1,25.000000,0.257726,6.967652,0.015522,10000
450,26.099373,Series RL,0.264468,0.000110757755179,,28.180385,6.964139,120.356758,250000,100.000000,0,20.000000,0.108074,87.823623,0,1,25.000000,0.264468,6.959115,0.015519,10000
451,26.157323,Series RL,0.235239,0.000110988068298,,-132.817916,6.977552,-40.885910,250000,100.000000,0,20.000000,0.108311,88.067985,0,1,25.000000,0.235239,6.973586,0.015523,10000
452,26.216035,Series RL,0.277518,0.000110489069805,,88.327316,6.947777,-179.383468,250000,100.000000,0,20.000000,0.107813,87.710800,0,1,25.000000,0.277518,6.942233,0.015518,10000
453,26.275073,Series RL,0.278148,0.000110631242915,,45.834156,6.956729,138.125595,250000,100.000000,0,20.000000,0.107947,87.708557,0,1,25.000000,0.278148,6.951166,0.015517,10000
454,26.333054,Series RL,0.261529,0.000110544662626,,-114.802764,6.950648,-22.646419,250000,100.000000,0,20.000000,0.107884,87.843643,0,1,25.000000,0.261529,6.945726,0.015521,10000
455,26.391127,Series RL,0.247336,0.00011099088534,,171.230529,6.978148,-96.738258,250000,100.000000,0,20.000000,0.108337,87.968765,0,1,25.000000,0.247336,6.973763,0.015525,10000
456,26.451420,Series RL,0.278581,0.000110616139111,,89.019203,6.955798,-178.685501,250000,100.000000,0,20.000000,0.107954,87.704681,0,1,25.000000,0.278581,6.950217,0.015520,10000
457,26.511460,Series RL,0.277266,0.000110304513733,,101.772300,6.936181,-165.936721,250000,100.000000,0,20.000000,0.107647,87.709045,0,1,25.000000,0.277266,6.930637,0.015520,10000
458,26.571919,Series RL,0.240818,0.000110942661392,,170.715667,6.974892,-97.305709,250000,100.000000,0,20.000000,0.108272,88.021385,0,1,25.000000,0.240818,6.970733,0.015523,10000
459,26.631850,Series RL,0.273241,0.000110162881749,,87.119384,6.927129,179.380004,250000,100.000000,0,20.000000,0.107511,87.739379,0,1,25.000000,0.273241,6.921738,0.015520,10000
460,26.692330,Series RL,0.261384,0.000110284348801,,-172.352523,6.934298,-80.192283,250000,100.000000,0,20.000000,0.107630,87.839759,0,1,25.000000,0.261384,6.929370,0.015521,10000
461,26.751929,Series RL,0.267426,0.000110892113782,,69.333755,6.972687,161.531784,250000,100.000000,0,20.000000,0.108213,87.801971,0,1,25.000000,0.267426,6.967557,0.015520,10000
462,26.809955,Series RL,0.301702,0.00011089558336,,33.518508,6.974303,125.997848,250000,100.000000,0,20.000000,0.108215,87.520668,0,1,25.000000,0.301702,6.967775,0.015516,10000
463,26.869425,Series RL,0.242046,0.000110940831111,,170.320510,6.974819,-97.690773,250000,100.000000,0,20.000000,0.108280,88.011276,0,1,25.000000,0.242046,6.970618,0.015524,10000
464,26.929013,Series RL,0.249129,0.000110651009959,,81.347618,6.956870,173.399856,250000,100.000000,0,20.000000,0.107962,87.947769,0,1,25.000000,0.249129,6.952408,0.015519,10000
465,26.987431,Series RL,0.284699,0.000110957319563,,61.987079,6.977465,154.325546,250000,100.000000,0,20.000000,0.108277,87.661529,0,1,25.000000,0.284699,6.971654,0.015518,10000
466,27.045884,Series RL,0.269238,0.000110096721039,,137.667098,6.922818,-130.103988,250000,100.000000,0,20.000000,0.107458,87.771118,0,1,25.000000,0.269238,6.917581,0.015522,10000
467,27.105453,Series RL,0.277024,0.000110654049819,,-41.208103,6.958116,51.073623,250000,100.000000,0,20.000000,0.107983,87.718276,0,1,25.000000,0.277024,6.952599,0.015519,10000
468,27.165704,Series RL,0.242916,0.000110490311213,,-177.432449,6.946559,-85.428436,250000,100.000000,0,20.000000,0.107818,87.995994,0,1,25.000000,0.242916,6.942311,0.015521,10000
469,27.225247,Series RL,0.295448,0.000110687058554,,20.296632,6.960946,112.729194,250000,100.000000,0,20.000000,0.108009,87.567428,0,1,25.000000,0.295448,6.954673,0.015516,10000
470,27.282436,Series RL,0.252115,0.000110656357565,,-173.782714,6.957314,-81.706001,250000,100.000000,0,20.000000,0.108008,87.923294,0,1,25.000000,0.252115,6.952744,0.015524,10000
471,27.342676,Series RL,0.260738,0.000110706777851,,146.591613,6.960797,-121.261695,250000,100.000000,0,20.000000,0.108036,87.853302,0,1,25.000000,0.260738,6.955912,0.015521,10000
472,27.399624,Series RL,0.261588,0.000110815369269,,-72.648750,6.967648,19.502828,250000,100.000000,0,20.000000,0.108135,87.848426,0,1,25.000000,0.261588,6.962735,0.015520,10000
473,27.459068,Series RL,0.267108,0.000110174818369,,101.615745,6.927639,-166.174560,250000,100.000000,0,20.000000,0.107519,87.790306,0,1,25.000000,0.267108,6.922488,0.015520,10000
474,27.519773,Series RL,0.257227,0.000110510237412,,-128.969329,6.948327,-36.847763,250000,100.000000,0,20.000000,0.107856,87.878425,0,1,25.000000,0.257227,6.943563,0.015523,10000
475,27.577478,Series RL,0.285610,0.00011044754628,,-123.375556,6.945498,-31.018800,250000,100.000000,0,20.000000,0.107814,87.643234,0,1,25.000000,0.285610,6.939624,0.015523,10000
476,27.637376,Series RL,0.261498,0.000110606096434,,-72.225502,6.954504,19.929397,250000,100.000000,0,20.000000,0.107936,87.845092,0,1,25.000000,0.261498,6.949586,0.015520,10000
477,27.696170,Series RL,0.242116,0.000111176300849,,-74.583587,6.989608,17.401500,250000,100.000000,0,20.000000,0.108476,88.014907,0,1,25.000000,0.242116,6.985413,0.015520,10000
478,27.754450,Series RL,0.264769,0.000110398080924,,-92.734436,6.941567,-0.548497,250000,100.000000,0,20.000000,0.107741,87.814056,0,1,25.000000,0.264769,6.936516,0.015521,10000
479,27.812364,Series RL,0.265246,0.000110833990397,,-154.893676,6.968955,-62.712402,250000,100.000000,0,20.000000,0.108184,87.818733,0,1,25.000000,0.265246,6.963905,0.015524,10000
480,27.870230,Series RL,0.255084,0.000110433779377,,-129.317169,6.943447,-37.211803,250000,100.000000,0,20.000000,0.107770,87.894622,0,1,25.000000,0.255084,6.938759,0.015521,10000
481,27.929386,Series RL,0.265230,0.000110779495745,,113.934867,6.965533,-153.882904,250000,100.000000,0,20.000000,0.108140,87.817787,0,1,25.000000,0.265230,6.960481,0.015525,10000
482,27.989264,Series RL,0.290878,0.000110319203734,,-50.323410,6.937661,42.079559,250000,100.000000,0,20.000000,0.107669,87.597023,0,1,25.000000,0.290878,6.931560,0.015520,10000
483,28.048733,Series RL,0.268815,0.00011012027597,,-121.903739,6.924281,-29.678838,250000,100.000000,0,20.000000,0.107478,87.775108,0,1,25.000000,0.268815,6.919061,0.015522,10000
484,28.108691,Series RL,0.218816,0.000110606016857,,140.048385,6.953025,-128.148193,250000,100.000000,0,20.000000,0.107940,88.196571,0,1,25.000000,0.218816,6.949581,0.015524,10000
485,28.169033,Series RL,0.256414,0.000111193410005,,-30.797117,6.991192,61.304779,250000,100.000000,0,20.000000,0.108494,87.898101,0,1,25.000000,0.256414,6.986488,0.015519,10000
486,28.228319,Series RL,0.252553,0.000110998063228,,98.181945,6.978785,-169.744155,250000,100.000000,0,20.000000,0.108320,87.926086,0,1,25.000000,0.252553,6.974214,0.015521,10000
487,28.286383,Series RL,0.269532,0.000110416988531,,72.584556,6.942937,164.809402,250000,100.000000,0,20.000000,0.107741,87.775154,0,1,25.000000,0.269532,6.937704,0.015518,10000
488,28.345214,Series RL,0.288571,0.000110637720521,,-51.343242,6.957560,41.033832,250000,100.000000,0,20.000000,0.107981,87.622924,0,1,25.000000,0.288571,6.951573,0.015520,10000
489,28.402811,Series RL,0.257933,0.000110920777588,,69.057876,6.974130,161.177398,250000,100.000000,0,20.000000,0.108261,87.880470,0,1,25.000000,0.257933,6.969358,0.015523,10000
490,28.464265,Series RL,0.251796,0.000110688968413,,53.014038,6.959350,145.087509,250000,100.000000,0,20.000000,0.107990,87.926528,0,1,25.000000,0.251796,6.954793,0.015517,10000
491,28.525808,Series RL,0.259183,0.000110928528433,,-111.758811,6.974662,-19.629169,250000,100.000000,0,20.000000,0.108251,87.870361,0,1,25.000000,0.259183,6.969845,0.015521,10000
492,28.589023,Series RL,0.269392,0.000110624685732,,-14.379944,6.955972,77.839576,250000,100.000000,0,20.000000,0.107930,87.780487,0,1,25.000000,0.269392,6.950754,0.015516,10000
493,28.651771,Series RL,0.265272,0.000110536402485,,117.706436,6.950271,-150.106216,250000,100.000000,0,20.000000,0.107860,87.812652,0,1,25.000000,0.265272,6.945207,0.015519,10000
494,28.712059,Series RL,0.265876,0.000110672495876,,-56.144042,6.958839,36.045585,250000,100.000000,0,20.000000,0.108001,87.810363,0,1,25.000000,0.265876,6.953758,0.015520,10000
495,28.770754,Series RL,0.257521,0.000110460405999,,-156.727050,6.945208,-64.602088,250000,100.000000,0,20.000000,0.107808,87.875045,0,1,25.000000,0.257521,6.940432,0.015523,10000
496,28.830188,Series RL,0.257441,0.000110261796546,,158.602111,6.932734,-109.269767,250000,100.000000,0,20.000000,0.107611,87.871887,0,1,25.000000,0.257441,6.927953,0.015522,10000
497,28.889933,Series RL,0.277556,0.00011075616363,,16.159898,6.964548,108.443893,250000,100.000000,0,20.000000,0.108066,87.716003,0,1,25.000000,0.277556,6.959015,0.015517,10000
498,28.950452,Series RL,0.267741,0.000110209354992,,116.118537,6.929832,-151.667221,250000,100.000000,0,20.000000,0.107551,87.785774,0,1,25.000000,0.267741,6.924658,0.015520,10000
499,29.013234,Series RL,0.236005,0.000111052955768,,-117.721916,6.981653,-25.784736,250000,100.000000,0,20.000000,0.108370,88.062828,0,1,25.000000,0.236005,6.977663,0.015522,10000
500,29.071718,Series RL,0.247834,0.000110290874154,,124.692428,6.934211,-143.259338,250000,100.000000,0,20.000000,0.107635,87.951774,0,1,25.000000,0.247834,6.929780,0.015522,10000
501,29.131394,Series RL,0.254381,0.000110680676441,,70.649398,6.958923,162.744293,250000,100.000000,0,20.000000,0.108003,87.905105,0,1,25.000000,0.254381,6.954272,0.015520,10000
502,29.190815,Series RL,0.253564,0.000110983564213,,-1.869455,6.977911,90.213027,250000,100.000000,0,20.000000,0.108292,87.917510,0,1,25.000000,0.253564,6.973303,0.015519,10000
503,29.250759,Series RL,0.297819,0.000110483897269,,35.279140,6.948294,127.735717,250000,100.000000,0,20.000000,0.107823,87.543426,0,1,25.000000,0.297819,6.941908,0.015518,10000
504,29.309630,Series RL,0.259035,0.000110518020089,,-156.175018,6.948882,-64.038688,250000,100.000000,0,20.000000,0.107874,87.863677,0,1,25.000000,0.259035,6.944052,0.015524,10000
505,29.368684,Series RL,0.264813,0.000110284794435,,114.870063,6.934456,-152.941360,250000,100.000000,0,20.000000,0.107629,87.811454,0,1,25.000000,0.264813,6.929398,0.015521,10000
506,29.427717,Series RL,0.240381,0.000110829056594,,39.248184,6.967743,131.225234,250000,100.000000,0,20.000000,0.108112,88.022949,0,1,25.000000,0.240381,6.963595,0.015516,10000
507,29.487143,Series RL,0.271596,0.000110434750222,,73.457870,6.944133,165.699371,250000,100.000000,0,20.000000,0.107768,87.758491,0,1,25.000000,0.271596,6.938820,0.015519,10000
508,29.546964,Series RL,0.256308,0.00011044659135,,175.129394,6.944296,-92.755386,250000,100.000000,0,20.000000,0.107792,87.884773,0,1,25.000000,0.256308,6.939564,0.015522,10000
509,29.606730,Series RL,0.282429,0.00011036803247,,-79.275100,6.940376,13.057114,250000,100.000000,0,20.000000,0.107716,87.667785,0,1,25.000000,0.282429,6.934628,0.015520,10000
510,29.669123,Series RL,0.242284,0.000110790938985,,126.972038,6.965415,-141.034561,250000,100.000000,0,20.000000,0.108119,88.006629,0,1,25.000000,0.242284,6.961200,0.015522,10000
511,29.729535,Series RL,0.269567,0.000110155735692,,137.544708,6.926537,-130.224868,250000,100.000000,0,20.000000,0.107516,87.769599,0,1,25.000000,0.269567,6.921289,0.015522,10000
512,29.788778,Series RL,0.278943,0.000110005111454,,137.375946,6.917451,-130.313003,250000,100.000000,0,20.000000,0.107375,87.688941,0,1,25.000000,0.278943,6.911825,0.015522,10000
513,29.848891,Series RL,0.261359,0.00011039894036,,-56.296417,6.941492,35.861389,250000,100.000000,0,20.000000,0.107730,87.842201,0,1,25.000000,0.261359,6.936570,0.015520,10000
514,29.908600,Series RL,0.299099,0.000110192898371,,7.364358,6.930082,99.837989,250000,100.000000,0,20.000000,0.107554,87.526374,0,1,25.000000,0.299099,6.923624,0.015520,10000
515,29.970329,Series RL,0.279865,0.000110208845696,,-6.017435,6.930279,86.296966,250000,100.000000,0,20.000000,0.107553,87.685600,0,1,25.000000,0.279865,6.924626,0.015519,10000
516,30.031129,Series RL,0.260718,0.000110720799402,,127.805427,6.961677,-140.048324,250000,100.000000,0,20.000000,0.108052,87.853736,0,1,25.000000,0.260718,6.956793,0.015521,10000
517,30.093290,Series RL,0.256070,0.00011006213667,,124.008422,6.920147,-143.870941,250000,100.000000,0,20.000000,0.107412,87.879364,0,1,25.000000,0.256070,6.915408,0.015522,10000
518,30.154233,Series RL,0.263236,0.000110971150127,,-2.511754,6.977490,89.650329,250000,100.000000,0,20.000000,0.108265,87.837913,0,1,25.000000,0.263236,6.972523,0.015516,10000
519,30.214715,Series RL,0.236044,0.000110514661919,,140.058395,6.947852,-127.994689,250000,100.000000,0,20.000000,0.107839,88.053070,0,1,25.000000,0.236044,6.943841,0.015521,10000
520,30.274304,Series RL,0.270219,0.000110216755697,,58.096904,6.930393,150.331466,250000,100.000000,0,20.000000,0.107545,87.765441,0,1,25.000000,0.270219,6.925123,0.015518,10000
521,30.333959,Series RL,0.287113,0.000111052621543,,-10.354757,6.983546,82.001495,250000,100.000000,0,20.000000,0.108377,87.643753,0,1,25.000000,0.287113,6.977642,0.015519,10000
522,30.394598,Series RL,0.243004,0.000110999368299,,-118.279533,6.978528,-26.283987,250000,100.000000,0,20.000000,0.108329,88.004455,0,1,25.000000,0.243004,6.974296,0.015523,10000
523,30.456615,Series RL,0.299712,0.000110169789073,,35.462612,6.928657,127.941833,250000,100.000000,0,20.000000,0.107526,87.520782,0,1,25.000000,0.299712,6.922172,0.015519,10000
524,30.517838,Series RL,0.259564,0.000110567628684,,9.520117,6.952016,101.659835,250000,100.000000,0,20.000000,0.107877,87.860275,0,1,25.000000,0.259564,6.947169,0.015517,10000
525,30.579153,Series RL,0.279438,0.000110734773206,,104.104797,6.963280,-163.595291,250000,100.000000,0,20.000000,0.108090,87.700096,0,1,25.000000,0.279438,6.957671,0.015523,10000
526,30.640292,Series RL,0.229246,0.000111066913656,,-146.368881,6.982305,-54.487388,250000,100.000000,0,20.000000,0.108393,88.118507,0,1,25.000000,0.229246,6.978540,0.015524,10000
527,30.701205,Series RL,0.272552,0.000110399433741,,-12.623609,6.941953,79.626487,250000,100.000000,0,20.000000,0.107718,87.749893,0,1,25.000000,0.272552,6.936601,0.015517,10000
528,30.762868,Series RL,0.253763,0.000110999861679,,39.724193,6.978942,131.807998,250000,100.000000,0,20.000000,0.108285,87.916191,0,1,25.000000,0.253763,6.974327,0.015516,10000
529,30.823940,Series RL,0.243687,0.000110763261941,,-116.154602,6.963726,-24.149196,250000,100.000000,0,20.000000,0.108109,87.994590,0,1,25.000000,0.243687,6.959461,0.015525,10000
530,30.883668,Series RL,0.276922,0.000110130987098,,122.085807,6.925272,-145.622497,250000,100.000000,0,20.000000,0.107503,87.708290,0,1,25.000000,0.276922,6.919734,0.015523,10000
531,30.942217,Series RL,0.259718,0.000110698533625,,-101.479835,6.960242,-9.341367,250000,100.000000,0,20.000000,0.108042,87.861541,0,1,25.000000,0.259718,6.955394,0.015523,10000
532,31.002830,Series RL,0.286713,0.000110548784739,,77.230163,6.951900,169.593841,250000,100.000000,0,20.000000,0.107893,87.636306,0,1,25.000000,0.286713,6.945985,0.015520,10000
533,31.062747,Series RL,0.268955,0.000110210851049,,101.831680,6.929974,-165.944107,250000,100.000000,0,20.000000,0.107557,87.775764,0,1,25.000000,0.268955,6.924752,0.015520,10000
534,31.123154,Series RL,0.259195,0.000110434447828,,174.129058,6.943641,-93.731689,250000,100.000000,0,20.000000,0.107796,87.860733,0,1,25.000000,0.259195,6.938801,0.015524,10000
535,31.186601,Series RL,0.266874,0.000110273398941,,-135.862854,6.933820,-43.657066,250000,100.000000,0,20.000000,0.107649,87.794212,0,1,25.000000,0.266874,6.928682,0.015525,10000
536,31.247906,Series RL,0.296090,0.000110187264286,,20.892490,6.929598,113.341400,250000,100.000000,0,20.000000,0.107528,87.551101,0,1,25.000000,0.296090,6.923270,0.015517,10000
537,31.308105,Series RL,0.295381,0.000110931249983,,47.430435,6.976272,139.857116,250000,100.000000,0,20.000000,0.108250,87.573326,0,1,25.000000,0.295381,6.970016,0.015517,10000
538,31.367660,Series RL,0.275587,0.000110484661213,,29.729667,6.947424,122.003051,250000,100.000000,0,20.000000,0.107804,87.726623,0,1,25.000000,0.275587,6.941956,0.015517,10000
539,31.426156,Series RL,0.230190,0.000110862813357,,-116.968009,6.969519,-25.075286,250000,100.000000,0,20.000000,0.108165,88.107276,0,1,25.000000,0.230190,6.965716,0.015520,10000
540,31.486547,Series RL,0.270362,0.000110789586168,,-140.775222,6.966363,-48.551033,250000,100.000000,0,20.000000,0.108138,87.775810,0,1,25.000000,0.270362,6.961115,0.015523,10000
541,31.546605,Series RL,0.276762,0.000110788885886,,-153.322402,6.966570,-61.045604,250000,100.000000,0,20.000000,0.108141,87.723205,0,1,25.000000,0.276762,6.961071,0.015523,10000
542,31.608707,Series RL,0.279247,0.00011069611447,,32.250026,6.960845,124.549163,250000,100.000000,0,20.000000,0.108016,87.700859,0,1,25.000000,0.279247,6.955242,0.015518,10000
543,31.668845,Series RL,0.272511,0.000110865105189,,40.838230,6.971188,133.078552,250000,100.000000,0,20.000000,0.108180,87.759681,0,1,25.000000,0.272511,6.965860,0.015518,10000
544,31.728978,Series RL,0.289515,0.00011069964771,,178.032226,6.961487,-89.584274,250000,100.000000,0,20.000000,0.108057,87.616493,0,1,25.000000,0.289515,6.955464,0.015522,10000
545,31.789921,Series RL,0.273729,0.000110965675197,,-96.077087,6.977550,-3.828790,250000,100.000000,0,20.000000,0.108298,87.751701,0,1,25.000000,0.273729,6.972179,0.015521,10000
546,31.850036,Series RL,0.259714,0.000110785034337,,56.055618,6.965672,148.192382,250000,100.000000,0,20.000000,0.108118,87.863243,0,1,25.000000,0.259714,6.960829,0.015522,10000
547,31.910523,Series RL,0.224943,0.000110475016423,,-177.141860,6.944994,-85.285751,250000,100.000000,0,20.000000,0.107809,88.143898,0,1,25.000000,0.224943,6.941350,0.015523,10000
548,31.971210,Series RL,0.253124,0.000110859439273,,69.760581,6.970101,161.841781,250000,100.000000,0,20.000000,0.108167,87.918807,0,1,25.000000,0.253124,6.965504,0.015519,10000
549,32.032840,Series RL,0.297647,0.000110705377288,,33.967323,6.962189,126.417579,250000,100.000000,0,20.000000,0.108034,87.549751,0,1,25.000000,0.297647,6.955824,0.015517,10000
550,32.092814,Series RL,0.265974,0.00011037898233,,161.071746,6.940414,-106.731971,250000,100.000000,0,20.000000,0.107728,87.803741,0,1,25.000000,0.265974,6.935316,0.015522,10000
551,32.156435,Series RL,0.271021,0.00011036527909,,117.631233,6.939749,-150.130599,250000,100.000000,0,20.000000,0.107705,87.761833,0,1,25.000000,0.271021,6.934455,0.015520,10000
552,32.217148,Series RL,0.254369,0.000110514152624,,113.752960,6.948466,-154.149078,250000,100.000000,0,20.000000,0.107839,87.902046,0,1,25.000000,0.254369,6.943809,0.015520,10000
553,32.277891,Series RL,0.240607,0.000110469525578,,-162.970504,6.945174,-70.985160,250000,100.000000,0,20.000000,0.107806,88.014663,0,1,25.000000,0.240607,6.941005,0.015522,10000
554,32.337945,Series RL,0.289199,0.000110887498289,,-24.125303,6.973267,68.251586,250000,100.000000,0,20.000000,0.108212,87.623115,0,1,25.000000,0.289199,6.967267,0.015518,10000
555,32.397851,Series RL,0.274222,0.000110676045032,,-168.212936,6.959385,-75.954711,250000,100.000000,0,20.000000,0.108030,87.741775,0,1,25.000000,0.274222,6.953981,0.015523,10000
556,32.459915,Series RL,0.247837,0.000110827194481,,-175.143051,6.967887,-83.104698,250000,100.000000,0,20.000000,0.108163,87.961647,0,1,25.000000,0.247837,6.963478,0.015523,10000
557,32.522303,Series RL,0.278889,0.000110237589079,,73.500801,6.932044,165.806533,250000,100.000000,0,20.000000,0.107588,87.694252,0,1,25.000000,0.278889,6.926432,0.015520,10000
558,32.584273,Series RL,0.281757,0.000110274974575,,44.828022,6.934508,137.156661,250000,100.000000,0,20.000000,0.107604,87.671356,0,1,25.000000,0.281757,6.928781,0.015517,10000
559,32.652980,Series RL,0.263804,0.000110762832222,,-97.965667,6.964432,-5.794845,250000,100.000000,0,20.000000,0.108092,87.829185,0,1,25.000000,0.263804,6.959434,0.015521,10000
560,32.714029,Series RL,0.278020,0.000110186707244,,-35.025394,6.928815,57.274227,250000,100.000000,0,20.000000,0.107533,87.700370,0,1,25.000000,0.278020,6.923235,0.015520,10000
561,32.776561,Series RL,0.267219,0.000110688650103,,84.196594,6.959905,176.396942,250000,100.000000,0,20.000000,0.108007,87.799644,0,1,25.000000,0.267219,6.954773,0.015519,10000
562,32.837274,Series RL,0.261283,0.000110168977383,,-143.275177,6.927051,-51.113513,250000,100.000000,0,20.000000,0.107545,87.838333,0,1,25.000000,0.261283,6.922121,0.015525,10000
563,32.898256,Series RL,0.247921,0.000111090389011,,-74.206817,6.984416,17.827392,250000,100.000000,0,20.000000,0.108406,87.965782,0,1,25.000000,0.247921,6.980015,0.015521,10000
564,32.961364,Series RL,0.262814,0.000110683748131,,-127.479179,6.959430,-35.314956,250000,100.000000,0,20.000000,0.108022,87.835777,0,1,25.000000,0.262814,6.954465,0.015522,10000
565,33.022489,Series RL,0.284990,0.000110091484841,,-136.504928,6.923120,-44.145679,250000,100.000000,0,20.000000,0.107473,87.640747,0,1,25.000000,0.284990,6.917252,0.015524,10000
566,33.085052,Series RL,0.306864,0.000110342551764,,63.163097,6.939815,155.697418,250000,100.000000,0,20.000000,0.107692,87.465675,0,1,25.000000,0.306864,6.933027,0.015518,10000
567,33.148127,Series RL,0.251732,0.000110239801333,,-143.671997,6.931144,-51.590602,250000,100.000000,0,20.000000,0.107594,87.918617,0,1,25.000000,0.251732,6.926571,0.015523,10000
568,33.209088,Series RL,0.243960,0.00011040954008,,111.159278,6.941524,-156.826660,250000,100.000000,0,20.000000,0.107731,87.985916,0,1,25.000000,0.243960,6.937236,0.015520,10000
569,33.268754,Series RL,0.271123,0.000110595194321,,-44.568191,6.954188,47.666164,250000,100.000000,0,20.000000,0.107926,87.765640,0,1,25.000000,0.271123,6.948901,0.015520,10000
570,33.329528,Series RL,0.272695,0.000110473599944,,-170.428665,6.946616,-78.178894,250000,100.000000,0,20.000000,0.107836,87.750228,0,1,25.000000,0.272695,6.941261,0.015524,10000
571,33.392498,Series RL,0.243675,0.000110731606022,,156.740402,6.961738,-111.253692,250000,100.000000,0,20.000000,0.108068,87.994117,0,1,25.000000,0.243675,6.957472,0.015523,10000
572,33.454369,Series RL,0.298378,0.000110736714896,,47.262580,6.964188,139.718154,250000,100.000000,0,20.000000,0.108069,87.544433,0,1,25.000000,0.298378,6.957793,0.015518,10000
573,33.517391,Series RL,0.284645,0.00011078449321,,-95.390525,6.966613,-3.048858,250000,100.000000,0,20.000000,0.108118,87.658332,0,1,25.000000,0.284645,6.960795,0.015519,10000
574,33.578530,Series RL,0.287230,0.000110879015331,,-25.219024,6.972652,67.141876,250000,100.000000,0,20.000000,0.108193,87.639099,0,1,25.000000,0.287230,6.966734,0.015517,10000
575,33.642005,Series RL,0.253499,0.000110374860217,,157.303833,6.939689,-110.602737,250000,100.000000,0,20.000000,0.107728,87.906585,0,1,25.000000,0.253499,6.935057,0.015524,10000
576,33.703774,Series RL,0.270012,0.000110782822083,,41.443298,6.965925,133.664749,250000,100.000000,0,20.000000,0.108091,87.778556,0,1,25.000000,0.270012,6.960690,0.015517,10000
577,33.764971,Series RL,0.251111,0.000110372504724,,-114.373565,6.939454,-22.299802,250000,100.000000,0,20.000000,0.107726,87.926239,0,1,25.000000,0.251111,6.934909,0.015524,10000
578,33.825994,Series RL,0.289581,0.000110824966312,,-67.892776,6.969357,24.488592,250000,100.000000,0,20.000000,0.108155,87.618629,0,1,25.000000,0.289581,6.963338,0.015519,10000
579,33.891074,Series RL,0.290301,0.000110652219537,,17.952041,6.958542,110.343040,250000,100.000000,0,20.000000,0.107990,87.609001,0,1,25.000000,0.290301,6.952484,0.015519,10000
580,33.955131,Series RL,0.282434,0.000110924485898,,-95.690856,6.975311,-3.370290,250000,100.000000,0,20.000000,0.108266,87.679428,0,1,25.000000,0.282434,6.969591,0.015521,10000
581,34.020362,Series RL,0.264618,0.000109950664548,,129.609741,6.913470,-138.196655,250000,100.000000,0,20.000000,0.107314,87.806419,0,1,25.000000,0.264618,6.908404,0.015522,10000
582,34.082477,Series RL,0.264938,0.0001106948094,,-112.349914,6.960204,-20.168443,250000,100.000000,0,20.000000,0.108023,87.818527,0,1,25.000000,0.264938,6.955160,0.015520,10000
583,34.144792,Series RL,0.297382,0.000110267462462,,63.557388,6.934688,156.015167,250000,100.000000,0,20.000000,0.107635,87.542213,0,1,25.000000,0.297382,6.928309,0.015521,10000
584,34.207069,Series RL,0.261431,0.000110946003646,,-16.166671,6.975844,75.981086,250000,100.000000,0,20.000000,0.108245,87.852241,0,1,25.000000,0.261431,6.970943,0.015517,10000
585,34.268124,Series RL,0.286610,0.000110812249832,,-53.858566,6.968435,38.498661,250000,100.000000,0,20.000000,0.108139,87.642768,0,1,25.000000,0.286610,6.962539,0.015518,10000
586,34.329316,Series RL,0.279098,0.000110138769775,,57.454204,6.925849,149.763732,250000,100.000000,0,20.000000,0.107479,87.690467,0,1,25.000000,0.279098,6.920223,0.015519,10000
587,34.393798,Series RL,0.253092,0.000110226495979,,110.438537,6.930358,-157.468566,250000,100.000000,0,20.000000,0.107554,87.907127,0,1,25.000000,0.253092,6.925735,0.015519,10000
588,34.456497,Series RL,0.253500,0.000110410049375,,9.659502,6.941898,101.752258,250000,100.000000,0,20.000000,0.107718,87.907241,0,1,25.000000,0.253500,6.937268,0.015517,10000
589,34.521117,Series RL,0.292658,0.000110611873759,,46.413825,6.956109,138.825088,250000,100.000000,0,20.000000,0.107948,87.588729,0,1,25.000000,0.292658,6.949949,0.015518,10000
590,34.584288,Series RL,0.256006,0.000110347453736,,81.901382,6.938060,174.016006,250000,100.000000,0,20.000000,0.107657,87.885368,0,1,25.000000,0.256006,6.933335,0.015517,10000
591,34.649782,Series RL,0.274893,0.000110499319383,,13.113973,6.948317,105.381324,250000,100.000000,0,20.000000,0.107834,87.732643,0,1,25.000000,0.274893,6.942877,0.015519,10000
592,34.709020,Series RL,0.280169,0.000110828244904,,-54.546489,6.969178,37.757488,250000,100.000000,0,20.000000,0.108142,87.696022,0,1,25.000000,0.280169,6.963544,0.015517,10000
593,34.768013,Series RL,0.279265,0.000109999397791,,115.322738,6.917106,-152.363403,250000,100.000000,0,20.000000,0.107367,87.686149,0,1,25.000000,0.279265,6.911466,0.015522,10000
594,34.829158,Series RL,0.286394,0.000109837298482,,65.347412,6.907221,157.723754,250000,100.000000,0,20.000000,0.107184,87.623664,0,1,25.000000,0.286394,6.901281,0.015518,10000
595,34.891036,Series RL,0.230931,0.000110589528405,,-119.605133,6.952381,-27.701641,250000,100.000000,0,20.000000,0.107913,88.096504,0,1,25.000000,0.230931,6.948545,0.015522,10000
596,34.954542,Series RL,0.281752,0.000110243875699,,150.239105,6.932555,-117.431663,250000,100.000000,0,20.000000,0.107602,87.670745,0,1,25.000000,0.281752,6.926827,0.015521,10000
597,35.017431,Series RL,0.264784,0.000110494990368,,-155.757339,6.947653,-63.573184,250000,100.000000,0,20.000000,0.107851,87.815841,0,1,25.000000,0.264784,6.942605,0.015523,10000
598,35.079758,Series RL,0.286388,0.000109834258622,,122.262748,6.907030,-145.360900,250000,100.000000,0,20.000000,0.107213,87.623641,0,1,25.000000,0.286388,6.901090,0.015522,10000
599,35.143921,Series RL,0.237145,0.000110344859511,,-148.816131,6.937226,-56.857120,250000,100.000000,0,20.000000,0.107689,88.040985,0,1,25.000000,0.237145,6.933172,0.015523,10000
600,35.205556,Series RL,0.272387,0.000110092996813,,117.029098,6.922708,-150.715911,250000,100.000000,0,20.000000,0.107444,87.745010,0,1,25.000000,0.272387,6.917347,0.015521,10000
601,35.266787,Series RL,0.265581,0.000110258836264,,-157.023712,6.932856,-64.828308,250000,100.000000,0,20.000000,0.107612,87.804595,0,1,25.000000,0.265581,6.927767,0.015522,10000
602,35.327976,Series RL,0.283261,0.000110313712888,,-13.190541,6.937001,79.149688,250000,100.000000,0,20.000000,0.107645,87.659767,0,1,25.000000,0.283261,6.931215,0.015517,10000
603,35.392395,Series RL,0.286472,0.000110719733064,,-39.625957,6.962621,52.732097,250000,100.000000,0,20.000000,0.108053,87.641937,0,1,25.000000,0.286472,6.956726,0.015519,10000
604,35.456165,Series RL,0.307470,0.000110188617103,,20.833642,6.930179,113.376502,250000,100.000000,0,20.000000,0.107544,87.457138,0,1,25.000000,0.307470,6.923355,0.015518,10000
605,35.521043,Series RL,0.283229,0.000110594589532,,-138.743545,6.954632,-46.409511,250000,100.000000,0,20.000000,0.107949,87.665969,0,1,25.000000,0.283229,6.948863,0.015522,10000
606,35.584113,Series RL,0.259891,0.000110214209218,,-158.800415,6.929838,-66.651130,250000,100.000000,0,20.000000,0.107582,87.850715,0,1,25.000000,0.259891,6.924963,0.015524,10000
607,35.650019,Series RL,0.253314,0.000110550869669,,68.189033,6.950734,160.277603,250000,100.000000,0,20.000000,0.107853,87.911437,0,1,25.000000,0.253314,6.946116,0.015517,10000
608,35.712973,Series RL,0.312311,0.000110014294694,,92.406486,6.919454,-175.006546,250000,100.000000,0,20.000000,0.107371,87.413063,0,1,25.000000,0.312311,6.912402,0.015517,10000
609,35.772711,Series RL,0.272383,0.000110607306012,,-15.852697,6.954998,76.391792,250000,100.000000,0,20.000000,0.107931,87.755508,0,1,25.000000,0.272383,6.949662,0.015518,10000
610,35.833772,Series RL,0.284260,0.000110301107817,,29.777004,6.936250,122.125747,250000,100.000000,0,20.000000,0.107637,87.651252,0,1,25.000000,0.284260,6.930423,0.015518,10000
611,35.895789,Series RL,0.278881,0.000110890506318,,-82.569068,6.973035,9.723037,250000,100.000000,0,20.000000,0.108231,87.707893,0,1,25.000000,0.278881,6.967456,0.015521,10000
612,35.958105,Series RL,0.278299,0.00011040296698,,-28.357482,6.942403,63.939937,250000,100.000000,0,20.000000,0.107744,87.702583,0,1,25.000000,0.278299,6.936823,0.015520,10000
613,36.021996,Series RL,0.259148,0.000110895312797,,26.374996,6.972575,118.504974,250000,100.000000,0,20.000000,0.108189,87.870010,0,1,25.000000,0.259148,6.967758,0.015516,10000
614,36.083644,Series RL,0.257296,0.000110693631653,,10.301672,6.959844,102.420303,250000,100.000000,0,20.000000,0.107999,87.881362,0,1,25.000000,0.257296,6.955086,0.015517,10000
615,36.147375,Series RL,0.275454,0.000110721961233,,-126.348197,6.962317,-34.080776,250000,100.000000,0,20.000000,0.108066,87.732589,0,1,25.000000,0.275454,6.956866,0.015522,10000
616,36.208982,Series RL,0.269280,0.00011067276644,,-58.474155,6.958987,33.743476,250000,100.000000,0,20.000000,0.108012,87.782371,0,1,25.000000,0.269280,6.953775,0.015521,10000
617,36.270141,Series RL,0.306360,0.000110199821611,,-7.319177,6.930834,85.214271,250000,100.000000,0,20.000000,0.107558,87.466560,0,1,25.000000,0.306360,6.924059,0.015519,10000
618,36.334791,Series RL,0.260776,0.000110438187969,,-144.705108,6.943935,-52.552879,250000,100.000000,0,20.000000,0.107800,87.847778,0,1,25.000000,0.260776,6.939036,0.015524,10000
619,36.397855,Series RL,0.270314,0.000110734168417,,-2.178890,6.962882,90.046012,250000,100.000000,0,20.000000,0.108061,87.775093,0,1,25.000000,0.270314,6.957633,0.015520,10000
620,36.462065,Series RL,0.259934,0.000110096227659,,-143.758010,6.922432,-51.606071,250000,100.000000,0,20.000000,0.107454,87.848060,0,1,25.000000,0.259934,6.917550,0.015523,10000
621,36.522896,Series RL,0.272038,0.000110129682028,,-100.179153,6.924998,-7.927791,250000,100.000000,0,20.000000,0.107479,87.748641,0,1,25.000000,0.272038,6.919652,0.015520,10000
622,36.586951,Series RL,0.272536,0.00011047234262,,98.311950,6.946530,-169.439544,250000,100.000000,0,20.000000,0.107819,87.751510,0,1,25.000000,0.272536,6.941182,0.015521,10000
623,36.650423,Series RL,0.238602,0.000110323325847,,-134.326446,6.935925,-42.355030,250000,100.000000,0,20.000000,0.107669,88.028579,0,1,25.000000,0.238602,6.931819,0.015523,10000
624,36.712628,Series RL,0.252141,0.000110522508258,,155.492202,6.948911,-112.428367,250000,100.000000,0,20.000000,0.107876,87.920570,0,1,25.000000,0.252141,6.944334,0.015524,10000
625,36.774664,Series RL,0.278518,0.00011033631289,,103.013969,6.938228,-164.685394,250000,100.000000,0,20.000000,0.107690,87.699386,0,1,25.000000,0.278518,6.932635,0.015521,10000
626,36.836431,Series RL,0.269235,0.000110348599652,,-72.524436,6.938632,19.699325,250000,100.000000,0,20.000000,0.107688,87.776229,0,1,25.000000,0.269235,6.933407,0.015520,10000
627,36.900992,Series RL,0.273443,0.000109973009902,,109.271064,6.915216,-158.462738,250000,100.000000,0,20.000000,0.107350,87.733802,0,1,25.000000,0.273443,6.909808,0.015524,10000
628,36.974161,Series RL,0.289889,0.000110110806251,,-50.062717,6.924536,42.336616,250000,100.000000,0,20.000000,0.107475,87.600662,0,1,25.000000,0.289889,6.918466,0.015521,10000
629,37.040554,Series RL,0.266071,0.000110615136435,,-73.015953,6.955245,19.176412,250000,100.000000,0,20.000000,0.107960,87.807640,0,1,25.000000,0.266071,6.950154,0.015522,10000
630,37.104413,Series RL,0.250087,0.000110631449817,,-160.688156,6.955676,-68.627685,250000,100.000000,0,20.000000,0.107977,87.939521,0,1,25.000000,0.250087,6.951179,0.015524,10000
631,37.168181,Series RL,0.263215,0.000110577321221,,69.384956,6.952762,161.554550,250000,100.000000,0,20.000000,0.107898,87.830398,0,1,25.000000,0.263215,6.947778,0.015519,10000
632,37.231629,Series RL,0.273257,0.000110280911054,,-43.537509,6.934540,48.720825,250000,100.000000,0,20.000000,0.107618,87.741661,0,1,25.000000,0.273257,6.929154,0.015519,10000
633,37.293903,Series RL,0.274081,0.000109794804112,,130.318145,6.904054,-137.406661,250000,100.000000,0,20.000000,0.107166,87.724845,0,1,25.000000,0.274081,6.898611,0.015522,10000
634,37.356226,Series RL,0.300613,0.00011063896193,,5.031279,6.958148,97.507415,250000,100.000000,0,20.000000,0.107971,87.523872,0,1,25.000000,0.300613,6.951651,0.015517,10000
635,37.417273,Series RL,0.269428,0.000109996405678,,130.222610,6.916527,-137.544891,250000,100.000000,0,20.000000,0.107362,87.767517,0,1,25.000000,0.269428,6.911278,0.015522,10000
636,37.480150,Series RL,0.309246,0.000110214368373,,-51.514617,6.931874,41.042324,250000,100.000000,0,20.000000,0.107565,87.443061,0,1,25.000000,0.309246,6.924973,0.015517,10000
637,37.544386,Series RL,0.239809,0.000110279462745,,-134.539306,6.933212,-42.557140,250000,100.000000,0,20.000000,0.107630,88.017829,0,1,25.000000,0.239809,6.929063,0.015524,10000
638,37.609988,Series RL,0.274835,0.000110601083054,,-30.108623,6.954704,62.156177,250000,100.000000,0,20.000000,0.107923,87.735198,0,1,25.000000,0.274835,6.949271,0.015518,10000
639,37.673353,Series RL,0.298245,0.000110641635733,,3.041432,6.958214,95.498016,250000,100.000000,0,20.000000,0.107959,87.543426,0,1,25.000000,0.298245,6.951819,0.015515,10000
640,37.736915,Series RL,0.272038,0.000110745611657,,-139.255615,6.963668,-47.016765,250000,100.000000,0,20.000000,0.108102,87.761154,0,1,25.000000,0.272038,6.958352,0.015524,10000
641,37.798620,Series RL,0.274203,0.000109952128773,,115.971801,6.913935,-151.755279,250000,100.000000,0,20.000000,0.107318,87.727088,0,1,25.000000,0.274203,6.908496,0.015522,10000
642,37.860012,Series RL,0.260328,0.000110476496564,,97.371368,6.946323,-170.480850,250000,100.000000,0,20.000000,0.107797,87.852210,0,1,25.000000,0.260328,6.941443,0.015519,10000
643,37.920878,Series RL,0.276863,0.000110236124854,,99.578979,6.931871,-168.131973,250000,100.000000,0,20.000000,0.107576,87.710960,0,1,25.000000,0.276863,6.926340,0.015519,10000
644,37.985102,Series RL,0.255652,0.000110947165477,,-60.587028,6.975703,31.513275,250000,100.000000,0,20.000000,0.108255,87.899696,0,1,25.000000,0.255652,6.971016,0.015519,10000
645,38.049932,Series RL,0.310788,0.000110115278505,,49.597965,6.925724,142.169952,250000,100.000000,0,20.000000,0.107490,87.428024,0,1,25.000000,0.310788,6.918747,0.015520,10000
646,38.112705,Series RL,0.273681,0.000109705979738,,151.846343,6.898461,-115.879981,250000,100.000000,0,20.000000,0.107083,87.726318,0,1,25.000000,0.273681,6.893030,0.015523,10000
647,38.174943,Series RL,0.298496,0.000110613019674,,62.077865,6.956429,154.537155,250000,100.000000,0,20.000000,0.107948,87.540718,0,1,25.000000,0.298496,6.950021,0.015518,10000
648,38.238302,Series RL,0.265318,0.000109857733976,,174.294647,6.907662,-93.504119,250000,100.000000,0,20.000000,0.107229,87.798774,0,1,25.000000,0.265318,6.902565,0.015523,10000
649,38.299667,Series RL,0.267901,0.000110591661081,,55.581016,6.953842,147.788925,250000,100.000000,0,20.000000,0.107918,87.792091,0,1,25.000000,0.267901,6.948679,0.015519,10000
650,38.365002,Series RL,0.262736,0.000110210707809,,-86.263519,6.929726,5.909327,250000,100.000000,0,20.000000,0.107548,87.827140,0,1,25.000000,0.262736,6.924743,0.015520,10000
651,38.427864,Series RL,0.298905,0.000110716661373,,18.061986,6.962952,110.522331,250000,100.000000,0,20.000000,0.108048,87.539657,0,1,25.000000,0.298905,6.956533,0.015517,10000
652,38.490549,Series RL,0.257763,0.000110796413915,,-117.771911,6.966314,-25.651403,250000,100.000000,0,20.000000,0.108128,87.879493,0,1,25.000000,0.257763,6.961544,0.015522,10000
653,38.554330,Series RL,0.276569,0.000110605985026,,-169.317810,6.955080,-77.038841,250000,100.000000,0,20.000000,0.107962,87.721023,0,1,25.000000,0.276569,6.949579,0.015523,10000
654,38.619966,Series RL,0.272517,0.000110413343883,,132.504089,6.942826,-135.246414,250000,100.000000,0,20.000000,0.107751,87.750473,0,1,25.000000,0.272517,6.937475,0.015520,10000
655,38.683538,Series RL,0.267829,0.000110242538798,,-128.319900,6.931919,-36.105602,250000,100.000000,0,20.000000,0.107579,87.785705,0,1,25.000000,0.267829,6.926743,0.015519,10000
656,38.745396,Series RL,0.291418,0.000110083145122,,150.512222,6.922864,-117.075172,250000,100.000000,0,20.000000,0.107455,87.587417,0,1,25.000000,0.291418,6.916728,0.015522,10000
657,38.806818,Series RL,0.276731,0.000110855126174,,-2.301533,6.970728,89.973648,250000,100.000000,0,20.000000,0.108156,87.724815,0,1,25.000000,0.276731,6.965233,0.015516,10000
658,38.867828,Series RL,0.297882,0.000110459785295,,61.646049,6.946783,154.103683,250000,100.000000,0,20.000000,0.107805,87.542366,0,1,25.000000,0.297882,6.940393,0.015519,10000
659,38.930301,Series RL,0.254121,0.000110173497383,,110.604171,6.927068,-157.293457,250000,100.000000,0,20.000000,0.107488,87.897621,0,1,25.000000,0.254121,6.922405,0.015517,10000
660,38.993118,Series RL,0.271498,0.000110741871516,,-1.620901,6.963411,90.613586,250000,100.000000,0,20.000000,0.108048,87.765510,0,1,25.000000,0.271498,6.958117,0.015517,10000
661,39.057606,Series RL,0.287106,0.000110066736248,,85.653991,6.921654,178.031280,250000,100.000000,0,20.000000,0.107405,87.622718,0,1,25.000000,0.287106,6.915697,0.015517,10000
662,39.124598,Series RL,0.289291,0.000110353899511,,41.854198,6.939773,134.243331,250000,100.000000,0,20.000000,0.107668,87.610877,0,1,25.000000,0.289291,6.933740,0.015515,10000
663,39.189177,Series RL,0.310146,0.000109836868763,,36.073448,6.908220,128.646621,250000,100.000000,0,20.000000,0.107202,87.426826,0,1,25.000000,0.310146,6.901254,0.015518,10000
664,39.251720,Series RL,0.261832,0.000110957446887,,-31.285121,6.976577,60.865703,250000,100.000000,0,20.000000,0.108256,87.849174,0,1,25.000000,0.261832,6.971662,0.015517,10000
665,39.315826,Series RL,0.280645,0.000109957762858,,114.815971,6.914547,-152.857879,250000,100.000000,0,20.000000,0.107319,87.673866,0,1,25.000000,0.280645,6.908850,0.015521,10000
666,39.379260,Series RL,0.303872,0.000109850317356,,93.505836,6.908784,-173.973312,250000,100.000000,0,20.000000,0.107220,87.479118,0,1,25.000000,0.303872,6.902099,0.015519,10000
667,39.441770,Series RL,0.294074,0.000109926377503,,-107.966583,6.913136,-15.528580,250000,100.000000,0,20.000000,0.107291,87.561988,0,1,25.000000,0.294074,6.906878,0.015520,10000
668,39.506555,Series RL,0.259109,0.000110640792212,,-131.151565,6.956593,-39.016998,250000,100.000000,0,20.000000,0.107989,87.865432,0,1,25.000000,0.259109,6.951766,0.015523,10000
669,39.570757,Series RL,0.249201,0.000110843316877,,-132.521072,6.968948,-40.471805,250000,100.000000,0,20.000000,0.108176,87.950736,0,1,25.000000,0.249201,6.964491,0.015523,10000
670,39.635381,Series RL,0.275240,0.000110435800645,,-83.893379,6.944343,8.378140,250000,100.000000,0,20.000000,0.107774,87.728477,0,1,25.000000,0.275240,6.938886,0.015520,10000
671,39.699788,Series RL,0.304955,0.000110690034751,,-23.745012,6.961543,68.765678,250000,100.000000,0,20.000000,0.108023,87.489311,0,1,25.000000,0.304955,6.954860,0.015517,10000
672,39.761572,Series RL,0.288823,0.000110174786538,,44.022937,6.928509,136.412078,250000,100.000000,0,20.000000,0.107509,87.610862,0,1,25.000000,0.288823,6.922486,0.015517,10000
673,39.824822,Series RL,0.290625,0.000110146552452,,-93.979118,6.926812,-1.574473,250000,100.000000,0,20.000000,0.107503,87.595352,0,1,25.000000,0.290625,6.920712,0.015520,10000
674,39.888976,Series RL,0.284098,0.000110017095821,,102.406944,6.918413,-165.239608,250000,100.000000,0,20.000000,0.107367,87.646537,0,1,25.000000,0.284098,6.912578,0.015519,10000
675,39.955785,Series RL,0.284310,0.000110764137293,,-38.712425,6.965321,53.626918,250000,100.000000,0,20.000000,0.108085,87.660652,0,1,25.000000,0.284310,6.959516,0.015518,10000
676,40.020935,Series RL,0.285974,0.000110177683158,,-14.047441,6.928573,78.318099,250000,100.000000,0,20.000000,0.107506,87.634468,0,1,25.000000,0.285974,6.922668,0.015516,10000
677,40.085779,Series RL,0.277655,0.000110149035269,,174.679443,6.926435,-93.023170,250000,100.000000,0,20.000000,0.107494,87.702606,0,1,25.000000,0.277655,6.920868,0.015519,10000
678,40.150460,Series RL,0.285824,0.00011009837625,,-49.293788,6.923588,43.072212,250000,100.000000,0,20.000000,0.107445,87.633995,0,1,25.000000,0.285824,6.917685,0.015519,10000
679,40.212205,Series RL,0.286319,0.000110019912863,,37.471477,6.918682,129.843261,250000,100.000000,0,20.000000,0.107354,87.628227,0,1,25.000000,0.286319,6.912755,0.015517,10000
680,40.275725,Series RL,0.283094,0.000110320095001,,70.812759,6.937395,163.151473,250000,100.000000,0,20.000000,0.107637,87.661285,0,1,25.000000,0.283094,6.931616,0.015516,10000
681,40.336864,Series RL,0.297661,0.000110408648812,,133.109268,6.943563,-134.433792,250000,100.000000,0,20.000000,0.107774,87.543052,0,1,25.000000,0.297661,6.937180,0.015521,10000
682,40.398712,Series RL,0.250669,0.000110775723773,,-118.503890,6.964756,-26.441299,250000,100.000000,0,20.000000,0.108089,87.937416,0,1,25.000000,0.250669,6.960244,0.015519,10000
683,40.462400,Series RL,0.265261,0.000110263165278,,38.357776,6.933115,130.550445,250000,100.000000,0,20.000000,0.107565,87.807327,0,1,25.000000,0.265261,6.928039,0.015515,10000
684,40.526059,Series RL,0.295227,0.000109814396085,,22.498807,6.906155,114.948860,250000,100.000000,0,20.000000,0.107155,87.549949,0,1,25.000000,0.295227,6.899842,0.015516,10000
685,40.592303,Series RL,0.293472,0.000110687138131,,-110.457275,6.960867,-18.040954,250000,100.000000,0,20.000000,0.108033,87.583679,0,1,25.000000,0.293472,6.954678,0.015520,10000
686,40.657359,Series RL,0.279061,0.000110682856863,,41.100006,6.960006,133.397888,250000,100.000000,0,20.000000,0.108000,87.702110,0,1,25.000000,0.279061,6.954409,0.015517,10000
687,40.721191,Series RL,0.276640,0.000110185147525,,-99.243827,6.928662,-6.955572,250000,100.000000,0,20.000000,0.107530,87.711738,0,1,25.000000,0.276640,6.923137,0.015520,10000
688,40.783361,Series RL,0.280489,0.000110187773582,,-28.702295,6.928982,63.617713,250000,100.000000,0,20.000000,0.107512,87.679992,0,1,25.000000,0.280489,6.923302,0.015516,10000
689,40.845357,Series RL,0.238126,0.000110721786162,,-119.230644,6.960929,-27.270231,250000,100.000000,0,20.000000,0.108033,88.039588,0,1,25.000000,0.238126,6.956855,0.015520,10000
690,40.909883,Series RL,0.255197,0.000109963492436,,-149.589263,6.913921,-57.473960,250000,100.000000,0,20.000000,0.107312,87.884696,0,1,25.000000,0.255197,6.909210,0.015521,10000
691,40.974240,Series RL,0.276069,0.000110129204563,,-48.763523,6.925127,43.521167,250000,100.000000,0,20.000000,0.107461,87.715301,0,1,25.000000,0.276069,6.919622,0.015518,10000
692,41.038777,Series RL,0.302910,0.000110316641339,,164.085891,6.938015,-103.411796,250000,100.000000,0,20.000000,0.107679,87.497703,0,1,25.000000,0.302910,6.931399,0.015520,10000
693,41.104229,Series RL,0.244415,0.000110767766025,,-75.659423,6.964035,16.351888,250000,100.000000,0,20.000000,0.108053,87.988685,0,1,25.000000,0.244415,6.959744,0.015516,10000
694,41.170636,Series RL,0.294994,0.000110276391054,,119.335708,6.935146,-148.226409,250000,100.000000,0,20.000000,0.107636,87.562126,0,1,25.000000,0.294994,6.928870,0.015520,10000
695,41.237148,Series RL,0.284430,0.000110481080226,,-140.245422,6.947556,-47.899093,250000,100.000000,0,20.000000,0.107830,87.653671,0,1,25.000000,0.284430,6.941731,0.015521,10000
696,41.302338,Series RL,0.278129,0.00011039233543,,-169.227203,6.941729,-76.930953,250000,100.000000,0,20.000000,0.107737,87.703758,0,1,25.000000,0.278129,6.936155,0.015520,10000
697,41.366918,Series RL,0.267260,0.000109821001015,,-164.520339,6.905431,-72.302268,250000,100.000000,0,20.000000,0.107181,87.781936,0,1,25.000000,0.267260,6.900257,0.015521,10000
698,41.430622,Series RL,0.292719,0.000110331936129,,148.086227,6.938537,-119.495903,250000,100.000000,0,20.000000,0.107685,87.582115,0,1,25.000000,0.292719,6.932360,0.015520,10000
699,41.492278,Series RL,0.271038,0.000109947911167,,144.059646,6.913546,-123.693527,250000,100.000000,0,20.000000,0.107281,87.753196,0,1,25.000000,0.271038,6.908231,0.015518,10000
700,41.557499,Series RL,0.255977,0.000110709897288,,-61.584510,6.960816,30.522960,250000,100.000000,0,20.000000,0.107993,87.892524,0,1,25.000000,0.255977,6.956108,0.015514,10000
701,41.623125,Series RL,0.290446,0.00011005811005,,15.190861,6.921252,107.595954,250000,100.000000,0,20.000000,0.107404,87.594909,0,1,25.000000,0.290446,6.915155,0.015518,10000
702,41.688100,Series RL,0.253770,0.000110279812885,,125.420425,6.933731,-142.482101,250000,100.000000,0,20.000000,0.107595,87.902534,0,1,25.000000,0.253770,6.929085,0.015518,10000
703,41.751513,Series RL,0.293471,0.000110248427531,,-27.601276,6.933326,64.824638,250000,100.000000,0,20.000000,0.107568,87.574081,0,1,25.000000,0.293471,6.927113,0.015515,10000
704,41.814547,Series RL,0.314552,0.000109798687492,,21.467306,6.906023,114.077896,250000,100.000000,0,20.000000,0.107146,87.389411,0,1,25.000000,0.314552,6.898855,0.015515,10000
705,41.875011,Series RL,0.281777,0.000110251133165,,175.901397,6.933012,-91.769294,250000,100.000000,0,20.000000,0.107596,87.670700,0,1,25.000000,0.281777,6.927283,0.015519,10000
706,41.937518,Series RL,0.317567,0.000109803191577,,93.331283,6.906443,-174.033264,250000,100.000000,0,20.000000,0.107171,87.364540,0,1,25.000000,0.317567,6.899138,0.015518,10000
707,42.001631,Series RL,0.309967,0.000110094222306,,106.269248,6.924365,-161.165054,250000,100.000000,0,20.000000,0.107418,87.434318,0,1,25.000000,0.309967,6.917424,0.015513,10000
708,42.064418,Series RL,0.274602,0.000109937470603,,159.065811,6.913031,-108.657669,250000,100.000000,0,20.000000,0.107272,87.723472,0,1,25.000000,0.274602,6.907575,0.015517,10000
709,42.129005,Series RL,0.301910,0.000109731635515,,93.427330,6.901249,-174.065338,250000,100.000000,0,20.000000,0.107085,87.492668,0,1,25.000000,0.301910,6.894642,0.015517,10000
710,42.193987,Series RL,0.295011,0.000110276502463,,45.273288,6.935154,137.711303,250000,100.000000,0,20.000000,0.107583,87.561988,0,1,25.000000,0.295011,6.928877,0.015513,10000
711,42.258184,Series RL,0.258254,0.000110947054069,,-74.499649,6.975791,17.622009,250000,100.000000,0,20.000000,0.108247,87.878334,0,1,25.000000,0.258254,6.971009,0.015518,10000
712,42.322930,Series RL,0.305818,0.000110405274727,,-37.661872,6.943706,54.862388,250000,100.000000,0,20.000000,0.107741,87.475738,0,1,25.000000,0.305818,6.936968,0.015516,10000
713,42.387617,Series RL,0.257690,0.000109858115948,,-178.336853,6.907398,-86.198844,250000,100.000000,0,20.000000,0.107208,87.861999,0,1,25.000000,0.257690,6.902589,0.015521,10000
714,42.451504,Series RL,0.314368,0.000110142509916,,106.375152,6.927595,-161.023895,250000,100.000000,0,20.000000,0.107494,87.399070,0,1,25.000000,0.314368,6.920458,0.015517,10000
715,42.516353,Series RL,0.317253,0.000110221896402,,34.475509,6.932708,127.098381,250000,100.000000,0,20.000000,0.107555,87.377128,0,1,25.000000,0.317253,6.925446,0.015514,10000
716,42.578943,Series RL,0.248474,0.000110420505855,,-133.441299,6.942373,-41.390182,250000,100.000000,0,20.000000,0.107724,87.948890,0,1,25.000000,0.248474,6.937925,0.015517,10000
717,42.648044,Series RL,0.272376,0.000109819441297,,167.007858,6.905533,-100.731605,250000,100.000000,0,20.000000,0.107178,87.739486,0,1,25.000000,0.272376,6.900159,0.015521,10000
718,42.712703,Series RL,0.255326,0.000110604393476,,-176.065109,6.954168,-83.960990,250000,100.000000,0,20.000000,0.107932,87.895881,0,1,25.000000,0.255326,6.949479,0.015521,10000
719,42.775364,Series RL,0.259581,0.000110407646136,,53.616741,6.941972,145.759704,250000,100.000000,0,20.000000,0.107704,87.857040,0,1,25.000000,0.259581,6.937117,0.015515,10000
720,42.838944,Series RL,0.282232,0.00011073330898,,-81.933921,6.963301,10.388987,250000,100.000000,0,20.000000,0.108044,87.677093,0,1,25.000000,0.282232,6.957579,0.015516,10000
721,42.901568,Series RL,0.273345,0.000109876227781,,-164.472579,6.909136,-72.205200,250000,100.000000,0,20.000000,0.107231,87.732627,0,1,25.000000,0.273345,6.903727,0.015520,10000
722,42.966907,Series RL,0.252724,0.000110814000536,,-118.405876,6.967234,-26.327117,250000,100.000000,0,20.000000,0.108139,87.921241,0,1,25.000000,0.252724,6.962649,0.015521,10000
723,43.031258,Series RL,0.277728,0.000110098360335,,52.540153,6.923256,144.839218,250000,100.000000,0,20.000000,0.107428,87.700950,0,1,25.000000,0.277728,6.917684,0.015517,10000
724,43.095346,Series RL,0.265016,0.000109979487508,,-106.341316,6.915295,-14.145023,250000,100.000000,0,20.000000,0.107329,87.803703,0,1,25.000000,0.265016,6.910215,0.015520,10000
725,43.160889,Series RL,0.263518,0.000110166192172,,-163.230453,6.926960,-71.050239,250000,100.000000,0,20.000000,0.107494,87.819801,0,1,25.000000,0.263518,6.921946,0.015518,10000
726,43.225472,Series RL,0.293131,0.00011010014287,,14.311172,6.924003,106.737548,250000,100.000000,0,20.000000,0.107422,87.573623,0,1,25.000000,0.293131,6.917796,0.015514,10000
727,43.289069,Series RL,0.284416,0.000110487557833,,12.981591,6.947962,105.327659,250000,100.000000,0,20.000000,0.107805,87.653930,0,1,25.000000,0.284416,6.942138,0.015516,10000
728,43.353381,Series RL,0.298990,0.000110443042195,,-94.968353,6.945779,-2.501223,250000,100.000000,0,20.000000,0.107770,87.532867,0,1,25.000000,0.298990,6.939341,0.015516,10000
729,43.416212,Series RL,0.309364,0.000110461472337,,-37.414867,6.947391,55.137336,250000,100.000000,0,20.000000,0.107779,87.447799,0,1,25.000000,0.309364,6.940499,0.015514,10000
730,43.480226,Series RL,0.272240,0.000110608515589,,39.278850,6.955068,131.522125,250000,100.000000,0,20.000000,0.107904,87.756713,0,1,25.000000,0.272240,6.949738,0.015514,10000
731,43.545332,Series RL,0.247350,0.00011017563006,,153.788024,6.926956,-114.165611,250000,100.000000,0,20.000000,0.107495,87.953628,0,1,25.000000,0.247350,6.922539,0.015518,10000
732,43.611156,Series RL,0.301488,0.000110275961336,,135.015075,6.935400,-132.493438,250000,100.000000,0,20.000000,0.107623,87.508522,0,1,25.000000,0.301488,6.928843,0.015518,10000
733,43.677593,Series RL,0.278153,0.000110160892312,,-113.309059,6.927200,-21.007795,250000,100.000000,0,20.000000,0.107489,87.698745,0,1,25.000000,0.278153,6.921613,0.015517,10000
734,43.741516,Series RL,0.267548,0.000110815878565,,-31.837886,6.967905,60.362659,250000,100.000000,0,20.000000,0.108121,87.799461,0,1,25.000000,0.267548,6.962767,0.015517,10000
735,43.805150,Series RL,0.318876,0.000110013769483,,92.623657,6.919720,-174.735076,250000,100.000000,0,20.000000,0.107380,87.358741,0,1,25.000000,0.318876,6.912369,0.015518,10000
736,43.868283,Series RL,0.295290,0.000110667577989,,-125.375671,6.959716,-32.943973,250000,100.000000,0,20.000000,0.108012,87.568290,0,1,25.000000,0.295290,6.953449,0.015520,10000
737,43.930702,Series RL,0.291056,0.000110575745587,,-40.828502,6.953773,51.570365,250000,100.000000,0,20.000000,0.107904,87.601135,0,1,25.000000,0.291056,6.947679,0.015517,10000
738,43.995331,Series RL,0.307747,0.000109854725948,,37.086502,6.909233,129.639389,250000,100.000000,0,20.000000,0.107207,87.447113,0,1,25.000000,0.307747,6.902376,0.015517,10000
739,44.059888,Series RL,0.271512,0.000110387369796,,157.015853,6.941155,-110.742393,250000,100.000000,0,20.000000,0.107735,87.758232,0,1,25.000000,0.271512,6.935843,0.015521,10000
740,44.123373,Series RL,0.290198,0.000110020087934,,-13.795117,6.918855,78.608757,250000,100.000000,0,20.000000,0.107337,87.596130,0,1,25.000000,0.290198,6.912766,0.015514,10000
741,44.188520,Series RL,0.279397,0.000110804196592,,-74.055511,6.967638,18.242628,250000,100.000000,0,20.000000,0.108133,87.701858,0,1,25.000000,0.279397,6.962033,0.015519,10000
742,44.252371,Series RL,0.288709,0.000110229663163,,89.302413,6.931949,-178.310577,250000,100.000000,0,20.000000,0.107550,87.612998,0,1,25.000000,0.288709,6.925934,0.015515,10000
743,44.315989,Series RL,0.279233,0.000110836361806,,-59.860965,6.969650,32.435165,250000,100.000000,0,20.000000,0.108155,87.703872,0,1,25.000000,0.279233,6.964054,0.015518,10000
744,44.378537,Series RL,0.315270,0.000110490931917,,-23.193891,6.949505,69.406272,250000,100.000000,0,20.000000,0.107822,87.399833,0,1,25.000000,0.315270,6.942350,0.015515,10000
745,44.442095,Series RL,0.293670,0.000109760999602,,-165.772323,6.902737,-73.333992,250000,100.000000,0,20.000000,0.107138,87.561668,0,1,25.000000,0.293670,6.896487,0.015521,10000
746,44.507791,Series RL,0.292628,0.00011019689316,,-0.719149,6.930056,91.700942,250000,100.000000,0,20.000000,0.107524,87.579910,0,1,25.000000,0.292628,6.923875,0.015516,10000
747,44.573000,Series RL,0.281827,0.000110748333207,,-2.102126,6.964228,90.217147,250000,100.000000,0,20.000000,0.108036,87.680725,0,1,25.000000,0.281827,6.958523,0.015513,10000
748,44.643884,Series RL,0.294970,0.000110308906409,,60.193759,6.937187,152.630722,250000,100.000000,0,20.000000,0.107629,87.563034,0,1,25.000000,0.294970,6.930913,0.015515,10000
749,44.707409,Series RL,0.276211,0.000110662421369,,-17.526916,6.958610,74.747947,250000,100.000000,0,20.000000,0.107976,87.725135,0,1,25.000000,0.276211,6.953125,0.015517,10000
750,44.771665,Series RL,0.316247,0.000110401391346,,47.735603,6.943929,140.345932,250000,100.000000,0,20.000000,0.107732,87.389671,0,1,25.000000,0.316247,6.936724,0.015515,10000
751,44.835226,Series RL,0.274706,0.000110098487659,,-100.680877,6.923144,-8.406822,250000,100.000000,0,20.000000,0.107431,87.725944,0,1,25.000000,0.274706,6.917692,0.015518,10000
752,44.900366,Series RL,0.302142,0.000109681995088,,108.882202,6.898144,-158.607421,250000,100.000000,0,20.000000,0.107051,87.489608,0,1,25.000000,0.302142,6.891523,0.015519,10000
753,44.965059,Series RL,0.283237,0.000109983609621,,-100.301063,6.916276,-7.954016,250000,100.000000,0,20.000000,0.107328,87.652954,0,1,25.000000,0.283237,6.910474,0.015518,10000
754,45.029058,Series RL,0.255210,0.000110513261356,,-76.149017,6.948441,15.955884,250000,100.000000,0,20.000000,0.107818,87.895103,0,1,25.000000,0.255210,6.943753,0.015517,10000
755,45.094047,Series RL,0.278082,0.000110047526246,,-92.436836,6.920080,-0.133790,250000,100.000000,0,20.000000,0.107387,87.696952,0,1,25.000000,0.278082,6.914490,0.015518,10000
756,45.158699,Series RL,0.304775,0.000110275070068,,-137.963088,6.935487,-45.444442,250000,100.000000,0,20.000000,0.107631,87.481361,0,1,25.000000,0.304775,6.928787,0.015519,10000
757,45.223213,Series RL,0.320058,0.000110130366394,,6.065834,6.927093,98.714065,250000,100.000000,0,20.000000,0.107468,87.351776,0,1,25.000000,0.320058,6.919695,0.015514,10000
758,45.286287,Series RL,0.297335,0.000109742871854,,94.439064,6.901755,-173.091812,250000,100.000000,0,20.000000,0.107090,87.530860,0,1,25.000000,0.297335,6.895348,0.015516,10000
759,45.350096,Series RL,0.265079,0.000110546429246,,-32.784038,6.950893,59.401527,250000,100.000000,0,20.000000,0.107839,87.814437,0,1,25.000000,0.265079,6.945837,0.015514,10000
760,45.412957,Series RL,0.326122,0.000109845892849,,49.670772,6.909521,142.376083,250000,100.000000,0,20.000000,0.107211,87.294692,0,1,25.000000,0.326122,6.901821,0.015516,10000
761,45.476540,Series RL,0.292046,0.000110478263184,,-125.859809,6.947695,-33.450668,250000,100.000000,0,20.000000,0.107826,87.590858,0,1,25.000000,0.292046,6.941554,0.015520,10000
762,45.541115,Series RL,0.252830,0.000110436612335,,-176.327835,6.943541,-84.241096,250000,100.000000,0,20.000000,0.107746,87.913269,0,1,25.000000,0.252830,6.938937,0.015517,10000
763,45.608476,Series RL,0.302737,0.000110415524305,,90.037742,6.944214,-177.463607,250000,100.000000,0,20.000000,0.107738,87.501365,0,1,25.000000,0.302737,6.937612,0.015515,10000
764,45.676161,Series RL,0.282862,0.00011030621669,,-20.110527,6.936514,72.226570,250000,100.000000,0,20.000000,0.107619,87.662895,0,1,25.000000,0.282862,6.930744,0.015515,10000
765,45.739506,Series RL,0.285551,0.000110374175851,,-85.260437,6.940890,7.097408,250000,100.000000,0,20.000000,0.107706,87.642158,0,1,25.000000,0.285551,6.935014,0.015518,10000
766,45.803471,Series RL,0.299479,0.000110055229345,,65.868751,6.921456,158.348617,250000,100.000000,0,20.000000,0.107403,87.520141,0,1,25.000000,0.299479,6.914974,0.015517,10000
767,45.867612,Series RL,0.308321,0.000110750911517,,3.917789,6.965512,96.454757,250000,100.000000,0,20.000000,0.108064,87.463027,0,1,25.000000,0.308321,6.958685,0.015514,10000
768,45.930444,Series RL,0.258362,0.000110142573578,,-163.447570,6.925283,-71.309539,250000,100.000000,0,20.000000,0.107477,87.861968,0,1,25.000000,0.258362,6.920462,0.015519,10000
769,45.994409,Series RL,0.293448,0.000110158298086,,-14.908308,6.927668,77.519401,250000,100.000000,0,20.000000,0.107480,87.572296,0,1,25.000000,0.293448,6.921450,0.015515,10000
770,46.059925,Series RL,0.308150,0.000110395805008,,31.884405,6.943214,124.428108,250000,100.000000,0,20.000000,0.107720,87.456291,0,1,25.000000,0.308150,6.936373,0.015514,10000
771,46.123363,Series RL,0.306857,0.000110295107675,,118.657485,6.936837,-148.807174,250000,100.000000,0,20.000000,0.107640,87.464645,0,1,25.000000,0.306857,6.930046,0.015517,10000
772,46.188619,Series RL,0.251274,0.000110476910367,,-76.296989,6.946015,15.776157,250000,100.000000,0,20.000000,0.107784,87.926856,0,1,25.000000,0.251274,6.941469,0.015517,10000
773,46.252815,Series RL,0.305982,0.000109900021445,,136.075241,6.911998,-131.387512,250000,100.000000,0,20.000000,0.107271,87.462776,0,1,25.000000,0.305982,6.905222,0.015520,10000
774,46.319308,Series RL,0.291956,0.000109810783268,,108.852622,6.905789,-158.724349,250000,100.000000,0,20.000000,0.107149,87.576988,0,1,25.000000,0.291956,6.899615,0.015516,10000
775,46.384964,Series RL,0.317085,0.000110591040377,,33.388057,6.955871,126.000808,250000,100.000000,0,20.000000,0.107902,87.387252,0,1,25.000000,0.317085,6.948640,0.015512,10000
776,46.449771,Series RL,0.278584,0.000110606176012,,-102.361053,6.955173,-10.065509,250000,100.000000,0,20.000000,0.107944,87.704444,0,1,25.000000,0.278584,6.949591,0.015520,10000
777,46.516717,Series RL,0.315907,0.00011036029754,,-80.596008,6.941334,12.012477,250000,100.000000,0,20.000000,0.107708,87.391510,0,1,25.000000,0.315907,6.934142,0.015517,10000
778,46.580799,Series RL,0.305977,0.000110607019533,,76.135704,6.956376,168.656677,250000,100.000000,0,20.000000,0.107934,87.479019,0,1,25.000000,0.305977,6.949644,0.015516,10000
779,46.647583,Series RL,0.313230,0.000109983068494,,7.524458,6.917535,100.119735,250000,100.000000,0,20.000000,0.107327,87.404724,0,1,25.000000,0.313230,6.910440,0.015515,10000
780,46.713346,Series RL,0.300061,0.000110408776136,,-15.475151,6.943674,77.001579,250000,100.000000,0,20.000000,0.107730,87.523269,0,1,25.000000,0.300061,6.937188,0.015515,10000
781,46.777871,Series RL,0.294715,0.000110717457148,,-154.154968,6.962822,-61.729087,250000,100.000000,0,20.000000,0.108051,87.574111,0,1,25.000000,0.294715,6.956583,0.015518,10000
782,46.842608,Series RL,0.303277,0.000110084752587,,-79.269721,6.923474,13.240884,250000,100.000000,0,20.000000,0.107438,87.489402,0,1,25.000000,0.303277,6.916829,0.015518,10000
783,46.906116,Series RL,0.313156,0.000110440336561,,46.604419,6.946234,139.188354,250000,100.000000,0,20.000000,0.107771,87.416061,0,1,25.000000,0.313156,6.939171,0.015515,10000
784,46.971927,Series RL,0.329227,0.000109982463705,,49.457572,6.918240,142.185211,250000,100.000000,0,20.000000,0.107323,87.272354,0,1,25.000000,0.329227,6.910402,0.015513,10000
785,47.039115,Series RL,0.290289,0.00010999855427,,130.292053,6.917506,-137.302825,250000,100.000000,0,20.000000,0.107334,87.594909,0,1,25.000000,0.290289,6.911413,0.015516,10000
786,47.105863,Series RL,0.300193,0.000110152488931,,59.160854,6.927593,151.644424,250000,100.000000,0,20.000000,0.107470,87.516426,0,1,25.000000,0.300193,6.921085,0.015513,10000
787,47.171266,Series RL,0.285171,0.000110348233595,,-84.470504,6.939246,7.884753,250000,100.000000,0,20.000000,0.107668,87.644744,0,1,25.000000,0.285171,6.933384,0.015516,10000
788,47.236449,Series RL,0.300138,0.000110235790628,,-12.824647,6.932818,79.656593,250000,100.000000,0,20.000000,0.107552,87.518760,0,1,25.000000,0.300138,6.926319,0.015513,10000
789,47.298779,Series RL,0.280129,0.000110888103078,,-2.606936,6.972934,89.695465,250000,100.000000,0,20.000000,0.108176,87.697586,0,1,25.000000,0.280129,6.967305,0.015514,10000
790,47.361924,Series RL,0.309479,0.000110562456149,,-66.794708,6.953734,25.756114,250000,100.000000,0,20.000000,0.107891,87.449180,0,1,25.000000,0.309479,6.946844,0.015516,10000
791,47.425506,Series RL,0.309400,0.000110532996569,,75.122596,6.951881,167.673461,250000,100.000000,0,20.000000,0.107864,87.449150,0,1,25.000000,0.309400,6.944993,0.015516,10000
792,47.488900,Series RL,0.297038,0.000110445588674,,90.623992,6.945856,-176.925033,250000,100.000000,0,20.000000,0.107768,87.549011,0,1,25.000000,0.297038,6.939501,0.015515,10000
793,47.553554,Series RL,0.325970,0.000110048831316,,20.784784,6.922251,113.483856,250000,100.000000,0,20.000000,0.107389,87.300926,0,1,25.000000,0.325970,6.914572,0.015514,10000
794,47.620371,Series RL,0.291530,0.000110428702335,,-124.569053,6.944562,-32.163093,250000,100.000000,0,20.000000,0.107768,87.594032,0,1,25.000000,0.291530,6.938440,0.015518,10000
795,47.689054,Series RL,0.299144,0.000110096736954,,-34.619850,6.924046,57.856304,250000,100.000000,0,20.000000,0.107427,87.523841,0,1,25.000000,0.299144,6.917582,0.015515,10000
796,47.753188,Series RL,0.295214,0.000110332079369,,-138.551635,6.938652,-46.113166,250000,100.000000,0,20.000000,0.107679,87.561538,0,1,25.000000,0.295214,6.932369,0.015519,10000
797,47.816887,Series RL,0.310120,0.000110558875163,,2.397150,6.953538,94.953330,250000,100.000000,0,20.000000,0.107878,87.443824,0,1,25.000000,0.310120,6.946619,0.015514,10000
798,47.879334,Series RL,0.310466,0.000110726815459,,-11.035062,6.964095,81.520095,250000,100.000000,0,20.000000,0.108048,87.444847,0,1,25.000000,0.310466,6.957171,0.015515,10000
799,47.946149,Series RL,0.266577,0.000110579851784,,169.187530,6.953050,-98.615219,250000,100.000000,0,20.000000,0.107908,87.802757,0,1,25.000000,0.266577,6.947937,0.015520,10000
800,48.013103,Series RL,0.282526,0.000110041748922,,-157.712356,6.919898,-65.372428,250000,100.000000,0,20.000000,0.107386,87.660072,0,1,25.000000,0.282526,6.914127,0.015518,10000
801,48.076748,Series RL,0.297753,0.00010998711103,,66.546913,6.917105,159.014022,250000,100.000000,0,20.000000,0.107311,87.532882,0,1,25.000000,0.297753,6.910694,0.015514,10000
802,48.145457,Series RL,0.287598,0.000110154908086,,-141.972579,6.927210,-49.593135,250000,100.000000,0,20.000000,0.107492,87.620567,0,1,25.000000,0.287598,6.921237,0.015517,10000
803,48.209087,Series RL,0.316858,0.00011048587079,,-23.428159,6.949259,69.185195,250000,100.000000,0,20.000000,0.107806,87.386642,0,1,25.000000,0.316858,6.942032,0.015513,10000
804,48.273874,Series RL,0.314783,0.000110709372077,,3.184460,6.963193,95.775497,250000,100.000000,0,20.000000,0.108026,87.408966,0,1,25.000000,0.314783,6.956075,0.015514,10000
805,48.338244,Series RL,0.314279,0.000110720894895,,-54.701110,6.963895,37.885509,250000,100.000000,0,20.000000,0.108042,87.413375,0,1,25.000000,0.314279,6.956799,0.015515,10000
806,48.401829,Series RL,0.278351,0.000109940749195,,-172.392379,6.913387,-80.084884,250000,100.000000,0,20.000000,0.107281,87.692497,0,1,25.000000,0.278351,6.907781,0.015518,10000
807,48.468509,Series RL,0.275545,0.000109706313963,,124.200012,6.898556,-143.510833,250000,100.000000,0,20.000000,0.107038,87.710853,0,1,25.000000,0.275545,6.893051,0.015516,10000
808,48.533722,Series RL,0.316825,0.000110178081046,,106.539230,6.929939,-160.840362,250000,100.000000,0,20.000000,0.107510,87.379615,0,1,25.000000,0.316825,6.922693,0.015514,10000
809,48.599930,Series RL,0.291852,0.00010980632693,,115.972320,6.905505,-151.605407,250000,100.000000,0,20.000000,0.107143,87.577743,0,1,25.000000,0.291852,6.899335,0.015516,10000
810,48.667483,Series RL,0.271394,0.000110530847977,,141.948959,6.950159,-125.813148,250000,100.000000,0,20.000000,0.107840,87.762107,0,1,25.000000,0.271394,6.944858,0.015516,10000
811,48.730974,Series RL,0.298706,0.000110009408637,,-13.655591,6.918546,78.818901,250000,100.000000,0,20.000000,0.107324,87.525505,0,1,25.000000,0.298706,6.912095,0.015513,10000
812,48.792722,Series RL,0.304825,0.000110721738416,,-67.292701,6.963527,25.216199,250000,100.000000,0,20.000000,0.108033,87.491104,0,1,25.000000,0.304825,6.956852,0.015514,10000
813,48.858013,Series RL,0.282472,0.000109793483126,,95.489349,6.904308,-172.165847,250000,100.000000,0,20.000000,0.107128,87.655235,0,1,25.000000,0.282472,6.898528,0.015516,10000
814,48.922975,Series RL,0.297272,0.000109954086379,,58.577949,6.915012,151.041809,250000,100.000000,0,20.000000,0.107289,87.536132,0,1,25.000000,0.297272,6.908619,0.015515,10000
815,48.990847,Series RL,0.281728,0.000110656930523,,-59.206146,6.958486,33.114227,250000,100.000000,0,20.000000,0.107980,87.679626,0,1,25.000000,0.281728,6.952780,0.015518,10000
816,49.055477,Series RL,0.269176,0.000110539824316,,-145.514541,6.950636,-53.295097,250000,100.000000,0,20.000000,0.107875,87.780555,0,1,25.000000,0.269176,6.945422,0.015520,10000
817,49.119473,Series RL,0.281540,0.000110528126428,,-18.917846,6.950391,73.403671,250000,100.000000,0,20.000000,0.107818,87.678482,0,1,25.000000,0.281540,6.944687,0.015513,10000
818,49.184576,Series RL,0.312284,0.00011062818714,,-38.064823,6.957986,54.507560,250000,100.000000,0,20.000000,0.107945,87.427619,0,1,25.000000,0.312284,6.950974,0.015514,10000
819,49.248341,Series RL,0.297615,0.000110006145961,,-49.339504,6.918295,43.126033,250000,100.000000,0,20.000000,0.107325,87.534461,0,1,25.000000,0.297615,6.911890,0.015513,10000
820,49.313757,Series RL,0.287938,0.000110280831477,,-144.663558,6.935129,-52.284030,250000,100.000000,0,20.000000,0.107618,87.620468,0,1,25.000000,0.287938,6.929149,0.015518,10000
821,49.378647,Series RL,0.277276,0.000110718618979,,-18.456268,6.962180,73.826202,250000,100.000000,0,20.000000,0.107993,87.717529,0,1,25.000000,0.277276,6.956656,0.015511,10000
822,49.442400,Series RL,0.293894,0.000110633582493,,-126.090347,6.957523,-33.669384,250000,100.000000,0,20.000000,0.107969,87.579032,0,1,25.000000,0.293894,6.951313,0.015518,10000
823,49.508043,Series RL,0.304132,0.000110068407374,,42.988895,6.922486,135.506942,250000,100.000000,0,20.000000,0.107399,87.481964,0,1,25.000000,0.304132,6.915802,0.015514,10000
824,49.572472,Series RL,0.289314,0.000109773684251,,173.414016,6.903349,-94.184066,250000,100.000000,0,20.000000,0.107139,87.598075,0,1,25.000000,0.289314,6.897284,0.015520,10000
825,49.640906,Series RL,0.278900,0.000110797718986,,-46.690937,6.967211,45.603248,250000,100.000000,0,20.000000,0.108081,87.705810,0,1,25.000000,0.278900,6.961626,0.015513,10000
826,49.705992,Series RL,0.304949,0.000109832921721,,87.319305,6.907740,179.849517,250000,100.000000,0,20.000000,0.107174,87.469802,0,1,25.000000,0.304949,6.901006,0.015515,10000
827,49.769914,Series RL,0.329608,0.000110256751334,,34.534324,6.935473,127.258331,250000,100.000000,0,20.000000,0.107580,87.275985,0,1,25.000000,0.329608,6.927636,0.015512,10000
828,49.833791,Series RL,0.303391,0.000109986904128,,87.680664,6.917337,-179.805541,250000,100.000000,0,20.000000,0.107320,87.486228,0,1,25.000000,0.303391,6.910681,0.015515,10000
829,49.897962,Series RL,0.302123,0.000110671668271,,-40.199073,6.960267,52.288730,250000,100.000000,0,20.000000,0.107980,87.512191,0,1,25.000000,0.302123,6.953706,0.015514,10000
830,49.964979,Series RL,0.272064,0.000110771331096,,-131.872238,6.965283,-39.633682,250000,100.000000,0,20.000000,0.108091,87.761459,0,1,25.000000,0.272064,6.959968,0.015519,10000
831,50.030688,Series RL,0.316054,0.000109827956086,,-35.507846,6.907928,57.114490,250000,100.000000,0,20.000000,0.107173,87.377662,0,1,25.000000,0.316054,6.900694,0.015514,10000
832,50.097463,Series RL,0.300376,0.000110096657377,,-20.291048,6.924096,72.195297,250000,100.000000,0,20.000000,0.107420,87.513648,0,1,25.000000,0.300376,6.917577,0.015514,10000
833,50.167631,Series RL,0.285568,0.000110219970627,,-63.129013,6.931211,29.232255,250000,100.000000,0,20.000000,0.107522,87.638732,0,1,25.000000,0.285568,6.925325,0.015513,10000
834,50.232935,Series RL,0.294590,0.00011052642347,,-154.318893,6.950825,-61.889858,250000,100.000000,0,20.000000,0.107850,87.570960,0,1,25.000000,0.294590,6.944580,0.015516,10000
835,50.296419,Series RL,0.263090,0.000110670028975,,-175.241928,6.958578,-83.075164,250000,100.000000,0,20.000000,0.107981,87.833244,0,1,25.000000,0.263090,6.953603,0.015518,10000
836,50.361048,Series RL,0.268208,0.000110366154442,,125.071495,6.939695,-142.713546,250000,100.000000,0,20.000000,0.107671,87.785064,0,1,25.000000,0.268208,6.934510,0.015515,10000
837,50.425730,Series RL,0.260255,0.000110672686862,,-90.736274,6.958639,1.407101,250000,100.000000,0,20.000000,0.107958,87.856613,0,1,25.000000,0.260255,6.953770,0.015514,10000
838,50.489416,Series RL,0.285385,0.00010974532284,,138.186904,6.901405,-129.443130,250000,100.000000,0,20.000000,0.107096,87.630043,0,1,25.000000,0.285385,6.895502,0.015518,10000
839,50.554392,Series RL,0.316463,0.000110393210782,,105.720924,6.943425,-161.666778,250000,100.000000,0,20.000000,0.107729,87.387710,0,1,25.000000,0.316463,6.936210,0.015515,10000
840,50.619877,Series RL,0.326231,0.000109909809474,,-21.727682,6.913538,70.976951,250000,100.000000,0,20.000000,0.107263,87.295356,0,1,25.000000,0.326231,6.905837,0.015515,10000
841,50.688849,Series RL,0.285865,0.000110912756179,,-60.427124,6.974715,31.921855,250000,100.000000,0,20.000000,0.108195,87.651023,0,1,25.000000,0.285865,6.968854,0.015512,10000
842,50.752913,Series RL,0.311263,0.000110352339793,,-138.131805,6.940626,-45.561424,250000,100.000000,0,20.000000,0.107695,87.429611,0,1,25.000000,0.311263,6.933642,0.015517,10000
843,50.816915,Series RL,0.274193,0.000110600526011,,111.684181,6.954643,-156.056289,250000,100.000000,0,20.000000,0.107915,87.740470,0,1,25.000000,0.274193,6.949236,0.015517,10000
844,50.880102,Series RL,0.318538,0.00011048523417,,91.578697,6.949296,-175.794067,250000,100.000000,0,20.000000,0.107805,87.372787,0,1,25.000000,0.318538,6.941992,0.015513,10000
845,50.948654,Series RL,0.272323,0.000110527633047,,82.424079,6.949994,174.669692,250000,100.000000,0,20.000000,0.107800,87.754394,0,1,25.000000,0.272323,6.944656,0.015511,10000
846,51.001803,Series RL,0.307309,0.0001099370568,,43.953693,6.914382,136.501037,250000,100.000000,0,20.000000,0.107234,87.452659,0,1,25.000000,0.307309,6.907549,0.015509,10000
847,51.055608,Series RL,0.313610,0.000110212888232,,178.712966,6.931977,-88.694030,250000,100.000000,0,20.000000,0.107558,87.406990,0,1,25.000000,0.313610,6.924880,0.015516,10000
848,51.126067,Series RL,0.318377,0.000109948738773,,164.720596,6.915615,-102.640724,250000,100.000000,0,20.000000,0.107302,87.361312,0,1,25.000000,0.318377,6.908283,0.015516,10000
849,51.194229,Series RL,0.302002,0.000110598918546,,-40.542453,6.955695,51.945995,250000,100.000000,0,20.000000,0.107893,87.511550,0,1,25.000000,0.302002,6.949135,0.015511,10000
850,51.258882,Series RL,0.261266,0.000110630081084,,-104.716827,6.956001,-12.564305,250000,100.000000,0,20.000000,0.107915,87.847473,0,1,25.000000,0.261266,6.951093,0.015514,10000
851,51.322140,Series RL,0.287061,0.00011074973377,,-3.139284,6.964529,89.222976,250000,100.000000,0,20.000000,0.108027,87.637741,0,1,25.000000,0.287061,6.958611,0.015511,10000
852,51.385975,Series RL,0.271795,0.000110625401929,,-174.759780,6.956111,-82.520492,250000,100.000000,0,20.000000,0.107943,87.760719,0,1,25.000000,0.271795,6.950799,0.015518,10000
853,51.450432,Series RL,0.283659,0.000110901042375,,-59.943977,6.973889,32.387142,250000,100.000000,0,20.000000,0.108180,87.668884,0,1,25.000000,0.283659,6.968118,0.015512,10000
854,51.515181,Series RL,0.286049,0.000110930677025,,-30.998311,6.975847,61.351806,250000,100.000000,0,20.000000,0.108206,87.649887,0,1,25.000000,0.286049,6.969980,0.015511,10000
855,51.578907,Series RL,0.289870,0.00011057552277,,25.065832,6.953709,117.454933,250000,100.000000,0,20.000000,0.107863,87.610900,0,1,25.000000,0.289870,6.947665,0.015512,10000
856,51.644831,Series RL,0.323536,0.000110644229959,,62.335628,6.959506,155.000183,250000,100.000000,0,20.000000,0.107951,87.335449,0,1,25.000000,0.323536,6.951982,0.015511,10000
857,51.708936,Series RL,0.318590,0.000109787610308,,150.389038,6.905512,-116.966629,250000,100.000000,0,20.000000,0.107139,87.355682,0,1,25.000000,0.318590,6.898159,0.015515,10000
858,51.772172,Series RL,0.282546,0.000110082858643,,-158.636856,6.922479,-66.297622,250000,100.000000,0,20.000000,0.107413,87.660781,0,1,25.000000,0.282546,6.916710,0.015516,10000
859,51.835598,Series RL,0.283454,0.000110636526859,,-18.206405,6.957274,74.128585,250000,100.000000,0,20.000000,0.107897,87.665008,0,1,25.000000,0.283454,6.951498,0.015509,10000
860,51.899029,Series RL,0.325932,0.000110092964982,,7.848680,6.925019,100.546356,250000,100.000000,0,20.000000,0.107420,87.302330,0,1,25.000000,0.325932,6.917345,0.015512,10000
861,51.964252,Series RL,0.309008,0.000110436675997,,176.221969,6.945817,-91.228202,250000,100.000000,0,20.000000,0.107761,87.450157,0,1,25.000000,0.309008,6.938941,0.015515,10000
862,52.030117,Series RL,0.301908,0.000110139310902,,-107.351097,6.926839,-14.853055,250000,100.000000,0,20.000000,0.107465,87.501953,0,1,25.000000,0.301908,6.920257,0.015514,10000
863,52.096385,Series RL,0.325422,0.000109790554675,,107.312858,6.906015,-159.986282,250000,100.000000,0,20.000000,0.107152,87.299133,0,1,25.000000,0.325422,6.898344,0.015516,10000
864,52.162721,Series RL,0.275716,0.00011057876953,,10.685206,6.953338,102.957710,250000,100.000000,0,20.000000,0.107853,87.727493,0,1,25.000000,0.275716,6.947869,0.015511,10000
865,52.227302,Series RL,0.294681,0.000110092487517,,142.891540,6.923589,-124.669075,250000,100.000000,0,20.000000,0.107428,87.560646,0,1,25.000000,0.294681,6.917315,0.015516,10000
866,52.291889,Series RL,0.304649,0.000110167163017,,70.757194,6.928708,163.277252,250000,100.000000,0,20.000000,0.107476,87.479942,0,1,25.000000,0.304649,6.922007,0.015512,10000
867,52.355487,Series RL,0.335311,0.000109972150465,,6.796325,6.917885,99.574554,250000,100.000000,0,20.000000,0.107303,87.221771,0,1,25.000000,0.335311,6.909754,0.015511,10000
868,52.422076,Series RL,0.280784,0.000110761686307,,-32.561656,6.965024,59.748760,250000,100.000000,0,20.000000,0.108037,87.689582,0,1,25.000000,0.280784,6.959362,0.015511,10000
869,52.485902,Series RL,0.292458,0.000110255303024,,-57.778652,6.933716,34.638751,250000,100.000000,0,20.000000,0.107553,87.582603,0,1,25.000000,0.292458,6.927545,0.015512,10000
870,52.552433,Series RL,0.315466,0.000110293181901,,44.563949,6.937102,137.170379,250000,100.000000,0,20.000000,0.107600,87.393562,0,1,25.000000,0.315466,6.929925,0.015511,10000
871,52.619258,Series RL,0.322889,0.000110754094616,,-25.438518,6.966372,67.218070,250000,100.000000,0,20.000000,0.108049,87.343399,0,1,25.000000,0.322889,6.958885,0.015510,10000
872,52.691620,Series RL,0.286850,0.000110471308113,,-127.305686,6.947041,-34.939224,250000,100.000000,0,20.000000,0.107786,87.633529,0,1,25.000000,0.286850,6.941117,0.015515,10000
873,52.757089,Series RL,0.265811,0.000110286815703,,111.180671,6.934621,-156.622604,250000,100.000000,0,20.000000,0.107580,87.803253,0,1,25.000000,0.265811,6.929525,0.015513,10000
874,52.822113,Series RL,0.301566,0.000110270916124,,41.861824,6.935086,134.354064,250000,100.000000,0,20.000000,0.107561,87.507766,0,1,25.000000,0.301566,6.928526,0.015510,10000
875,52.886262,Series RL,0.304564,0.000109971768493,,100.263748,6.916439,-167.212432,250000,100.000000,0,20.000000,0.107288,87.476173,0,1,25.000000,0.304564,6.909730,0.015512,10000
876,52.954426,Series RL,0.313586,0.000110765617434,,-68.189750,6.966670,24.390142,250000,100.000000,0,20.000000,0.108069,87.420104,0,1,25.000000,0.313586,6.959609,0.015512,10000
877,53.021289,Series RL,0.312055,0.000110355793455,,147.335128,6.940878,-120.088043,250000,100.000000,0,20.000000,0.107684,87.423164,0,1,25.000000,0.312055,6.933859,0.015514,10000
878,53.088608,Series RL,0.304518,0.00011031667317,,13.419431,6.938087,105.934989,250000,100.000000,0,20.000000,0.107610,87.484428,0,1,25.000000,0.304518,6.931401,0.015510,10000
879,53.154654,Series RL,0.294840,0.000110248459362,,160.790084,6.933387,-106.772674,250000,100.000000,0,20.000000,0.107586,87.562774,0,1,25.000000,0.294840,6.927115,0.015517,10000
880,53.220868,Series RL,0.309699,0.000109962919478,,-93.367988,6.916111,-0.801455,250000,100.000000,0,20.000000,0.107303,87.433471,0,1,25.000000,0.309699,6.909174,0.015515,10000
881,53.286305,Series RL,0.302137,0.000110569395304,,-29.895793,6.953846,62.594436,250000,100.000000,0,20.000000,0.107859,87.509773,0,1,25.000000,0.302137,6.947280,0.015511,10000
882,53.350644,Series RL,0.315598,0.000109887161725,,51.095798,6.911623,143.712936,250000,100.000000,0,20.000000,0.107221,87.382850,0,1,25.000000,0.315598,6.904414,0.015513,10000
883,53.414206,Series RL,0.261560,0.000110500226566,,-119.466514,6.947859,-27.309038,250000,100.000000,0,20.000000,0.107793,87.842529,0,1,25.000000,0.261560,6.942934,0.015515,10000
884,53.479452,Series RL,0.301163,0.000110230029219,,56.441562,6.932502,148.931411,250000,100.000000,0,20.000000,0.107540,87.510154,0,1,25.000000,0.301163,6.925957,0.015512,10000
885,53.543769,Series RL,0.319298,0.000110766811096,,-68.567466,6.967004,24.059320,250000,100.000000,0,20.000000,0.108063,87.373214,0,1,25.000000,0.319298,6.959684,0.015511,10000
886,53.608835,Series RL,0.315540,0.000110881386739,,-52.929775,6.974025,39.663459,250000,100.000000,0,20.000000,0.108190,87.406761,0,1,25.000000,0.315540,6.966883,0.015513,10000
887,53.675050,Series RL,0.296314,0.000109960277506,,152.236221,6.915359,-115.307960,250000,100.000000,0,20.000000,0.107299,87.544204,0,1,25.000000,0.296314,6.909008,0.015516,10000
888,53.740441,Series RL,0.287724,0.000110360329371,,-128.518341,6.940111,-36.142280,250000,100.000000,0,20.000000,0.107685,87.623947,0,1,25.000000,0.287724,6.934144,0.015516,10000
889,53.804703,Series RL,0.304279,0.00011054881657,,-54.715980,6.952649,37.792346,250000,100.000000,0,20.000000,0.107830,87.491676,0,1,25.000000,0.304279,6.945987,0.015509,10000
890,53.868531,Series RL,0.289147,0.000110699759118,,54.675792,6.961479,147.056274,250000,100.000000,0,20.000000,0.107985,87.619514,0,1,25.000000,0.289147,6.955471,0.015512,10000
891,53.931931,Series RL,0.273562,0.000110279017111,,111.271080,6.934432,-156.468048,250000,100.000000,0,20.000000,0.107547,87.739105,0,1,25.000000,0.273562,6.929035,0.015509,10000
892,53.997147,Series RL,0.262638,0.000110452320928,,-176.638687,6.944892,-84.471389,250000,100.000000,0,20.000000,0.107739,87.832702,0,1,25.000000,0.262638,6.939924,0.015513,10000
893,54.060747,Series RL,0.319383,0.000110165889777,,-138.320419,6.929292,-45.678623,250000,100.000000,0,20.000000,0.107502,87.358200,0,1,25.000000,0.319383,6.921927,0.015514,10000
894,54.125865,Series RL,0.271806,0.000110749144897,,-175.702194,6.963881,-83.465324,250000,100.000000,0,20.000000,0.108051,87.763130,0,1,25.000000,0.271806,6.958574,0.015516,10000
895,54.191920,Series RL,0.314927,0.00011031165979,,-49.519138,6.938237,43.082416,250000,100.000000,0,20.000000,0.107624,87.398445,0,1,25.000000,0.314927,6.931086,0.015512,10000
896,54.255488,Series RL,0.303153,0.00011027255542,,145.408218,6.935258,-122.086486,250000,100.000000,0,20.000000,0.107590,87.494689,0,1,25.000000,0.303153,6.928629,0.015513,10000
897,54.319924,Series RL,0.294654,0.000110708608133,,25.277294,6.962265,117.702865,250000,100.000000,0,20.000000,0.107993,87.574424,0,1,25.000000,0.294654,6.956027,0.015511,10000
898,54.383684,Series RL,0.300127,0.000110034316386,,152.348892,6.920171,-115.165405,250000,100.000000,0,20.000000,0.107361,87.514312,0,1,25.000000,0.300127,6.913660,0.015514,10000
899,54.448527,Series RL,0.312337,0.0001106513601,,-25.810762,6.959442,66.761512,250000,100.000000,0,20.000000,0.107956,87.427719,0,1,25.000000,0.312337,6.952430,0.015512,10000
900,54.512849,Series RL,0.293868,0.000110241170065,,157.250732,6.932888,-110.319900,250000,100.000000,0,20.000000,0.107554,87.570640,0,1,25.000000,0.293868,6.926657,0.015514,10000
901,54.577795,Series RL,0.298989,0.000110636908831,,-126.630836,6.957949,-34.168018,250000,100.000000,0,20.000000,0.107949,87.537185,0,1,25.000000,0.298989,6.951522,0.015514,10000
902,54.643368,Series RL,0.290416,0.000110640633057,,24.889820,6.957819,117.282028,250000,100.000000,0,20.000000,0.107900,87.607803,0,1,25.000000,0.290416,6.951756,0.015508,10000
903,54.708084,Series RL,0.288712,0.000110964370127,,-32.155487,6.978073,60.215751,250000,100.000000,0,20.000000,0.108233,87.628753,0,1,25.000000,0.288712,6.972097,0.015510,10000
904,54.772744,Series RL,0.309501,0.000110476560226,,-12.255798,6.948344,80.297180,250000,100.000000,0,20.000000,0.107764,87.447021,0,1,25.000000,0.309501,6.941447,0.015509,10000
905,54.836685,Series RL,0.310678,0.000109910971305,,179.845642,6.912895,-87.578498,250000,100.000000,0,20.000000,0.107262,87.424156,0,1,25.000000,0.310678,6.905910,0.015516,10000
906,54.899465,Series RL,0.316021,0.000110695891653,,-40.107387,6.962404,52.494140,250000,100.000000,0,20.000000,0.107984,87.398468,0,1,25.000000,0.316021,6.955228,0.015510,10000
907,54.967189,Series RL,0.303484,0.000110890967867,,-82.049736,6.974091,10.444343,250000,100.000000,0,20.000000,0.108181,87.505928,0,1,25.000000,0.303484,6.967485,0.015512,10000
908,55.033999,Series RL,0.311583,0.00011027898528,,44.695053,6.936035,137.269775,250000,100.000000,0,20.000000,0.107569,87.425270,0,1,25.000000,0.311583,6.929033,0.015509,10000
909,55.100694,Series RL,0.308582,0.000109962330605,,66.102714,6.916025,158.660018,250000,100.000000,0,20.000000,0.107264,87.442703,0,1,25.000000,0.308582,6.909137,0.015509,10000
910,55.165194,Series RL,0.336949,0.000110137528366,,20.712003,6.928344,113.499588,250000,100.000000,0,20.000000,0.107452,87.212409,0,1,25.000000,0.336949,6.920145,0.015509,10000
911,55.229548,Series RL,0.316153,0.000110237175276,,44.057178,6.933618,136.670608,250000,100.000000,0,20.000000,0.107533,87.386573,0,1,25.000000,0.316153,6.926406,0.015509,10000
912,55.294859,Series RL,0.278676,0.000110598122772,,-131.430191,6.954671,-39.133701,250000,100.000000,0,20.000000,0.107892,87.703521,0,1,25.000000,0.278676,6.949085,0.015514,10000
913,55.360962,Series RL,0.323305,0.000110717059261,,-67.065040,6.964066,25.595851,250000,100.000000,0,20.000000,0.108019,87.339096,0,1,25.000000,0.323305,6.956558,0.015511,10000
914,55.424230,Series RL,0.278604,0.000110140775127,,-163.550354,6.925955,-71.244941,250000,100.000000,0,20.000000,0.107445,87.694595,0,1,25.000000,0.278604,6.920349,0.015513,10000
915,55.493168,Series RL,0.322450,0.000110027090751,,150.357101,6.920722,-116.972419,250000,100.000000,0,20.000000,0.107369,87.329513,0,1,25.000000,0.322450,6.913206,0.015514,10000
916,55.559642,Series RL,0.303273,0.000110457732196,,-55.965278,6.946887,36.536819,250000,100.000000,0,20.000000,0.107743,87.497901,0,1,25.000000,0.303273,6.940264,0.015509,10000
917,55.624299,Series RL,0.300503,0.000110065956388,,-122.078170,6.922173,-29.590078,250000,100.000000,0,20.000000,0.107397,87.511909,0,1,25.000000,0.300503,6.915648,0.015515,10000
918,55.689363,Series RL,0.333608,0.000110115740055,,63.581752,6.926815,156.342285,250000,100.000000,0,20.000000,0.107452,87.239463,0,1,25.000000,0.333608,6.918776,0.015513,10000
919,55.753550,Series RL,0.282559,0.000110965834352,,-60.741943,6.977912,31.578792,250000,100.000000,0,20.000000,0.108252,87.679267,0,1,25.000000,0.282559,6.972189,0.015514,10000
920,55.819447,Series RL,0.308408,0.000110480634593,,176.049728,6.948551,-91.406417,250000,100.000000,0,20.000000,0.107805,87.456115,0,1,25.000000,0.308408,6.941703,0.015515,10000
921,55.882381,Series RL,0.279732,0.000110879078993,,-60.076293,6.972352,32.223045,250000,100.000000,0,20.000000,0.108163,87.700668,0,1,25.000000,0.279732,6.966738,0.015513,10000
922,55.949194,Series RL,0.300481,0.000110382897542,,-71.155265,6.942068,21.325508,250000,100.000000,0,20.000000,0.107682,87.519226,0,1,25.000000,0.300481,6.935562,0.015512,10000
923,56.012647,Series RL,0.315390,0.000110213540767,,22.709476,6.932100,115.317169,250000,100.000000,0,20.000000,0.107522,87.392311,0,1,25.000000,0.315390,6.924921,0.015511,10000
924,56.079186,Series RL,0.312038,0.00011057167122,,-124.621047,6.954427,-32.049373,250000,100.000000,0,20.000000,0.107903,87.428329,0,1,25.000000,0.312038,6.947423,0.015516,10000
925,56.143721,Series RL,0.324630,0.000110866139696,,3.694563,6.973485,96.362770,250000,100.000000,0,20.000000,0.108163,87.331794,0,1,25.000000,0.324630,6.965925,0.015511,10000
926,56.208882,Series RL,0.335433,0.000110209195837,,91.865890,6.932767,-175.360809,250000,100.000000,0,20.000000,0.107537,87.226730,0,1,25.000000,0.335433,6.924648,0.015511,10000
927,56.271867,Series RL,0.287423,0.000111038488584,,-32.604286,6.982672,59.754814,250000,100.000000,0,20.000000,0.108309,87.640907,0,1,25.000000,0.287423,6.976754,0.015511,10000
928,56.337442,Series RL,0.280582,0.000111096452814,,-60.894439,6.986033,31.407369,250000,100.000000,0,20.000000,0.108380,87.698188,0,1,25.000000,0.280582,6.980396,0.015514,10000
929,56.400856,Series RL,0.305011,0.000110723059402,,-58.894641,6.963618,33.615753,250000,100.000000,0,20.000000,0.108003,87.489601,0,1,25.000000,0.305011,6.956935,0.015510,10000
930,56.467310,Series RL,0.271325,0.000110800154056,,-117.483512,6.967064,-25.251617,250000,100.000000,0,20.000000,0.108088,87.768112,0,1,25.000000,0.271325,6.961779,0.015514,10000
931,56.532005,Series RL,0.329959,0.000110280338097,,59.442855,6.936969,152.169174,250000,100.000000,0,20.000000,0.107606,87.273674,0,1,25.000000,0.329959,6.929118,0.015512,10000
932,56.597929,Series RL,0.288939,0.000110760906447,,40.816802,6.965309,133.194259,250000,100.000000,0,20.000000,0.108038,87.622543,0,1,25.000000,0.288939,6.959313,0.015511,10000
933,56.663090,Series RL,0.270249,0.000110828276735,,-147.092086,6.968788,-54.869606,250000,100.000000,0,20.000000,0.108128,87.777511,0,1,25.000000,0.270249,6.963546,0.015516,10000
934,56.728318,Series RL,0.299479,0.000110613592632,,38.731307,6.956507,131.198669,250000,100.000000,0,20.000000,0.107910,87.532638,0,1,25.000000,0.299479,6.950057,0.015512,10000
935,56.792125,Series RL,0.314724,0.000110300327958,,85.341773,6.937516,177.941925,250000,100.000000,0,20.000000,0.107605,87.399848,0,1,25.000000,0.314724,6.930374,0.015511,10000
936,56.855388,Series RL,0.286353,0.000110028602723,,138.747772,6.919229,-128.880371,250000,100.000000,0,20.000000,0.107332,87.628128,0,1,25.000000,0.286353,6.913301,0.015512,10000
937,56.919694,Series RL,0.329354,0.00011055877967,,5.343772,6.954416,98.058258,250000,100.000000,0,20.000000,0.107864,87.285514,0,1,25.000000,0.329354,6.946613,0.015510,10000
938,56.982914,Series RL,0.317995,0.000110260045841,,14.350243,6.935137,106.978340,250000,100.000000,0,20.000000,0.107562,87.371902,0,1,25.000000,0.317995,6.927843,0.015510,10000
939,57.048848,Series RL,0.326415,0.000110577257559,,74.836570,6.955438,167.526428,250000,100.000000,0,20.000000,0.107888,87.310150,0,1,25.000000,0.326415,6.947774,0.015511,10000
940,57.114035,Series RL,0.298130,0.000110178049215,,-143.622604,6.929108,-51.156646,250000,100.000000,0,20.000000,0.107510,87.534042,0,1,25.000000,0.298130,6.922691,0.015516,10000
941,57.179542,Series RL,0.300484,0.000110389566134,,-158.937774,6.942487,-66.457122,250000,100.000000,0,20.000000,0.107725,87.519355,0,1,25.000000,0.300484,6.935981,0.015517,10000
942,57.244263,Series RL,0.291943,0.000110620754604,,-159.836486,6.956635,-67.431304,250000,100.000000,0,20.000000,0.107934,87.594810,0,1,25.000000,0.291943,6.950507,0.015515,10000
943,57.307658,Series RL,0.330018,0.000110298991056,,-79.604042,6.938143,13.122301,250000,100.000000,0,20.000000,0.107638,87.273658,0,1,25.000000,0.330018,6.930290,0.015514,10000
944,57.372379,Series RL,0.327832,0.000110403094304,,-94.681655,6.944573,-1.975892,250000,100.000000,0,20.000000,0.107736,87.294227,0,1,25.000000,0.327832,6.936831,0.015514,10000
945,57.436003,Series RL,0.337947,0.000110091055123,,-36.175060,6.925476,56.621959,250000,100.000000,0,20.000000,0.107422,87.202987,0,1,25.000000,0.337947,6.917225,0.015511,10000
946,57.500545,Series RL,0.304027,0.000110616903055,,98.411605,6.956912,-169.083709,250000,100.000000,0,20.000000,0.107924,87.495292,0,1,25.000000,0.304027,6.950265,0.015513,10000
947,57.565775,Series RL,0.278269,0.000110941770125,,-147.774200,6.976230,-55.488162,250000,100.000000,0,20.000000,0.108227,87.713973,0,1,25.000000,0.278269,6.970677,0.015514,10000
948,57.631584,Series RL,0.312777,0.000110071717797,,-78.421165,6.923079,14.168272,250000,100.000000,0,20.000000,0.107393,87.410552,0,1,25.000000,0.312777,6.916010,0.015512,10000
949,57.694798,Series RL,0.296954,0.000110964927169,,-45.288696,6.978453,47.150154,250000,100.000000,0,20.000000,0.108254,87.561149,0,1,25.000000,0.296954,6.972132,0.015513,10000
950,57.760167,Series RL,0.292506,0.000110329150918,,114.289718,6.938353,-153.294097,250000,100.000000,0,20.000000,0.107649,87.583816,0,1,25.000000,0.292506,6.932185,0.015515,10000
951,57.824273,Series RL,0.272114,0.000110728550247,,-105.345970,6.962600,-13.106144,250000,100.000000,0,20.000000,0.108022,87.760177,0,1,25.000000,0.272114,6.957280,0.015515,10000
952,57.887810,Series RL,0.305267,0.000110347310497,,-85.466239,6.940043,7.054805,250000,100.000000,0,20.000000,0.107665,87.478950,0,1,25.000000,0.305267,6.933326,0.015514,10000
953,57.954291,Series RL,0.319935,0.00011061384728,,45.702178,6.957433,138.337829,250000,100.000000,0,20.000000,0.107912,87.364349,0,1,25.000000,0.319935,6.950073,0.015510,10000
954,58.021368,Series RL,0.325076,0.000110104424138,,-50.192050,6.925698,42.498264,250000,100.000000,0,20.000000,0.107436,87.309677,0,1,25.000000,0.325076,6.918065,0.015513,10000
955,58.086367,Series RL,0.323321,0.000110902586178,,-81.909111,6.975712,10.747482,250000,100.000000,0,20.000000,0.108213,87.343414,0,1,25.000000,0.323321,6.968215,0.015513,10000
956,58.152605,Series RL,0.314469,0.00011092970618,,-54.311367,6.977010,38.271957,250000,100.000000,0,20.000000,0.108221,87.416679,0,1,25.000000,0.314469,6.969919,0.015511,10000
957,58.218608,Series RL,0.330049,0.00011001755737,,51.578662,6.920482,144.312240,250000,100.000000,0,20.000000,0.107348,87.266426,0,1,25.000000,0.330049,6.912607,0.015512,10000
958,58.282567,Series RL,0.312699,0.000110410224446,,103.251525,6.944323,-164.167602,250000,100.000000,0,20.000000,0.107710,87.419120,0,1,25.000000,0.312699,6.937279,0.015510,10000
959,58.344745,Series RL,0.293582,0.000110931616039,,-132.201736,6.976219,-39.789821,250000,100.000000,0,20.000000,0.108248,87.588088,0,1,25.000000,0.293582,6.970039,0.015517,10000
960,58.410525,Series RL,0.293837,0.000110825953073,,-146.036148,6.969597,-53.619846,250000,100.000000,0,20.000000,0.108150,87.583709,0,1,25.000000,0.293837,6.963400,0.015517,10000
961,58.474190,Series RL,0.291337,0.000110207652034,,144.117401,6.930677,-123.473396,250000,100.000000,0,20.000000,0.107519,87.590812,0,1,25.000000,0.291337,6.924551,0.015514,10000
962,58.542226,Series RL,0.323350,0.000110141093437,,-21.149648,6.927919,71.525520,250000,100.000000,0,20.000000,0.107452,87.324829,0,1,25.000000,0.323350,6.920369,0.015510,10000
963,58.609147,Series RL,0.298182,0.000110491138819,,142.738723,6.948763,-124.801872,250000,100.000000,0,20.000000,0.107813,87.540588,0,1,25.000000,0.298182,6.942363,0.015515,10000
964,58.676452,Series RL,0.297733,0.000110305405,,-92.043777,6.937085,0.416061,250000,100.000000,0,20.000000,0.107619,87.540161,0,1,25.000000,0.297733,6.930693,0.015514,10000
965,58.738776,Series RL,0.292478,0.000110969717733,,-60.748653,6.978565,31.653358,250000,100.000000,0,20.000000,0.108248,87.597976,0,1,25.000000,0.292478,6.972433,0.015512,10000
966,58.802335,Series RL,0.331051,0.000110254475418,,-36.168930,6.935399,56.567050,250000,100.000000,0,20.000000,0.107574,87.264022,0,1,25.000000,0.331051,6.927493,0.015511,10000
967,58.866423,Series RL,0.278777,0.000110746598418,,-176.027648,6.963996,-83.733421,250000,100.000000,0,20.000000,0.108047,87.705764,0,1,25.000000,0.278777,6.958414,0.015515,10000
968,58.931688,Series RL,0.308370,0.00011006616329,,86.837821,6.922533,179.390945,250000,100.000000,0,20.000000,0.107361,87.446868,0,1,25.000000,0.308370,6.915661,0.015509,10000
969,59.006010,Series RL,0.296014,0.00011044560459,,9.160822,6.945812,101.603370,250000,100.000000,0,20.000000,0.107711,87.557449,0,1,25.000000,0.296014,6.939502,0.015507,10000
970,59.075039,Series RL,0.321877,0.000110613146998,,74.950355,6.957479,167.602005,250000,100.000000,0,20.000000,0.107913,87.348350,0,1,25.000000,0.321877,6.950029,0.015510,10000
971,59.141267,Series RL,0.286472,0.000110701684893,,-131.155975,6.961489,-38.797531,250000,100.000000,0,20.000000,0.108024,87.641555,0,1,25.000000,0.286472,6.955592,0.015517,10000
972,59.206874,Series RL,0.305725,0.00011080123631,,-69.700683,6.968557,22.813810,250000,100.000000,0,20.000000,0.108082,87.485511,0,1,25.000000,0.305725,6.961847,0.015510,10000
973,59.270290,Series RL,0.315680,0.000110932220828,,-82.793777,6.977221,9.799418,250000,100.000000,0,20.000000,0.108227,87.406806,0,1,25.000000,0.315680,6.970077,0.015511,10000
974,59.339592,Series RL,0.307403,0.000110309845423,,8.931866,6.937785,101.471397,250000,100.000000,0,20.000000,0.107603,87.460479,0,1,25.000000,0.307403,6.930972,0.015510,10000
975,59.404757,Series RL,0.309071,0.000110822165185,,12.699254,6.970018,105.240753,250000,100.000000,0,20.000000,0.108117,87.458503,0,1,25.000000,0.309071,6.963162,0.015512,10000
976,59.470072,Series RL,0.284983,0.00011047523924,,-77.286178,6.947212,15.064830,250000,100.000000,0,20.000000,0.107768,87.648994,0,1,25.000000,0.284983,6.941364,0.015512,10000
977,59.534649,Series RL,0.320243,0.000110898352656,,3.106740,6.975305,95.738174,250000,100.000000,0,20.000000,0.108183,87.368568,0,1,25.000000,0.320243,6.967949,0.015509,10000
978,59.602919,Series RL,0.277556,0.000111016732103,,-118.287750,6.980906,-26.009115,250000,100.000000,0,20.000000,0.108305,87.721359,0,1,25.000000,0.277556,6.975387,0.015514,10000
979,59.669341,Series RL,0.311064,0.000110775739688,,-154.634567,6.967193,-62.075626,250000,100.000000,0,20.000000,0.108090,87.441070,0,1,25.000000,0.311064,6.960245,0.015514,10000
980,59.733191,Series RL,0.320740,0.000110690082498,,-124.141250,6.962255,-31.500787,250000,100.000000,0,20.000000,0.108012,87.359535,0,1,25.000000,0.320740,6.954863,0.015514,10000
981,59.796992,Series RL,0.293138,0.000110935435758,,39.510528,6.976440,131.918701,250000,100.000000,0,20.000000,0.108218,87.591819,0,1,25.000000,0.293138,6.970279,0.015512,10000
982,59.861711,Series RL,0.341153,0.00011075987194,,-9.116449,6.967605,83.690025,250000,100.000000,0,20.000000,0.108068,87.193511,0,1,25.000000,0.341153,6.959248,0.015510,10000
983,59.924627,Series RL,0.311296,0.000110388229233,,85.547866,6.942879,178.117691,250000,100.000000,0,20.000000,0.107689,87.430175,0,1,25.000000,0.311296,6.935897,0.015511,10000
984,59.993196,Series RL,0.286760,0.000110863672794,,-160.242721,6.971670,-67.885353,250000,100.000000,0,20.000000,0.108177,87.642623,0,1,25.000000,0.286760,6.965770,0.015517,10000
985,60.058002,Series RL,0.325892,0.000109960213844,,36.670997,6.916686,129.371597,250000,100.000000,0,20.000000,0.107287,87.299407,0,1,25.000000,0.325892,6.909004,0.015511,10000
986,60.124233,Series RL,0.337303,0.000110294789366,,35.156532,6.938230,127.943077,250000,100.000000,0,20.000000,0.107621,87.213455,0,1,25.000000,0.337303,6.930026,0.015511,10000
987,60.191929,Series RL,0.276828,0.000110642590663,,139.671646,6.957388,-128.047988,250000,100.000000,0,20.000000,0.107925,87.719657,0,1,25.000000,0.276828,6.951879,0.015512,10000
988,60.257134,Series RL,0.286008,0.000110795379408,,125.951667,6.967352,-141.695709,250000,100.000000,0,20.000000,0.108062,87.647361,0,1,25.000000,0.286008,6.961479,0.015510,10000
989,60.322437,Series RL,0.284185,0.000110784620534,,170.447357,6.966602,-97.214736,250000,100.000000,0,20.000000,0.108070,87.662109,0,1,25.000000,0.284185,6.960803,0.015513,10000
990,60.384665,Series RL,0.327455,0.000110427333602,,-108.726562,6.946077,-16.024505,250000,100.000000,0,20.000000,0.107765,87.297943,0,1,25.000000,0.327455,6.938354,0.015515,10000
991,60.448495,Series RL,0.315879,0.00011087530702,,-40.646148,6.973659,51.950008,250000,100.000000,0,20.000000,0.108149,87.403831,0,1,25.000000,0.315879,6.966501,0.015508,10000
992,60.513929,Series RL,0.332633,0.000110061309064,,7.781506,6.923351,100.535346,250000,100.000000,0,20.000000,0.107362,87.246154,0,1,25.000000,0.332633,6.915356,0.015507,10000
993,60.578745,Series RL,0.298711,0.000109980092297,,-178.724533,6.916706,-86.249328,250000,100.000000,0,20.000000,0.107297,87.524803,0,1,25.000000,0.298711,6.910253,0.015513,10000
994,60.644168,Series RL,0.301345,0.000110139661043,,-171.753829,6.926837,-79.260429,250000,100.000000,0,20.000000,0.107463,87.506607,0,1,25.000000,0.301345,6.920279,0.015514,10000
995,60.712145,Series RL,0.282643,0.000110729839402,,-76.813232,6.963100,15.513127,250000,100.000000,0,20.000000,0.108005,87.673645,0,1,25.000000,0.282643,6.957361,0.015511,10000
996,60.777765,Series RL,0.313444,0.000110858325188,,-154.609451,6.972483,-62.032875,250000,100.000000,0,20.000000,0.108168,87.423439,0,1,25.000000,0.313444,6.965434,0.015514,10000
997,60.841394,Series RL,0.301981,0.00011026771711,,-114.749595,6.934903,-22.253845,250000,100.000000,0,20.000000,0.107570,87.504257,0,1,25.000000,0.301981,6.928325,0.015511,10000
998,60.905671,Series RL,0.299817,0.000110710167852,,-4.916354,6.962584,87.551635,250000,100.000000,0,20.000000,0.107964,87.532012,0,1,25.000000,0.299817,6.956125,0.015506,10000
999,60.970538,Series RL,0.333479,0.000110852579695,,3.310088,6.973052,96.051246,250000,100.000000,0,20.000000,0.108114,87.258842,0,1,25.000000,0.333479,6.965073,0.015505,10000
1000,61.022828,Series RL,0.304803,0.000110743415319,,-155.301712,6.964887,-62.793479,250000,100.000000,0,20.000000,0.108034,87.491775,0,1,25.000000,0.304803,6.958214,0.015511,10000
