index,elapsed_s,model,series_r,series_l,series_c,impedance_imag_ohm,phase_diff_deg,current_phase_deg,sample_rate_hz,current_amplitude_a,samples_per_period,voltage_pga,impedance_mag_ohm,voltage_amplitude_v,shunt_resistance_ohm,voltage_phase_deg,current_pga,dds_frequency_hz,shunt_range,impedance_real_ohm,captured_cycles
1,0.060540,Series RL,0.311812,0.00011061289235,,6.950013,87.431152,-148.160964,250000,0.013031,25.000000,1,6.957004,0.090657,100.000000,119.270149,0,10000,0,0.311812,20.000000
2,0.128757,Series RL,0.303694,0.000110244942037,,6.926894,87.489601,106.993896,250000,0.013028,25.000000,1,6.933548,0.090330,100.000000,14.483497,0,10000,0,0.303694,20.000000
3,0.202213,Series RL,0.291406,0.000110822897298,,6.963208,87.603599,-26.489269,250000,0.013032,25.000000,1,6.969303,0.090822,100.000000,-118.885665,0,10000,0,0.291406,20.000000
4,0.258287,Series RL,0.283914,0.000110549930655,,6.946057,87.659378,-113.221313,250000,0.013035,25.000000,1,6.951857,0.090615,100.000000,154.438095,0,10000,0,0.283914,20.000000
5,0.313025,Series RL,0.326651,0.000110181184567,,6.922888,87.298545,170.697433,250000,0.013032,25.000000,1,6.930591,0.090322,100.000000,77.995979,0,10000,0,0.326651,20.000000
6,0.367994,Series RL,0.302585,0.000111134236197,,6.982770,87.518753,23.901445,250000,0.013030,25.000000,1,6.989323,0.091074,100.000000,-68.579803,0,10000,0,0.302585,20.000000
7,0.422465,Series RL,0.315811,0.000110825157298,,6.963350,87.403221,-177.084167,250000,0.013033,25.000000,1,6.970508,0.090845,100.000000,90.319046,0,10000,0,0.315811,20.000000
8,0.477225,Series RL,0.333137,0.000110318025987,,6.931486,87.248397,56.795490,250000,0.013032,25.000000,1,6.939487,0.090438,100.000000,-35.956111,0,10000,0,0.333137,20.000000
9,0.531771,Series RL,0.292173,0.000110966916606,,6.972257,87.600418,47.262916,250000,0.013029,25.000000,1,6.978376,0.090918,100.000000,-45.136665,0,10000,0,0.292173,20.000000
10,0.587563,Series RL,0.325010,0.000110667371087,,6.953436,87.323890,-148.080520,250000,0.013033,25.000000,1,6.961027,0.090722,100.000000,119.243377,0,10000,0,0.325010,20.000000
11,0.642150,Series RL,0.312060,0.000111047146613,,6.977298,87.439155,38.677532,250000,0.013029,25.000000,1,6.984273,0.090999,100.000000,-53.883327,0,10000,0,0.312060,20.000000
12,0.720334,Series RL,0.333902,0.000110714990246,,6.956428,87.251960,97.582252,250000,0.013030,25.000000,1,6.964437,0.090744,100.000000,4.834212,0,10000,0,0.333902,20.000000
13,0.777464,Series RL,0.289936,0.000110260937109,,6.927899,87.603538,-122.820693,250000,0.013035,25.000000,1,6.933963,0.090382,100.000000,144.782836,0,10000,0,0.289936,20.000000
14,0.847849,Series RL,0.337423,0.000110472072057,,6.941165,87.216934,84.612976,250000,0.013030,25.000000,1,6.949362,0.090547,100.000000,-8.170082,0,10000,0,0.337423,20.000000
15,0.917869,Series RL,0.280528,0.000110823884058,,6.963270,87.692985,-67.151107,250000,0.013032,25.000000,1,6.968919,0.090822,100.000000,-159.458129,0,10000,0,0.280528,20.000000
16,0.979016,Series RL,0.312299,0.000110582987136,,6.948134,87.426445,102.924461,250000,0.013030,25.000000,1,6.955149,0.090628,100.000000,10.350914,0,10000,0,0.312299,20.000000
17,1.046455,Series RL,0.313858,0.000110293547957,,6.929948,87.406837,-59.186725,250000,0.013035,25.000000,1,6.937052,0.090424,100.000000,-151.779891,0,10000,0,0.313858,20.000000
18,1.118205,Series RL,0.298010,0.000110704724752,,6.955783,87.546745,-50.080307,250000,0.013033,25.000000,1,6.962164,0.090738,100.000000,-142.533554,0,10000,0,0.298010,20.000000
19,1.174043,Series RL,0.312076,0.00011068516461,,6.954554,87.430656,-148.417266,250000,0.013031,25.000000,1,6.961552,0.090718,100.000000,119.013351,0,10000,0,0.312076,20.000000
20,1.228640,Series RL,0.287219,0.000110793931098,,6.961388,87.637382,-12.221674,250000,0.013037,25.000000,1,6.967311,0.090829,100.000000,-104.584297,0,10000,0,0.287219,20.000000
21,1.283939,Series RL,0.304790,0.000110462443183,,6.940560,87.485511,58.404453,250000,0.013030,25.000000,1,6.947249,0.090521,100.000000,-34.110038,0,10000,0,0.304790,20.000000
22,1.338518,Series RL,0.327436,0.000110941228998,,6.970643,87.310585,11.122185,250000,0.013031,25.000000,1,6.978330,0.090934,100.000000,-81.567230,0,10000,0,0.327436,20.000000
23,1.393053,Series RL,0.306477,0.000110850622089,,6.964950,87.480445,-20.615026,250000,0.013031,25.000000,1,6.971690,0.090849,100.000000,-113.134574,0,10000,0,0.306477,20.000000
24,1.447989,Series RL,0.291892,0.000110379252894,,6.935333,87.589973,178.313003,250000,0.013034,25.000000,1,6.941473,0.090476,100.000000,85.902976,0,10000,0,0.291892,20.000000
25,1.502571,Series RL,0.284426,0.000110741553206,,6.958097,87.659217,-37.720497,250000,0.013034,25.000000,1,6.963908,0.090768,100.000000,-130.061279,0,10000,0,0.284426,20.000000
26,1.557093,Series RL,0.316759,0.00011062850545,,6.950994,87.390815,95.158111,250000,0.013027,25.000000,1,6.958209,0.090641,100.000000,2.548925,0,10000,0,0.316759,20.000000
27,1.611609,Series RL,0.305265,0.00011070353109,,6.955708,87.487075,133.074752,250000,0.013031,25.000000,1,6.962403,0.090725,100.000000,40.561828,0,10000,0,0.305265,20.000000
28,1.666235,Series RL,0.302762,0.000110691817287,,6.954972,87.507392,20.904712,250000,0.013027,25.000000,1,6.961559,0.090690,100.000000,-71.587890,0,10000,0,0.302762,20.000000
29,1.720693,Series RL,0.317067,0.000111103964927,,6.980868,87.399444,9.759057,250000,0.013027,25.000000,1,6.988065,0.091030,100.000000,-82.841499,0,10000,0,0.317067,20.000000
30,1.799953,Series RL,0.307542,0.000110324503593,,6.931893,87.459663,149.716125,250000,0.013034,25.000000,1,6.938712,0.090441,100.000000,57.175788,0,10000,0,0.307542,20.000000
31,1.859005,Series RL,0.313959,0.000111169186623,,6.984966,87.426406,9.525075,250000,0.013030,25.000000,1,6.992018,0.091108,100.000000,-83.048515,0,10000,0,0.313959,20.000000
32,1.939028,Series RL,0.318833,0.000110587873193,,6.948441,87.372787,-132.729705,250000,0.013035,25.000000,1,6.955752,0.090670,100.000000,134.643081,0,10000,0,0.318833,20.000000
33,1.998958,Series RL,0.296984,0.000110432824448,,6.938699,87.549179,-142.255249,250000,0.013032,25.000000,1,6.945052,0.090509,100.000000,125.293922,0,10000,0,0.296984,20.000000
34,2.060770,Series RL,0.328021,0.000110920029559,,6.969311,87.305274,66.870483,250000,0.013027,25.000000,1,6.977026,0.090892,100.000000,-25.824241,0,10000,0,0.328021,20.000000
35,2.126883,Series RL,0.317398,0.000110895058149,,6.967742,87.391838,74.386245,250000,0.013031,25.000000,1,6.974967,0.090892,100.000000,-18.221910,0,10000,0,0.317398,20.000000
36,2.197207,Series RL,0.288593,0.000111049533937,,6.977448,87.631538,75.471427,250000,0.013033,25.000000,1,6.983414,0.091012,100.000000,-16.897022,0,10000,0,0.288593,20.000000
37,2.256991,Series RL,0.320847,0.000110300821338,,6.930405,87.349349,-131.655807,250000,0.013035,25.000000,1,6.937828,0.090433,100.000000,135.693527,0,10000,0,0.320847,20.000000
38,2.311881,Series RL,0.316778,0.000110495467833,,6.942635,87.387527,106.129234,250000,0.013027,25.000000,1,6.949858,0.090537,100.000000,13.516754,0,10000,0,0.316778,20.000000
39,2.366527,Series RL,0.332934,0.000110679291793,,6.954185,87.259033,154.982971,250000,0.013034,25.000000,1,6.962150,0.090747,100.000000,62.242012,0,10000,0,0.332934,20.000000
40,2.421310,Series RL,0.306117,0.000110758009827,,6.959131,87.481300,120.319328,250000,0.013029,25.000000,1,6.965861,0.090755,100.000000,27.800632,0,10000,0,0.306117,20.000000
41,2.475863,Series RL,0.325520,0.000110532423611,,6.944957,87.316429,12.581276,250000,0.013032,25.000000,1,6.952581,0.090604,100.000000,-80.102302,0,10000,0,0.325520,20.000000
42,2.554712,Series RL,0.333984,0.000110918772235,,6.969232,87.256332,68.367370,250000,0.013029,25.000000,1,6.977230,0.090904,100.000000,-24.376295,0,10000,0,0.333984,20.000000
43,2.617919,Series RL,0.332660,0.000110549803331,,6.946049,87.258087,58.262466,250000,0.013031,25.000000,1,6.954010,0.090618,100.000000,-34.479450,0,10000,0,0.332660,20.000000
44,2.673671,Series RL,0.291479,0.000110203864147,,6.924313,87.589546,-94.344200,250000,0.013034,25.000000,1,6.930445,0.090334,100.000000,173.245361,0,10000,0,0.291479,20.000000
45,2.728147,Series RL,0.303641,0.000110660113622,,6.952980,87.499450,-126.664108,250000,0.013035,25.000000,1,6.959607,0.090716,100.000000,140.835311,0,10000,0,0.303641,20.000000
46,2.782667,Series RL,0.334917,0.000110207556541,,6.924545,87.230949,86.444679,250000,0.013031,25.000000,1,6.932640,0.090340,100.000000,-6.324372,0,10000,0,0.334917,20.000000
47,2.838229,Series RL,0.332745,0.000110884569838,,6.967083,87.265647,40.208423,250000,0.013029,25.000000,1,6.975025,0.090881,100.000000,-52.525924,0,10000,0,0.332745,20.000000
48,2.917868,Series RL,0.313657,0.000110616839393,,6.950261,87.416061,167.763549,250000,0.013030,25.000000,1,6.957334,0.090657,100.000000,75.179618,0,10000,0,0.313657,20.000000
49,2.996755,Series RL,0.321832,0.000111153287044,,6.983967,87.361587,53.254146,250000,0.013028,25.000000,1,6.991378,0.091082,100.000000,-39.384269,0,10000,0,0.321832,20.000000
50,3.063786,Series RL,0.316844,0.000110837698707,,6.964138,87.395034,51.367591,250000,0.013026,25.000000,1,6.971342,0.090809,100.000000,-41.237369,0,10000,0,0.316844,20.000000
51,3.135282,Series RL,0.308516,0.000110905610122,,6.968405,87.464965,16.849847,250000,0.013031,25.000000,1,6.975231,0.090897,100.000000,-75.685188,0,10000,0,0.308516,20.000000
52,3.190423,Series RL,0.322534,0.000110534763189,,6.945104,87.341064,29.420089,250000,0.013031,25.000000,1,6.952589,0.090597,100.000000,-63.238845,0,10000,0,0.322534,20.000000
53,3.245166,Series RL,0.302487,0.000110639121085,,6.951661,87.508460,-93.145469,250000,0.013033,25.000000,1,6.958239,0.090686,100.000000,174.362991,0,10000,0,0.302487,20.000000
54,3.299722,Series RL,0.320223,0.000110632102352,,6.951220,87.362403,63.564098,250000,0.013027,25.000000,1,6.958592,0.090649,100.000000,-29.073503,0,10000,0,0.320223,20.000000
55,3.354246,Series RL,0.322324,0.00011041632008,,6.937662,87.339942,-88.506233,250000,0.013035,25.000000,1,6.945145,0.090530,100.000000,178.833724,0,10000,0,0.322324,20.000000
56,3.408660,Series RL,0.297509,0.000110949266323,,6.971148,87.556259,-12.574177,250000,0.013032,25.000000,1,6.977494,0.090931,100.000000,-105.017913,0,10000,0,0.297509,20.000000
57,3.463583,Series RL,0.321031,0.000110850462934,,6.964940,87.360961,51.826335,250000,0.013025,25.000000,1,6.972334,0.090812,100.000000,-40.812698,0,10000,0,0.321031,20.000000
58,3.518857,Series RL,0.318787,0.000111104187744,,6.980882,87.385368,10.048518,250000,0.013030,25.000000,1,6.988157,0.091055,100.000000,-82.566123,0,10000,0,0.318787,20.000000
59,3.573245,Series RL,0.335904,0.000110755288278,,6.958960,87.236518,-2.559892,250000,0.013031,25.000000,1,6.967062,0.090790,100.000000,-95.323371,0,10000,0,0.335904,20.000000
60,3.651830,Series RL,0.299611,0.000110866410259,,6.965942,87.537178,5.439284,250000,0.013030,25.000000,1,6.972383,0.090853,100.000000,-87.023536,0,10000,0,0.299611,20.000000
61,3.708438,Series RL,0.325998,0.000110802780113,,6.961944,87.319038,153.824127,250000,0.013030,25.000000,1,6.969572,0.090812,100.000000,61.143177,0,10000,0,0.325998,20.000000
62,3.763056,Series RL,0.288916,0.000110540874739,,6.945488,87.617996,-79.112251,250000,0.013033,25.000000,1,6.951495,0.090599,100.000000,-171.494262,0,10000,0,0.288916,20.000000
63,3.817551,Series RL,0.311673,0.000110803066592,,6.961962,87.436698,-6.602832,250000,0.013030,25.000000,1,6.968935,0.090803,100.000000,-99.166145,0,10000,0,0.311673,20.000000
64,3.872022,Series RL,0.318655,0.000110653078973,,6.952538,87.375801,65.158294,250000,0.013026,25.000000,1,6.959837,0.090659,100.000000,-27.465902,0,10000,0,0.318655,20.000000
65,3.926571,Series RL,0.292151,0.000110406404727,,6.937039,87.588432,-56.704563,250000,0.013033,25.000000,1,6.943188,0.090489,100.000000,-149.116119,0,10000,0,0.292151,20.000000
66,3.981381,Series RL,0.298761,0.000111162788594,,6.984564,87.550689,18.860591,250000,0.013028,25.000000,1,6.990950,0.091078,100.000000,-73.588714,0,10000,0,0.298761,20.000000
67,4.035944,Series RL,0.308683,0.000111044122669,,6.977108,87.466751,32.579639,250000,0.013027,25.000000,1,6.983933,0.090979,100.000000,-59.953609,0,10000,0,0.308683,20.000000
68,4.090362,Series RL,0.297958,0.000110489324452,,6.942249,87.542396,-138.473632,250000,0.013033,25.000000,1,6.948640,0.090558,100.000000,129.068725,0,10000,0,0.297958,20.000000
69,4.168306,Series RL,0.287347,0.000110927223363,,6.969763,87.639167,-53.105926,250000,0.013032,25.000000,1,6.975684,0.090907,100.000000,-145.466766,0,10000,0,0.287347,20.000000
70,4.224085,Series RL,0.323537,0.000110486459664,,6.942069,87.331642,94.002189,250000,0.013027,25.000000,1,6.949604,0.090532,100.000000,1.333833,0,10000,0,0.323537,20.000000
71,4.279457,Series RL,0.308513,0.000111003315341,,6.974544,87.467216,-34.152732,250000,0.013029,25.000000,1,6.981364,0.090964,100.000000,-126.685516,0,10000,0,0.308513,20.000000
72,4.333937,Series RL,0.327492,0.000110465562619,,6.940756,87.298561,14.963558,250000,0.013029,25.000000,1,6.948478,0.090530,100.000000,-77.737876,0,10000,0,0.327492,20.000000
73,4.388400,Series RL,0.301888,0.000110347230919,,6.933321,87.506820,-128.865570,250000,0.013034,25.000000,1,6.939891,0.090456,100.000000,138.641220,0,10000,0,0.301888,20.000000
74,4.442993,Series RL,0.344615,0.000110158520903,,6.921464,87.149635,142.510513,250000,0.013027,25.000000,1,6.930037,0.090276,100.000000,49.660144,0,10000,0,0.344615,20.000000
75,4.497611,Series RL,0.318503,0.000110805485747,,6.962114,87.380653,95.251060,250000,0.013026,25.000000,1,6.969396,0.090783,100.000000,2.631720,0,10000,0,0.318503,20.000000
76,4.552291,Series RL,0.342697,0.000110450474731,,6.939808,87.172950,99.112380,250000,0.013028,25.000000,1,6.948264,0.090520,100.000000,6.285331,0,10000,0,0.342697,20.000000
77,4.606889,Series RL,0.308397,0.00011033920951,,6.932817,87.452949,-137.118576,250000,0.013032,25.000000,1,6.939673,0.090438,100.000000,130.334365,0,10000,0,0.308397,20.000000
78,4.661415,Series RL,0.333436,0.000110856176596,,6.965299,87.259284,154.206756,250000,0.013027,25.000000,1,6.973276,0.090844,100.000000,61.466045,0,10000,0,0.333436,20.000000
79,4.716408,Series RL,0.313863,0.000110336710778,,6.932660,87.407814,-128.860397,250000,0.013034,25.000000,1,6.939761,0.090451,100.000000,138.547409,0,10000,0,0.313863,20.000000
80,4.770938,Series RL,0.327745,0.00011091988632,,6.969302,87.307540,168.792480,250000,0.013029,25.000000,1,6.977005,0.090905,100.000000,76.100021,0,10000,0,0.327745,20.000000
81,4.825549,Series RL,0.299960,0.000110735982783,,6.957747,87.531410,-23.269262,250000,0.013031,25.000000,1,6.964210,0.090751,100.000000,-115.737854,0,10000,0,0.299960,20.000000
82,4.880331,Series RL,0.299636,0.00011105623436,,6.977869,87.541183,-9.950495,250000,0.013031,25.000000,1,6.984299,0.091010,100.000000,-102.409317,0,10000,0,0.299636,20.000000
83,4.935186,Series RL,0.321920,0.000110904384629,,6.968328,87.354942,59.541461,250000,0.013029,25.000000,1,6.975760,0.090888,100.000000,-33.103584,0,10000,0,0.321920,20.000000
84,4.989719,Series RL,0.347220,0.00011086255871,,6.965700,87.146324,69.208045,250000,0.013026,25.000000,1,6.974349,0.090851,100.000000,-23.645631,0,10000,0,0.347220,20.000000
85,5.044121,Series RL,0.287914,0.000111160815073,,6.984440,87.639480,-53.434425,250000,0.013034,25.000000,1,6.990372,0.091110,100.000000,-145.794952,0,10000,0,0.287914,20.000000
86,5.099206,Series RL,0.295516,0.000110774657434,,6.960177,87.568786,-125.429908,250000,0.013031,25.000000,1,6.966447,0.090778,100.000000,142.138885,0,10000,0,0.295516,20.000000
87,5.153739,Series RL,0.330112,0.000110657423903,,6.952811,87.281692,153.557464,250000,0.013026,25.000000,1,6.960643,0.090670,100.000000,60.839164,0,10000,0,0.330112,20.000000
88,5.225625,Series RL,0.304942,0.000110548927979,,6.945994,87.486221,-79.500183,250000,0.013031,25.000000,1,6.952684,0.090603,100.000000,-172.013961,0,10000,0,0.304942,20.000000
89,5.289864,Series RL,0.300834,0.000110934639983,,6.970229,87.528648,148.254898,250000,0.013029,25.000000,1,6.976718,0.090898,100.000000,55.783542,0,10000,0,0.300834,20.000000
90,5.360891,Series RL,0.316093,0.000110907217587,,6.968506,87.402824,7.488902,250000,0.013027,25.000000,1,6.975671,0.090873,100.000000,-85.108268,0,10000,0,0.316093,20.000000
91,5.422750,Series RL,0.309255,0.000111032456611,,6.976375,87.461799,17.204084,250000,0.013030,25.000000,1,6.983226,0.090993,100.000000,-75.334114,0,10000,0,0.309255,20.000000
92,5.479060,Series RL,0.297231,0.000110475493888,,6.941380,87.548080,-141.915252,250000,0.013035,25.000000,1,6.947741,0.090564,100.000000,125.632804,0,10000,0,0.297231,20.000000
93,5.546826,Series RL,0.295248,0.000111021856892,,6.975709,87.576393,-82.587242,250000,0.013033,25.000000,1,6.981954,0.090996,100.000000,-175.010848,0,10000,0,0.295248,20.000000
94,5.618678,Series RL,0.330534,0.000110766572363,,6.959669,87.280914,168.064422,250000,0.013028,25.000000,1,6.967513,0.090770,100.000000,75.345329,0,10000,0,0.330534,20.000000
95,5.673512,Series RL,0.308330,0.000110993511397,,6.973928,87.468490,16.585613,250000,0.013031,25.000000,1,6.980741,0.090965,100.000000,-75.945899,0,10000,0,0.308330,20.000000
96,5.727964,Series RL,0.321280,0.0001108846335,,6.967087,87.359733,51.645942,250000,0.013027,25.000000,1,6.974491,0.090854,100.000000,-40.994319,0,10000,0,0.321280,20.000000
97,5.782742,Series RL,0.320189,0.000110487191776,,6.942115,87.359237,-164.601318,250000,0.013032,25.000000,1,6.949495,0.090565,100.000000,102.757896,0,10000,0,0.320189,20.000000
98,5.837245,Series RL,0.319741,0.000110986253931,,6.973472,87.374755,74.299430,250000,0.013029,25.000000,1,6.980798,0.090951,100.000000,-18.325805,0,10000,0,0.319741,20.000000
99,5.891676,Series RL,0.294481,0.000110708242077,,6.956004,87.575843,-95.345443,250000,0.013032,25.000000,1,6.962234,0.090732,100.000000,172.230377,0,10000,0,0.294481,20.000000
100,5.946852,Series RL,0.300789,0.000110673753201,,6.953837,87.523200,-13.230412,250000,0.013029,25.000000,1,6.960340,0.090689,100.000000,-105.707206,0,10000,0,0.300789,20.000000
101,6.001719,Series RL,0.315047,0.000110941276744,,6.970646,87.412208,76.009124,250000,0.013026,25.000000,1,6.977762,0.090893,100.000000,-16.578672,0,10000,0,0.315047,20.000000
102,6.057155,Series RL,0.317327,0.000110447434871,,6.939617,87.381874,-72.973449,250000,0.013033,25.000000,1,6.946868,0.090539,100.000000,-165.591583,0,10000,0,0.317327,20.000000
103,6.111721,Series RL,0.304869,0.000111138533381,,6.983040,87.500137,18.793573,250000,0.013025,25.000000,1,6.989692,0.091042,100.000000,-73.706291,0,10000,0,0.304869,20.000000
104,6.167243,Series RL,0.344333,0.000110130971183,,6.919733,87.151252,143.707626,250000,0.013030,25.000000,1,6.928295,0.090275,100.000000,50.858875,0,10000,0,0.344333,20.000000
105,6.223043,Series RL,0.321084,0.000110352578525,,6.933657,87.348640,-102.582382,250000,0.013031,25.000000,1,6.941087,0.090450,100.000000,164.766235,0,10000,0,0.321084,20.000000
106,6.301260,Series RL,0.303143,0.000110655402636,,6.952684,87.503433,-113.329711,250000,0.013029,25.000000,1,6.959290,0.090676,100.000000,154.173736,0,10000,0,0.303143,20.000000
107,6.359344,Series RL,0.307596,0.000110819682368,,6.963006,87.470558,-21.305061,250000,0.013028,25.000000,1,6.969797,0.090806,100.000000,-113.834503,0,10000,0,0.307596,20.000000
108,6.414688,Series RL,0.300743,0.000110923928856,,6.969556,87.529167,-64.187240,250000,0.013030,25.000000,1,6.976041,0.090900,100.000000,-156.658081,0,10000,0,0.300743,20.000000
109,6.469184,Series RL,0.295399,0.000111204996485,,6.987216,87.579139,-24.804309,250000,0.013029,25.000000,1,6.993458,0.091116,100.000000,-117.225166,0,10000,0,0.295399,20.000000
110,6.523679,Series RL,0.299088,0.000111041974077,,6.976973,87.545356,-24.455799,250000,0.013029,25.000000,1,6.983381,0.090984,100.000000,-116.910446,0,10000,0,0.299088,20.000000
111,6.579242,Series RL,0.319926,0.000110677970807,,6.954102,87.365936,92.275352,250000,0.013026,25.000000,1,6.961457,0.090683,100.000000,-0.358709,0,10000,0,0.319926,20.000000
112,6.658156,Series RL,0.274506,0.000110997935904,,6.974206,87.745994,-82.612983,250000,0.013033,25.000000,1,6.979606,0.090967,100.000000,-174.866989,0,10000,0,0.274506,20.000000
113,6.715138,Series RL,0.316196,0.000110829343073,,6.963613,87.400161,-134.940567,250000,0.013030,25.000000,1,6.970788,0.090827,100.000000,132.459594,0,10000,0,0.316196,20.000000
114,6.784902,Series RL,0.315922,0.000110728836726,,6.957298,87.400054,-150.380004,250000,0.013028,25.000000,1,6.964468,0.090733,100.000000,117.020050,0,10000,0,0.315922,20.000000
115,6.864585,Series RL,0.325153,0.000110629906014,,6.951082,87.321807,93.423469,250000,0.013025,25.000000,1,6.958683,0.090639,100.000000,0.745281,0,10000,0,0.325153,20.000000
116,6.921942,Series RL,0.313769,0.000110881148007,,6.966868,87.421302,19.324201,250000,0.013026,25.000000,1,6.973930,0.090845,100.000000,-73.254501,0,10000,0,0.313769,20.000000
117,6.977575,Series RL,0.329039,0.000110599714321,,6.949185,87.289108,13.360629,250000,0.013031,25.000000,1,6.956970,0.090653,100.000000,-79.350257,0,10000,0,0.329039,20.000000
118,7.032782,Series RL,0.336238,0.000110885397444,,6.967135,87.237014,82.870903,250000,0.013027,25.000000,1,6.975244,0.090864,100.000000,-9.892085,0,10000,0,0.336238,20.000000
119,7.106928,Series RL,0.350064,0.000110920156883,,6.969319,87.124488,83.642807,250000,0.013028,25.000000,1,6.978105,0.090907,100.000000,-9.232700,0,10000,0,0.350064,20.000000
120,7.187897,Series RL,0.323169,0.000110532901076,,6.944987,87.335800,-150.550445,250000,0.013030,25.000000,1,6.952502,0.090592,100.000000,116.785354,0,10000,0,0.323169,20.000000
121,7.267276,Series RL,0.347670,0.000110492109664,,6.942424,87.133071,56.624095,250000,0.013029,25.000000,1,6.951124,0.090564,100.000000,-36.242832,0,10000,0,0.347670,20.000000
122,7.346881,Series RL,0.318307,0.000110906023924,,6.968431,87.384628,48.410129,250000,0.013024,25.000000,1,6.975697,0.090853,100.000000,-44.205242,0,10000,0,0.318307,20.000000
123,7.404361,Series RL,0.318109,0.000110554625726,,6.946352,87.377967,-42.909702,250000,0.013033,25.000000,1,6.953632,0.090629,100.000000,-135.531738,0,10000,0,0.318109,20.000000
124,7.466283,Series RL,0.336083,0.000110528556146,,6.944714,87.229377,-15.259073,250000,0.013032,25.000000,1,6.952841,0.090611,100.000000,-108.029685,0,10000,0,0.336083,20.000000
125,7.523128,Series RL,0.325156,0.000111272048463,,6.991429,87.337211,-4.424634,250000,0.013026,25.000000,1,6.998987,0.091169,100.000000,-97.087417,0,10000,0,0.325156,20.000000
126,7.585684,Series RL,0.311942,0.000110790970816,,6.961202,87.434211,-121.804534,250000,0.013029,25.000000,1,6.968188,0.090789,100.000000,145.629653,0,10000,0,0.311942,20.000000
127,7.664088,Series RL,0.342875,0.000110666432073,,6.953377,87.176994,-0.165052,250000,0.013032,25.000000,1,6.961825,0.090725,100.000000,-92.988059,0,10000,0,0.342875,20.000000
128,7.744798,Series RL,0.339828,0.000110571575727,,6.947417,87.199653,72.626739,250000,0.013028,25.000000,1,6.955723,0.090618,100.000000,-20.173612,0,10000,0,0.339828,20.000000
129,7.800886,Series RL,0.299018,0.000110899641811,,6.968030,87.542770,19.918540,250000,0.013029,25.000000,1,6.974443,0.090869,100.000000,-72.538681,0,10000,0,0.299018,20.000000
130,7.863844,Series RL,0.337327,0.00011064895686,,6.952279,87.222160,72.652313,250000,0.013028,25.000000,1,6.960458,0.090684,100.000000,-20.125524,0,10000,0,0.337327,20.000000
131,7.931663,Series RL,0.299205,0.000110820128002,,6.963034,87.539489,-83.714668,250000,0.013033,25.000000,1,6.969459,0.090830,100.000000,-176.175186,0,10000,0,0.299205,20.000000
132,8.003490,Series RL,0.304898,0.000110663201228,,6.953174,87.489173,-22.492017,250000,0.013030,25.000000,1,6.959856,0.090686,100.000000,-115.002838,0,10000,0,0.304898,20.000000
133,8.064281,Series RL,0.332840,0.000110937329702,,6.970398,87.266174,-2.595481,250000,0.013030,25.000000,1,6.978341,0.090927,100.000000,-95.329299,0,10000,0,0.332840,20.000000
134,8.140683,Series RL,0.305376,0.000111081173939,,6.979436,87.494689,-20.311508,250000,0.013028,25.000000,1,6.986113,0.091013,100.000000,-112.816810,0,10000,0,0.305376,20.000000
135,8.195183,Series RL,0.317187,0.000111235379164,,6.989125,87.401535,46.576114,250000,0.013030,25.000000,1,6.996319,0.091160,100.000000,-46.022354,0,10000,0,0.317187,20.000000
136,8.249794,Series RL,0.320565,0.000111164714369,,6.984685,87.372222,119.118934,250000,0.013026,25.000000,1,6.992037,0.091080,100.000000,26.491157,0,10000,0,0.320565,20.000000
137,8.304277,Series RL,0.318219,0.000111016206892,,6.975354,87.387954,-19.594646,250000,0.013027,25.000000,1,6.982608,0.090961,100.000000,-112.206687,0,10000,0,0.318219,20.000000
138,8.371326,Series RL,0.302457,0.000111279401421,,6.991891,87.523025,-10.429985,250000,0.013028,25.000000,1,6.998430,0.091173,100.000000,-102.906959,0,10000,0,0.302457,20.000000
139,8.441685,Series RL,0.319111,0.00011068452799,,6.954514,87.372795,151.000122,250000,0.013030,25.000000,1,6.961832,0.090711,100.000000,58.372920,0,10000,0,0.319111,20.000000
140,8.500712,Series RL,0.311115,0.000111204152964,,6.987163,87.450500,7.425956,250000,0.013029,25.000000,1,6.994086,0.091123,100.000000,-85.123550,0,10000,0,0.311115,20.000000
141,8.557504,Series RL,0.341216,0.000110734550389,,6.957657,87.192359,140.634429,250000,0.013030,25.000000,1,6.966019,0.090764,100.000000,47.826786,0,10000,0,0.341216,20.000000
142,8.624879,Series RL,0.312560,0.000111030674076,,6.976263,87.434669,19.937049,250000,0.013029,25.000000,1,6.983262,0.090983,100.000000,-72.628280,0,10000,0,0.312560,20.000000
143,8.705554,Series RL,0.302433,0.000110972869001,,6.972631,87.516387,-8.522047,250000,0.013029,25.000000,1,6.979187,0.090931,100.000000,-101.005668,0,10000,0,0.302433,20.000000
144,8.786712,Series RL,0.333533,0.00011093292111,,6.970121,87.260383,-2.684880,250000,0.013031,25.000000,1,6.978097,0.090929,100.000000,-95.424499,0,10000,0,0.333533,20.000000
145,8.864354,Series RL,0.322400,0.00011079915138,,6.961716,87.348503,134.516006,250000,0.013028,25.000000,1,6.969178,0.090793,100.000000,41.864513,0,10000,0,0.322400,20.000000
146,8.942970,Series RL,0.297518,0.000110970083789,,6.972456,87.556648,-68.329711,250000,0.013033,25.000000,1,6.978801,0.090956,100.000000,-160.773071,0,10000,0,0.297518,20.000000
147,9.002544,Series RL,0.318514,0.000110899068853,,6.967994,87.382774,20.182746,250000,0.013027,25.000000,1,6.975270,0.090865,100.000000,-72.434471,0,10000,0,0.318514,20.000000
148,9.063316,Series RL,0.322666,0.000110452145858,,6.939913,87.337989,-58.482612,250000,0.013033,25.000000,1,6.947410,0.090549,100.000000,-151.144622,0,10000,0,0.322666,20.000000
149,9.117766,Series RL,0.348098,0.000110859789414,,6.965526,87.139045,112.023704,250000,0.013028,25.000000,1,6.974219,0.090858,100.000000,19.162757,0,10000,0,0.348098,20.000000
150,9.172560,Series RL,0.322383,0.000110816244621,,6.962790,87.349044,-45.446914,250000,0.013032,25.000000,1,6.970249,0.090835,100.000000,-138.097869,0,10000,0,0.322383,20.000000
151,9.227223,Series RL,0.332546,0.000111102039152,,6.980747,87.272628,-2.788164,250000,0.013031,25.000000,1,6.988664,0.091073,100.000000,-95.515541,0,10000,0,0.332546,20.000000
152,9.282138,Series RL,0.298214,0.000111221118881,,6.988229,87.556449,-68.055564,250000,0.013030,25.000000,1,6.994589,0.091141,100.000000,-160.499114,0,10000,0,0.298214,20.000000
153,9.336549,Series RL,0.322102,0.000110500656284,,6.942961,87.343803,-71.648841,250000,0.013032,25.000000,1,6.950428,0.090577,100.000000,-164.305053,0,10000,0,0.322102,20.000000
154,9.414958,Series RL,0.322788,0.000110731001234,,6.957434,87.343681,6.921680,250000,0.013026,25.000000,1,6.964917,0.090727,100.000000,-85.734642,0,10000,0,0.322788,20.000000
155,9.476378,Series RL,0.300632,0.000110973760268,,6.972687,87.531181,-53.065158,250000,0.013027,25.000000,1,6.979165,0.090919,100.000000,-145.533981,0,10000,0,0.300632,20.000000
156,9.538730,Series RL,0.318112,0.0001109158597,,6.969049,87.386466,50.234146,250000,0.013025,25.000000,1,6.976306,0.090869,100.000000,-42.379394,0,10000,0,0.318112,20.000000
157,9.593883,Series RL,0.342688,0.000110327543453,,6.932084,87.169883,171.955657,250000,0.013032,25.000000,1,6.940549,0.090447,100.000000,79.125541,0,10000,0,0.342688,20.000000
158,9.648557,Series RL,0.337820,0.00011028929852,,6.929681,87.209060,114.911872,250000,0.013027,25.000000,1,6.937910,0.090377,100.000000,22.120931,0,10000,0,0.337820,20.000000
159,9.703207,Series RL,0.323472,0.000110462156704,,6.940542,87.331596,-43.201263,250000,0.013032,25.000000,1,6.948076,0.090547,100.000000,-135.869674,0,10000,0,0.323472,20.000000
160,9.757688,Series RL,0.329624,0.000110721101796,,6.956812,87.287261,93.744155,250000,0.013026,25.000000,1,6.964617,0.090724,100.000000,1.031421,0,10000,0,0.329624,20.000000
161,9.836397,Series RL,0.334479,0.000110707318978,,6.955946,87.247032,13.644712,250000,0.013031,25.000000,1,6.963984,0.090748,100.000000,-79.108261,0,10000,0,0.334479,20.000000
162,9.895198,Series RL,0.350956,0.000111137992254,,6.983006,87.122802,-3.633558,250000,0.013031,25.000000,1,6.991819,0.091107,100.000000,-96.510749,0,10000,0,0.350956,20.000000
163,9.950580,Series RL,0.357074,0.000110483006001,,6.941852,87.055419,114.696998,250000,0.013029,25.000000,1,6.951030,0.090563,100.000000,21.752414,0,10000,0,0.357074,20.000000
164,10.005192,Series RL,0.306077,0.000111027729709,,6.976078,87.487747,-34.588840,250000,0.013028,25.000000,1,6.982789,0.090973,100.000000,-127.101104,0,10000,0,0.306077,20.000000
165,10.059744,Series RL,0.347175,0.000110697180808,,6.955309,87.142448,127.142135,250000,0.013026,25.000000,1,6.963968,0.090714,100.000000,34.284587,0,10000,0,0.347175,20.000000
166,10.114357,Series RL,0.306537,0.000110645789677,,6.952080,87.475303,-93.920898,250000,0.013029,25.000000,1,6.958835,0.090667,100.000000,173.554382,0,10000,0,0.306537,20.000000
167,10.168713,Series RL,0.302880,0.000111107370843,,6.981082,87.515731,-97.994926,250000,0.013033,25.000000,1,6.987649,0.091069,100.000000,169.520812,0,10000,0,0.302880,20.000000
168,10.223119,Series RL,0.321822,0.000110942581815,,6.970728,87.356658,109.142860,250000,0.013027,25.000000,1,6.978153,0.090902,100.000000,16.499525,0,10000,0,0.321822,20.000000
169,10.277687,Series RL,0.321200,0.000110876978147,,6.966606,87.360206,131.937194,250000,0.013029,25.000000,1,6.974007,0.090867,100.000000,39.297393,0,10000,0,0.321200,20.000000
170,10.332419,Series RL,0.336299,0.000110722597853,,6.956906,87.232460,-16.011831,250000,0.013030,25.000000,1,6.965030,0.090752,100.000000,-108.779373,0,10000,0,0.336299,20.000000
171,10.387125,Series RL,0.328842,0.000110394054304,,6.936263,87.285690,-144.321197,250000,0.013034,25.000000,1,6.944053,0.090506,100.000000,122.964492,0,10000,0,0.328842,20.000000
172,10.441496,Series RL,0.348096,0.000110983166325,,6.973278,87.142242,97.581626,250000,0.013025,25.000000,1,6.981960,0.090940,100.000000,4.723880,0,10000,0,0.348096,20.000000
173,10.496147,Series RL,0.330969,0.000110940735618,,6.970612,87.281600,94.338882,250000,0.013024,25.000000,1,6.978465,0.090885,100.000000,1.620485,0,10000,0,0.330969,20.000000
174,10.550835,Series RL,0.346378,0.000111109455773,,6.981213,87.159553,69.415870,250000,0.013026,25.000000,1,6.989800,0.091047,100.000000,-23.424575,0,10000,0,0.346378,20.000000
175,10.605415,Series RL,0.329486,0.000110948199984,,6.971081,87.293937,-104.475173,250000,0.013030,25.000000,1,6.978864,0.090936,100.000000,162.818771,0,10000,0,0.329486,20.000000
176,10.685521,Series RL,0.347313,0.000111139902113,,6.983126,87.152679,68.631469,250000,0.013026,25.000000,1,6.991757,0.091072,100.000000,-24.215854,0,10000,0,0.347313,20.000000
177,10.742303,Series RL,0.353692,0.000111115806055,,6.981612,87.099845,112.013092,250000,0.013027,25.000000,1,6.990566,0.091066,100.000000,19.112926,0,10000,0,0.353692,20.000000
178,10.796873,Series RL,0.319719,0.000110865598569,,6.965891,87.372085,91.830642,250000,0.013025,25.000000,1,6.973224,0.090830,100.000000,-0.797270,0,10000,0,0.319719,20.000000
179,10.851256,Series RL,0.324610,0.000111038233936,,6.976738,87.336090,78.728225,250000,0.013027,25.000000,1,6.984286,0.090986,100.000000,-13.935685,0,10000,0,0.324610,20.000000
180,10.905797,Series RL,0.304354,0.000110825682509,,6.963383,87.497314,-124.488128,250000,0.013028,25.000000,1,6.970031,0.090807,100.000000,143.009155,0,10000,0,0.304354,20.000000
181,10.960492,Series RL,0.331720,0.000111221166627,,6.988232,87.282302,96.397941,250000,0.013025,25.000000,1,6.996100,0.091125,100.000000,3.680246,0,10000,0,0.331720,20.000000
182,11.015208,Series RL,0.342286,0.000111282027478,,6.992056,87.197402,39.677330,250000,0.013030,25.000000,1,7.000429,0.091213,100.000000,-53.125267,0,10000,0,0.342286,20.000000
183,11.070012,Series RL,0.302997,0.00011103772464,,6.976706,87.513214,-125.404251,250000,0.013031,25.000000,1,6.983282,0.090997,100.000000,142.108963,0,10000,0,0.302997,20.000000
184,11.124580,Series RL,0.311401,0.000110746455179,,6.958405,87.437622,149.261672,250000,0.013025,25.000000,1,6.965369,0.090722,100.000000,56.699283,0,10000,0,0.311401,20.000000
185,11.179197,Series RL,0.318987,0.000110879779274,,6.966782,87.378440,-28.885614,250000,0.013033,25.000000,1,6.974081,0.090891,100.000000,-121.507179,0,10000,0,0.318987,20.000000
186,11.233841,Series RL,0.315152,0.000111081253517,,6.979441,87.414604,147.679855,250000,0.013028,25.000000,1,6.986553,0.091021,100.000000,55.094463,0,10000,0,0.315152,20.000000
187,11.288244,Series RL,0.343345,0.000110411736418,,6.937374,87.166625,-174.061874,250000,0.013028,25.000000,1,6.945865,0.090493,100.000000,93.104728,0,10000,0,0.343345,20.000000
188,11.367479,Series RL,0.299955,0.000111086250982,,6.979755,87.539230,-96.270141,250000,0.013031,25.000000,1,6.986197,0.091040,100.000000,171.269073,0,10000,0,0.299955,20.000000
189,11.422698,Series RL,0.306345,0.000110559686853,,6.946670,87.474914,-138.284194,250000,0.013030,25.000000,1,6.953422,0.090606,100.000000,129.190689,0,10000,0,0.306345,20.000000
190,11.477451,Series RL,0.332855,0.000110640139677,,6.951725,87.258712,-58.770954,250000,0.013033,25.000000,1,6.959689,0.090704,100.000000,-151.512237,0,10000,0,0.332855,20.000000
191,11.532166,Series RL,0.335691,0.000110672655031,,6.953768,87.236206,-28.929244,250000,0.013029,25.000000,1,6.961866,0.090708,100.000000,-121.693038,0,10000,0,0.335691,20.000000
192,11.586846,Series RL,0.310332,0.000110928958152,,6.969872,87.450599,-28.055093,250000,0.013030,25.000000,1,6.976778,0.090911,100.000000,-120.604499,0,10000,0,0.310332,20.000000
193,11.641385,Series RL,0.345010,0.000110549055303,,6.946002,87.156433,171.058090,250000,0.013029,25.000000,1,6.954566,0.090611,100.000000,78.214515,0,10000,0,0.345010,20.000000
194,11.712526,Series RL,0.319459,0.000110952083365,,6.971325,87.376274,63.790634,250000,0.013026,25.000000,1,6.978641,0.090901,100.000000,-28.833091,0,10000,0,0.319459,20.000000
195,11.778853,Series RL,0.316753,0.000110934958293,,6.970249,87.398063,77.464317,250000,0.013027,25.000000,1,6.977442,0.090894,100.000000,-15.137620,0,10000,0,0.316753,20.000000
196,11.833825,Series RL,0.305904,0.000110652124044,,6.952478,87.480651,-166.752456,250000,0.013030,25.000000,1,6.959205,0.090676,100.000000,100.728210,0,10000,0,0.305904,20.000000
197,11.888400,Series RL,0.309314,0.000110631513479,,6.951183,87.452133,-136.531173,250000,0.013029,25.000000,1,6.958062,0.090658,100.000000,130.920928,0,10000,0,0.309314,20.000000
198,11.943091,Series RL,0.350904,0.000111051380134,,6.977564,87.121002,112.140403,250000,0.013027,25.000000,1,6.986382,0.091011,100.000000,19.261402,0,10000,0,0.350904,20.000000
199,11.997867,Series RL,0.336460,0.0001111814893,,6.985739,87.242538,12.012213,250000,0.013029,25.000000,1,6.993837,0.091124,100.000000,-80.745246,0,10000,0,0.336460,20.000000
200,12.052931,Series RL,0.345431,0.000111184003948,,6.985897,87.169212,-2.529279,250000,0.013028,25.000000,1,6.994431,0.091126,100.000000,-95.360076,0,10000,0,0.345431,20.000000
201,12.107468,Series RL,0.319820,0.000110968221676,,6.972339,87.373687,167.707626,250000,0.013028,25.000000,1,6.979671,0.090932,100.000000,75.081329,0,10000,0,0.319820,20.000000
202,12.162090,Series RL,0.300738,0.000111421081151,,7.000793,87.540222,17.824983,250000,0.013029,25.000000,1,7.007250,0.091295,100.000000,-74.634803,0,10000,0,0.300738,20.000000
203,12.216848,Series RL,0.331566,0.000110996248862,,6.974100,87.278068,103.136489,250000,0.013026,25.000000,1,6.981977,0.090946,100.000000,10.414555,0,10000,0,0.331566,20.000000
204,12.271497,Series RL,0.317198,0.000110385268951,,6.935711,87.381454,-86.835830,250000,0.013033,25.000000,1,6.942960,0.090484,100.000000,-179.454376,0,10000,0,0.317198,20.000000
205,12.325967,Series RL,0.316659,0.000110842361947,,6.964431,87.396652,-13.761302,250000,0.013029,25.000000,1,6.971626,0.090835,100.000000,-106.364639,0,10000,0,0.316659,20.000000
206,12.380476,Series RL,0.297548,0.000110979426184,,6.973043,87.556610,-124.374542,250000,0.013029,25.000000,1,6.979389,0.090934,100.000000,143.182067,0,10000,0,0.297548,20.000000
207,12.435182,Series RL,0.329767,0.000110823788565,,6.963264,87.288597,0.293183,250000,0.013028,25.000000,1,6.971068,0.090820,100.000000,-92.418212,0,10000,0,0.329767,20.000000
208,12.489704,Series RL,0.355207,0.000110459673887,,6.940386,87.070167,128.596862,250000,0.013028,25.000000,1,6.949470,0.090537,100.000000,35.667037,0,10000,0,0.355207,20.000000
209,12.544215,Series RL,0.316885,0.000111374369176,,6.997858,87.407234,46.944015,250000,0.013024,25.000000,1,7.005029,0.091233,100.000000,-45.648757,0,10000,0,0.316885,20.000000
210,12.599229,Series RL,0.331681,0.000111104951688,,6.980930,87.279785,131.877777,250000,0.013029,25.000000,1,6.988805,0.091059,100.000000,39.157546,0,10000,0,0.331681,20.000000
211,12.654050,Series RL,0.302814,0.000110924533644,,6.969594,87.512176,-127.520973,250000,0.013032,25.000000,1,6.976170,0.090910,100.000000,139.991180,0,10000,0,0.302814,20.000000
212,12.708622,Series RL,0.341281,0.000110833560679,,6.963878,87.194328,-146.501174,250000,0.013028,25.000000,1,6.972236,0.090832,100.000000,120.693153,0,10000,0,0.341281,20.000000
213,12.766014,Series RL,0.320259,0.000111296478746,,6.992964,87.377838,17.028984,250000,0.013028,25.000000,1,7.000294,0.091197,100.000000,-75.593177,0,10000,0,0.320259,20.000000
214,12.822285,Series RL,0.309392,0.000111504748905,,7.006050,87.471412,32.275032,250000,0.013027,25.000000,1,7.012878,0.091357,100.000000,-60.253551,0,10000,0,0.309392,20.000000
215,12.878328,Series RL,0.303228,0.000111027013512,,6.976033,87.511085,-111.186828,250000,0.013028,25.000000,1,6.982620,0.090971,100.000000,156.324249,0,10000,0,0.303228,20.000000
216,12.933015,Series RL,0.348487,0.00011080960786,,6.962373,87.134559,127.326263,250000,0.013027,25.000000,1,6.971089,0.090812,100.000000,34.460830,0,10000,0,0.348487,20.000000
217,12.988070,Series RL,0.315067,0.00011075309194,,6.958822,87.407653,-135.787414,250000,0.013027,25.000000,1,6.965950,0.090745,100.000000,131.620223,0,10000,0,0.315067,20.000000
218,13.042696,Series RL,0.311615,0.000111409876643,,7.000089,87.451110,-19.611915,250000,0.013029,25.000000,1,7.007021,0.091298,100.000000,-112.160812,0,10000,0,0.311615,20.000000
219,13.098166,Series RL,0.295852,0.000110992540552,,6.973867,87.570800,-81.278167,250000,0.013032,25.000000,1,6.980139,0.090962,100.000000,-173.707382,0,10000,0,0.295852,20.000000
220,13.178197,Series RL,0.335670,0.000110601162631,,6.949276,87.234596,-174.807296,250000,0.013030,25.000000,1,6.957378,0.090658,100.000000,92.427330,0,10000,0,0.335670,20.000000
221,13.237515,Series RL,0.306456,0.00011085164068,,6.965014,87.480644,-64.809127,250000,0.013028,25.000000,1,6.971753,0.090831,100.000000,-157.328491,0,10000,0,0.306456,20.000000
222,13.296755,Series RL,0.328582,0.000110859041385,,6.965479,87.299194,93.189659,250000,0.013024,25.000000,1,6.973225,0.090820,100.000000,0.488847,0,10000,0,0.328582,20.000000
223,13.376063,Series RL,0.319097,0.000110947483787,,6.971036,87.379127,-118.210739,250000,0.013034,25.000000,1,6.978336,0.090959,100.000000,149.168395,0,10000,0,0.319097,20.000000
224,13.435618,Series RL,0.330418,0.000110943186604,,6.970766,87.286178,-162.842193,250000,0.013030,25.000000,1,6.978593,0.090932,100.000000,104.444007,0,10000,0,0.330418,20.000000
225,13.493962,Series RL,0.303382,0.000111214402542,,6.987807,87.514007,-49.528301,250000,0.013029,25.000000,1,6.994390,0.091130,100.000000,-142.014282,0,10000,0,0.303382,20.000000
226,13.561359,Series RL,0.331157,0.000110533999245,,6.945056,87.270065,-131.489608,250000,0.013032,25.000000,1,6.952947,0.090611,100.000000,135.780471,0,10000,0,0.331157,20.000000
227,13.629134,Series RL,0.313897,0.000110735807713,,6.957736,87.416862,145.614212,250000,0.013028,25.000000,1,6.964813,0.090736,100.000000,53.031063,0,10000,0,0.313897,20.000000
228,13.694250,Series RL,0.317084,0.000111109726336,,6.981230,87.399444,167.279693,250000,0.013029,25.000000,1,6.988428,0.091049,100.000000,74.679130,0,10000,0,0.317084,20.000000
229,13.749095,Series RL,0.311898,0.000110653524607,,6.952566,87.431381,149.946228,250000,0.013029,25.000000,1,6.959558,0.090678,100.000000,57.377609,0,10000,0,0.311898,20.000000
230,13.816072,Series RL,0.296058,0.000111110458449,,6.981276,87.571685,-92.829841,250000,0.013033,25.000000,1,6.987551,0.091070,100.000000,174.741851,0,10000,0,0.296058,20.000000
231,13.884345,Series RL,0.304949,0.000110940528716,,6.970599,87.495018,-122.609161,250000,0.013031,25.000000,1,6.977266,0.090922,100.000000,144.885833,0,10000,0,0.304949,20.000000
232,13.939299,Series RL,0.337973,0.000110554880374,,6.946368,87.214485,-173.506164,250000,0.013031,25.000000,1,6.954585,0.090624,100.000000,93.708358,0,10000,0,0.337973,20.000000
233,13.993900,Series RL,0.340370,0.000111279847055,,6.991919,87.213012,96.700241,250000,0.013026,25.000000,1,7.000198,0.091186,100.000000,3.913255,0,10000,0,0.340370,20.000000
234,14.048607,Series RL,0.320279,0.000111136050564,,6.982884,87.373893,48.218677,250000,0.013025,25.000000,1,6.990225,0.091048,100.000000,-44.407432,0,10000,0,0.320279,20.000000
235,14.103323,Series RL,0.289594,0.000110791177718,,6.961215,87.617805,-80.329315,250000,0.013033,25.000000,1,6.967236,0.090802,100.000000,-172.711517,0,10000,0,0.289594,20.000000
236,14.157830,Series RL,0.349674,0.000110734359403,,6.957645,87.122871,56.727394,250000,0.013029,25.000000,1,6.966426,0.090762,100.000000,-36.149738,0,10000,0,0.349674,20.000000
237,14.212499,Series RL,0.314674,0.000110917021531,,6.969122,87.414695,92.868690,250000,0.013027,25.000000,1,6.976223,0.090878,100.000000,0.283394,0,10000,0,0.314674,20.000000
238,14.267187,Series RL,0.355802,0.000110748731094,,6.958548,87.072921,127.726799,250000,0.013027,25.000000,1,6.967638,0.090768,100.000000,34.799724,0,10000,0,0.355802,20.000000
239,14.321810,Series RL,0.320596,0.00011070738264,,6.955950,87.361137,-44.813194,250000,0.013032,25.000000,1,6.963335,0.090748,100.000000,-137.452056,0,10000,0,0.320596,20.000000
240,14.376290,Series RL,0.328186,0.000111455888337,,7.002980,87.316864,10.685976,250000,0.013028,25.000000,1,7.010666,0.091336,100.000000,-81.997161,0,10000,0,0.328186,20.000000
241,14.431001,Series RL,0.331458,0.000111534510879,,7.007920,87.292060,24.006498,250000,0.013025,25.000000,1,7.015754,0.091380,100.000000,-68.701446,0,10000,0,0.331458,20.000000
242,14.485558,Series RL,0.310445,0.000111181505215,,6.985740,87.455451,91.315475,250000,0.013025,25.000000,1,6.992635,0.091082,100.000000,-1.229067,0,10000,0,0.310445,20.000000
243,14.540351,Series RL,0.296252,0.000111428704673,,7.001272,87.577033,-11.392312,250000,0.013030,25.000000,1,7.007537,0.091309,100.000000,-103.815277,0,10000,0,0.296252,20.000000
244,14.595109,Series RL,0.308446,0.000110815989973,,6.962774,87.463500,-136.937347,250000,0.013030,25.000000,1,6.969603,0.090813,100.000000,130.526123,0,10000,0,0.308446,20.000000
245,14.663006,Series RL,0.316430,0.000111092203377,,6.980129,87.404388,73.677223,250000,0.013028,25.000000,1,6.987298,0.091028,100.000000,-18.918392,0,10000,0,0.316430,20.000000
246,14.730807,Series RL,0.285580,0.000110979235198,,6.973031,87.654769,-41.849315,250000,0.013031,25.000000,1,6.978877,0.090940,100.000000,-134.194549,0,10000,0,0.285580,20.000000
247,14.785577,Series RL,0.331350,0.000110763484757,,6.959475,87.274124,-73.878768,250000,0.013034,25.000000,1,6.967359,0.090811,100.000000,-166.604644,0,10000,0,0.331350,20.000000
248,14.840033,Series RL,0.293735,0.00011108925901,,6.979944,87.590263,-95.985214,250000,0.013030,25.000000,1,6.986122,0.091028,100.000000,171.605041,0,10000,0,0.293735,20.000000
249,14.894539,Series RL,0.314209,0.000110910846319,,6.968734,87.418373,149.136138,250000,0.013027,25.000000,1,6.975814,0.090871,100.000000,56.554508,0,10000,0,0.314209,20.000000
250,14.949163,Series RL,0.309810,0.000111236461417,,6.989193,87.461906,-76.191223,250000,0.013033,25.000000,1,6.996057,0.091180,100.000000,-168.729309,0,10000,0,0.309810,20.000000
251,15.004151,Series RL,0.306808,0.000110794758704,,6.961440,87.476463,-71.717567,250000,0.013033,25.000000,1,6.968198,0.090818,100.000000,-164.241104,0,10000,0,0.306808,20.000000
252,15.059350,Series RL,0.304082,0.000110831428003,,6.963744,87.499679,-79.682685,250000,0.013029,25.000000,1,6.970380,0.090819,100.000000,-172.182983,0,10000,0,0.304082,20.000000
253,15.113903,Series RL,0.284423,0.000111346548891,,6.996110,87.671951,-140.311035,250000,0.013032,25.000000,1,7.001890,0.091252,100.000000,127.360893,0,10000,0,0.284423,20.000000
254,15.192156,Series RL,0.320997,0.000111164587045,,6.984677,87.368690,36.957275,250000,0.013026,25.000000,1,6.992050,0.091081,100.000000,-55.674034,0,10000,0,0.320997,20.000000
255,15.250163,Series RL,0.323858,0.000110668755735,,6.953523,87.333389,-130.061004,250000,0.013033,25.000000,1,6.961061,0.090723,100.000000,137.272384,0,10000,0,0.323858,20.000000
256,15.305140,Series RL,0.314026,0.000110800965747,,6.961830,87.417320,-165.921142,250000,0.013028,25.000000,1,6.968909,0.090791,100.000000,101.496177,0,10000,0,0.314026,20.000000
257,15.359670,Series RL,0.343981,0.000111170061975,,6.985021,87.180709,68.456985,250000,0.013026,25.000000,1,6.993485,0.091095,100.000000,-24.362300,0,10000,0,0.343981,20.000000
258,15.414203,Series RL,0.307334,0.000111179436201,,6.985610,87.480873,-63.646587,250000,0.013030,25.000000,1,6.992367,0.091111,100.000000,-156.165710,0,10000,0,0.307334,20.000000
259,15.468990,Series RL,0.304718,0.000111109805914,,6.981235,87.500732,-35.179435,250000,0.013031,25.000000,1,6.987883,0.091059,100.000000,-127.678710,0,10000,0,0.304718,20.000000
260,15.523495,Series RL,0.330825,0.000111085423376,,6.979703,87.286323,-45.501625,250000,0.013031,25.000000,1,6.987539,0.091052,100.000000,-138.215316,0,10000,0,0.330825,20.000000
261,15.578231,Series RL,0.304985,0.000111453501013,,7.002830,87.506248,33.041427,250000,0.013025,25.000000,1,7.009469,0.091298,100.000000,-59.452320,0,10000,0,0.304985,20.000000
262,15.656386,Series RL,0.325501,0.000110676045032,,6.953981,87.320060,-102.349983,250000,0.013031,25.000000,1,6.961595,0.090717,100.000000,164.970062,0,10000,0,0.325501,20.000000
263,15.713289,Series RL,0.299356,0.000111518420315,,7.006909,87.553634,-25.898971,250000,0.013031,25.000000,1,7.013300,0.091390,100.000000,-118.345336,0,10000,0,0.299356,20.000000
264,15.788460,Series RL,0.305925,0.000111192789301,,6.986449,87.492713,19.645359,250000,0.013029,25.000000,1,6.993144,0.091112,100.000000,-72.861930,0,10000,0,0.305925,20.000000
265,15.848330,Series RL,0.320767,0.000110939462378,,6.970532,87.365242,152.372207,250000,0.013026,25.000000,1,6.977909,0.090897,100.000000,59.737453,0,10000,0,0.320767,20.000000
266,15.903601,Series RL,0.357240,0.000110910050545,,6.968684,87.065376,127.393379,250000,0.013027,25.000000,1,6.977835,0.090897,100.000000,34.458755,0,10000,0,0.357240,20.000000
267,15.958186,Series RL,0.317949,0.000110934353504,,6.970211,87.388244,-28.684829,250000,0.013032,25.000000,1,6.977459,0.090933,100.000000,-121.296592,0,10000,0,0.317949,20.000000
268,16.012843,Series RL,0.325900,0.000111627202718,,7.013744,87.339614,39.012340,250000,0.013026,25.000000,1,7.021312,0.091461,100.000000,-53.648048,0,10000,0,0.325900,20.000000
269,16.067365,Series RL,0.289450,0.00011127519973,,6.991627,87.629325,-111.857772,250000,0.013032,25.000000,1,6.997616,0.091191,100.000000,155.771575,0,10000,0,0.289450,20.000000
270,16.121916,Series RL,0.328654,0.000111359344949,,6.996914,87.310714,-104.394500,250000,0.013031,25.000000,1,7.004628,0.091274,100.000000,162.916213,0,10000,0,0.328654,20.000000
271,16.176389,Series RL,0.314338,0.000110942947871,,6.970751,87.418052,92.719596,250000,0.013026,25.000000,1,6.977835,0.090892,100.000000,0.137646,0,10000,0,0.314338,20.000000
272,16.230993,Series RL,0.299229,0.000111393786079,,6.999078,87.551940,8.413975,250000,0.013027,25.000000,1,7.005471,0.091262,100.000000,-84.034080,0,10000,0,0.299229,20.000000
273,16.291159,Series RL,0.311996,0.000111277157336,,6.991750,87.444953,19.322538,250000,0.013025,25.000000,1,6.998708,0.091159,100.000000,-73.232505,0,10000,0,0.311996,20.000000
274,16.364888,Series RL,0.320685,0.000111328739453,,6.994991,87.375106,59.517093,250000,0.013028,25.000000,1,7.002338,0.091223,100.000000,-33.107795,0,10000,0,0.320685,20.000000
275,16.419924,Series RL,0.313446,0.000111180438877,,6.985673,87.430870,-134.647888,250000,0.013030,25.000000,1,6.992702,0.091113,100.000000,132.782974,0,10000,0,0.313446,20.000000
276,16.474694,Series RL,0.291027,0.000111194014794,,6.986526,87.614700,-13.095030,250000,0.013031,25.000000,1,6.992585,0.091118,100.000000,-105.480331,0,10000,0,0.291027,20.000000
277,16.529184,Series RL,0.307957,0.000111352326216,,6.996473,87.479690,47.991771,250000,0.013025,25.000000,1,7.003247,0.091215,100.000000,-44.528533,0,10000,0,0.307957,20.000000
278,16.583644,Series RL,0.321202,0.000110705552358,,6.955835,87.356109,-58.929546,250000,0.013031,25.000000,1,6.963247,0.090735,100.000000,-151.573440,0,10000,0,0.321202,20.000000
279,16.638223,Series RL,0.323164,0.000110495022199,,6.942607,87.334922,-101.800086,250000,0.013033,25.000000,1,6.950125,0.090578,100.000000,165.534820,0,10000,0,0.323164,20.000000
280,16.692691,Series RL,0.341311,0.0001109292128,,6.969888,87.196495,42.878154,250000,0.013030,25.000000,1,6.978240,0.090923,100.000000,-49.925346,0,10000,0,0.341311,20.000000
281,16.747370,Series RL,0.345514,0.000111011830131,,6.975079,87.164138,83.802673,250000,0.013027,25.000000,1,6.983631,0.090976,100.000000,-9.033190,0,10000,0,0.345514,20.000000
282,16.802301,Series RL,0.307794,0.000111341137623,,6.995770,87.480766,5.075519,250000,0.013028,25.000000,1,7.002538,0.091227,100.000000,-87.443710,0,10000,0,0.307794,20.000000
283,16.857027,Series RL,0.327660,0.000111359647343,,6.996933,87.318847,-16.933748,250000,0.013030,25.000000,1,7.004601,0.091272,100.000000,-109.614891,0,10000,0,0.327660,20.000000
284,16.936440,Series RL,0.327670,0.000111506292708,,7.006147,87.322280,11.327648,250000,0.013029,25.000000,1,7.013806,0.091383,100.000000,-81.350067,0,10000,0,0.327670,20.000000
285,16.998449,Series RL,0.326128,0.000111286308746,,6.992325,87.329605,44.627727,250000,0.013027,25.000000,1,6.999927,0.091191,100.000000,-48.042663,0,10000,0,0.326128,20.000000
286,17.079164,Series RL,0.318839,0.000111257103813,,6.990490,87.388526,-148.190460,250000,0.013033,25.000000,1,6.997757,0.091200,100.000000,119.198066,0,10000,0,0.318839,20.000000
287,17.148668,Series RL,0.320249,0.000110645535029,,6.952064,87.362518,-101.390411,250000,0.013034,25.000000,1,6.959436,0.090712,100.000000,165.972122,0,10000,0,0.320249,20.000000
288,17.219052,Series RL,0.342236,0.000110854250821,,6.965178,87.187019,42.239257,250000,0.013029,25.000000,1,6.973580,0.090859,100.000000,-50.573726,0,10000,0,0.342236,20.000000
289,17.273732,Series RL,0.304190,0.00011111324366,,6.981451,87.505134,-169.723144,250000,0.013033,25.000000,1,6.988075,0.091072,100.000000,97.781997,0,10000,0,0.304190,20.000000
290,17.329500,Series RL,0.307892,0.00011116796113,,6.984889,87.476051,-35.494922,250000,0.013029,25.000000,1,6.991672,0.091093,100.000000,-128.018875,0,10000,0,0.307892,20.000000
291,17.384214,Series RL,0.315270,0.000110914331813,,6.968953,87.409751,-13.919900,250000,0.013031,25.000000,1,6.976080,0.090905,100.000000,-106.510147,0,10000,0,0.315270,20.000000
292,17.438938,Series RL,0.298606,0.000110981320128,,6.973162,87.547973,-167.610458,250000,0.013031,25.000000,1,6.979553,0.090952,100.000000,99.937507,0,10000,0,0.298606,20.000000
293,17.493449,Series RL,0.339175,0.000110986285762,,6.973474,87.215446,142.012191,250000,0.013029,25.000000,1,6.981718,0.090963,100.000000,49.227649,0,10000,0,0.339175,20.000000
294,17.560864,Series RL,0.329986,0.00011130335424,,6.993396,87.298484,139.333663,250000,0.013024,25.000000,1,7.001177,0.091185,100.000000,46.632152,0,10000,0,0.329986,20.000000
295,17.630978,Series RL,0.297860,0.000111316580016,,6.994227,87.561431,-77.557693,250000,0.013030,25.000000,1,7.000566,0.091219,100.000000,-169.996261,0,10000,0,0.297860,20.000000
296,17.685745,Series RL,0.296408,0.000111299439028,,6.993150,87.572937,-112.059349,250000,0.013032,25.000000,1,6.999429,0.091218,100.000000,155.513610,0,10000,0,0.296408,20.000000
297,17.740265,Series RL,0.332502,0.000111000800693,,6.974386,87.270500,-175.462997,250000,0.013031,25.000000,1,6.982308,0.090986,100.000000,91.807502,0,10000,0,0.332502,20.000000
298,17.794645,Series RL,0.333235,0.000110692676723,,6.955026,87.256889,-158.955535,250000,0.013031,25.000000,1,6.963005,0.090735,100.000000,108.301361,0,10000,0,0.333235,20.000000
299,17.849341,Series RL,0.298237,0.000111333641426,,6.995299,87.558731,-106.219787,250000,0.013031,25.000000,1,7.001654,0.091240,100.000000,161.338943,0,10000,0,0.298237,20.000000
300,17.903784,Series RL,0.325463,0.000111046175767,,6.977237,87.329299,116.823356,250000,0.013028,25.000000,1,6.984824,0.091000,100.000000,24.152656,0,10000,0,0.325463,20.000000
301,17.982444,Series RL,0.293201,0.000111410274531,,7.000114,87.601562,-69.020614,250000,0.013034,25.000000,1,7.006252,0.091316,100.000000,-161.419052,0,10000,0,0.293201,20.000000
302,18.038974,Series RL,0.308586,0.000111226752966,,6.988583,87.471702,91.263961,250000,0.013027,25.000000,1,6.995393,0.091130,100.000000,-1.264339,0,10000,0,0.308586,20.000000
303,18.111652,Series RL,0.294159,0.000110756927574,,6.959063,87.579551,-128.747589,250000,0.013035,25.000000,1,6.965277,0.090793,100.000000,138.831985,0,10000,0,0.294159,20.000000
304,18.177033,Series RL,0.304207,0.000111528176513,,7.007522,87.514259,-76.682456,250000,0.013032,25.000000,1,7.014122,0.091408,100.000000,-169.168197,0,10000,0,0.304207,20.000000
305,18.234701,Series RL,0.325250,0.000111106352251,,6.981018,87.332473,102.080001,250000,0.013030,25.000000,1,6.988591,0.091059,100.000000,9.412473,0,10000,0,0.325250,20.000000
306,18.289328,Series RL,0.295080,0.000111041003232,,6.976912,87.578178,-22.529623,250000,0.013032,25.000000,1,6.983149,0.091002,100.000000,-114.951438,0,10000,0,0.295080,20.000000
307,18.343943,Series RL,0.335366,0.000111079375488,,6.979323,87.248970,-176.250900,250000,0.013035,25.000000,1,6.987376,0.091078,100.000000,90.998077,0,10000,0,0.335366,20.000000
308,18.399830,Series RL,0.309741,0.000110882102937,,6.966928,87.454376,135.044387,250000,0.013028,25.000000,1,6.973810,0.090855,100.000000,42.498756,0,10000,0,0.309741,20.000000
309,18.454426,Series RL,0.292785,0.000111170969158,,6.985078,87.599807,-64.210403,250000,0.013033,25.000000,1,6.991212,0.091117,100.000000,-156.610610,0,10000,0,0.292785,20.000000
310,18.508906,Series RL,0.340557,0.000110796859549,,6.961572,87.199340,85.467529,250000,0.013031,25.000000,1,6.969897,0.090823,100.000000,-7.333126,0,10000,0,0.340557,20.000000
311,18.563472,Series RL,0.324038,0.00011118745761,,6.986114,87.344345,12.554423,250000,0.013030,25.000000,1,6.993626,0.091127,100.000000,-80.101242,0,10000,0,0.324038,20.000000
312,18.641550,Series RL,0.313423,0.000110690926019,,6.954916,87.419715,-86.745803,250000,0.013036,25.000000,1,6.961975,0.090754,100.000000,-179.326095,0,10000,0,0.313423,20.000000
313,18.697083,Series RL,0.337994,0.000110921414207,,6.969398,87.223510,70.661720,250000,0.013028,25.000000,1,6.977589,0.090903,100.000000,-22.114774,0,10000,0,0.337994,20.000000
314,18.756907,Series RL,0.323044,0.000111062871121,,6.978286,87.349510,-118.053474,250000,0.013032,25.000000,1,6.985760,0.091036,100.000000,149.296051,0,10000,0,0.323044,20.000000
315,18.811968,Series RL,0.283486,0.000111113514224,,6.981468,87.674751,-66.182723,250000,0.013031,25.000000,1,6.987221,0.091052,100.000000,-158.507980,0,10000,0,0.283486,20.000000
316,18.866414,Series RL,0.285181,0.000111103582955,,6.980844,87.660652,-70.653411,250000,0.013032,25.000000,1,6.986666,0.091052,100.000000,-162.992767,0,10000,0,0.285181,20.000000
317,18.921220,Series RL,0.325508,0.000111099922392,,6.980614,87.330207,-1.936835,250000,0.013030,25.000000,1,6.988199,0.091058,100.000000,-94.606620,0,10000,0,0.325508,20.000000
318,18.999925,Series RL,0.330190,0.000111276886773,,6.991733,87.296165,26.105886,250000,0.013030,25.000000,1,6.999526,0.091201,100.000000,-66.597946,0,10000,0,0.330190,20.000000
319,19.060008,Series RL,0.302726,0.000111267210152,,6.991125,87.520545,30.152011,250000,0.013029,25.000000,1,6.997676,0.091176,100.000000,-62.327434,0,10000,0,0.302726,20.000000
320,19.118163,Series RL,0.302563,0.000111167165355,,6.984839,87.519660,0.551760,250000,0.013032,25.000000,1,6.991389,0.091113,100.000000,-91.928565,0,10000,0,0.302563,20.000000
321,19.172693,Series RL,0.319369,0.0001111022938,,6.980763,87.380546,-161.954803,250000,0.013034,25.000000,1,6.988065,0.091079,100.000000,105.425758,0,10000,0,0.319369,20.000000
322,19.227411,Series RL,0.295088,0.000111177621835,,6.985496,87.581092,-50.669147,250000,0.013031,25.000000,1,6.991725,0.091111,100.000000,-143.088058,0,10000,0,0.295088,20.000000
323,19.282046,Series RL,0.301082,0.000111578087503,,7.010658,87.540870,33.384693,250000,0.013028,25.000000,1,7.017120,0.091418,100.000000,-59.074440,0,10000,0,0.301082,20.000000
324,19.360664,Series RL,0.332020,0.00011066456996,,6.953260,87.266181,-174.364303,250000,0.013031,25.000000,1,6.961183,0.090711,100.000000,92.901870,0,10000,0,0.332020,20.000000
325,19.421393,Series RL,0.285239,0.000111047639993,,6.977329,87.659004,-109.066818,250000,0.013033,25.000000,1,6.983157,0.091010,100.000000,158.592178,0,10000,0,0.285239,20.000000
326,19.478026,Series RL,0.314075,0.000111199473809,,6.986869,87.426155,175.012207,250000,0.013033,25.000000,1,6.993925,0.091153,100.000000,82.438362,0,10000,0,0.314075,20.000000
327,19.532855,Series RL,0.315147,0.000111111317886,,6.981330,87.415344,50.574138,250000,0.013027,25.000000,1,6.988440,0.091041,100.000000,-42.010524,0,10000,0,0.315147,20.000000
328,19.587955,Series RL,0.297382,0.000110877789838,,6.966657,87.555732,-171.619888,250000,0.013030,25.000000,1,6.973001,0.090860,100.000000,95.935806,0,10000,0,0.297382,20.000000
329,19.665913,Series RL,0.328326,0.000110646489959,,6.952124,87.296112,170.955871,250000,0.013030,25.000000,1,6.959873,0.090689,100.000000,78.251991,0,10000,0,0.328326,20.000000
330,19.721461,Series RL,0.314218,0.000111005766327,,6.974698,87.420501,-15.441854,250000,0.013033,25.000000,1,6.981772,0.090996,100.000000,-108.021354,0,10000,0,0.314218,20.000000
331,19.776196,Series RL,0.334498,0.000110505319524,,6.943254,87.241851,157.243286,250000,0.013032,25.000000,1,6.951307,0.090591,100.000000,64.485137,0,10000,0,0.334498,20.000000
332,19.830726,Series RL,0.289367,0.000111247729587,,6.989901,87.629425,-64.113357,250000,0.013032,25.000000,1,6.995888,0.091168,100.000000,-156.483932,0,10000,0,0.289367,20.000000
333,19.897808,Series RL,0.300792,0.000110617332773,,6.950292,87.521919,158.962646,250000,0.013032,25.000000,1,6.956798,0.090659,100.000000,66.484550,0,10000,0,0.300792,20.000000
334,19.967970,Series RL,0.279933,0.000111227246346,,6.988614,87.706214,-55.908897,250000,0.013033,25.000000,1,6.994218,0.091153,100.000000,-148.202682,0,10000,0,0.279933,20.000000
335,20.035177,Series RL,0.297901,0.000110721913486,,6.956863,87.548019,-143.417266,250000,0.013035,25.000000,1,6.963238,0.090763,100.000000,124.130752,0,10000,0,0.297901,20.000000
336,20.104385,Series RL,0.294675,0.000111417118193,,7.000544,87.589660,119.356590,250000,0.013028,25.000000,1,7.006743,0.091281,100.000000,26.946241,0,10000,0,0.294675,20.000000
337,20.159950,Series RL,0.281358,0.000110826303213,,6.963422,87.686210,-156.906082,250000,0.013035,25.000000,1,6.969104,0.090840,100.000000,110.780113,0,10000,0,0.281358,20.000000
338,20.215244,Series RL,0.304360,0.000111267257899,,6.991128,87.507194,22.040639,250000,0.013029,25.000000,1,6.997751,0.091171,100.000000,-70.452171,0,10000,0,0.304360,20.000000
339,20.269752,Series RL,0.299185,0.00011126615973,,6.991059,87.549499,-134.643234,250000,0.013033,25.000000,1,6.997458,0.091198,100.000000,132.906250,0,10000,0,0.299185,20.000000
340,20.324329,Series RL,0.304657,0.000110762800391,,6.959432,87.493408,165.466461,250000,0.013030,25.000000,1,6.966097,0.090768,100.000000,72.959869,0,10000,0,0.304657,20.000000
341,20.379472,Series RL,0.293052,0.000111129970845,,6.982502,87.596733,-7.671240,250000,0.013030,25.000000,1,6.988649,0.091065,100.000000,-100.074508,0,10000,0,0.293052,20.000000
342,20.434259,Series RL,0.289730,0.000111210694232,,6.987574,87.625671,-98.695114,250000,0.013035,25.000000,1,6.993578,0.091159,100.000000,168.930557,0,10000,0,0.289730,20.000000
343,20.488882,Series RL,0.282009,0.000111220752824,,6.988206,87.689079,-77.894851,250000,0.013033,25.000000,1,6.993894,0.091150,100.000000,-170.205780,0,10000,0,0.282009,20.000000
344,20.543449,Series RL,0.310175,0.000110680294469,,6.954248,87.446166,-116.428489,250000,0.013035,25.000000,1,6.961162,0.090738,100.000000,151.017669,0,10000,0,0.310175,20.000000
345,20.598284,Series RL,0.315683,0.000111261400997,,6.990760,87.414443,111.057655,250000,0.013028,25.000000,1,6.997884,0.091171,100.000000,18.472087,0,10000,0,0.315683,20.000000
346,20.652924,Series RL,0.293830,0.000111516701441,,7.006801,87.598709,-20.151252,250000,0.013031,25.000000,1,7.012959,0.091384,100.000000,-112.552558,0,10000,0,0.293830,20.000000
347,20.707456,Series RL,0.312708,0.000111117763661,,6.981735,87.435462,-16.286886,250000,0.013034,25.000000,1,6.988735,0.091092,100.000000,-108.851425,0,10000,0,0.312708,20.000000
348,20.762183,Series RL,0.301394,0.000110909557164,,6.968653,87.523498,135.641754,250000,0.013030,25.000000,1,6.975168,0.090884,100.000000,43.165264,0,10000,0,0.301394,20.000000
349,20.816808,Series RL,0.303246,0.000111561328487,,7.009605,87.522842,-32.752922,250000,0.013032,25.000000,1,7.016161,0.091433,100.000000,-125.230079,0,10000,0,0.303246,20.000000
350,20.871296,Series RL,0.327966,0.000110984948861,,6.973390,87.307304,14.102799,250000,0.013033,25.000000,1,6.981098,0.090986,100.000000,-78.589897,0,10000,0,0.327966,20.000000
351,20.962517,Series RL,0.273593,0.000111087603799,,6.979840,87.755287,-70.754028,250000,0.013035,25.000000,1,6.985199,0.091055,100.000000,-162.998748,0,10000,0,0.273593,20.000000
352,21.028866,Series RL,0.329220,0.000111036578724,,6.976634,87.298278,27.133298,250000,0.013031,25.000000,1,6.984398,0.091016,100.000000,-65.568420,0,10000,0,0.329220,20.000000
353,21.097851,Series RL,0.286958,0.000111336951848,,6.995507,87.651023,-154.868026,250000,0.013036,25.000000,1,7.001390,0.091268,100.000000,112.782997,0,10000,0,0.286958,20.000000
354,21.177602,Series RL,0.333282,0.000110581029531,,6.948011,87.253738,129.011703,250000,0.013032,25.000000,1,6.956000,0.090649,100.000000,36.265434,0,10000,0,0.333282,20.000000
355,21.232709,Series RL,0.286717,0.000111292786352,,6.992732,87.652053,-154.933563,250000,0.013037,25.000000,1,6.998608,0.091241,100.000000,112.718521,0,10000,0,0.286717,20.000000
356,21.287841,Series RL,0.296656,0.000111232020994,,6.988914,87.569435,-22.234109,250000,0.013033,25.000000,1,6.995207,0.091165,100.000000,-114.664665,0,10000,0,0.296656,20.000000
357,21.343018,Series RL,0.319037,0.000111400518333,,6.999501,87.390266,-17.484886,250000,0.013033,25.000000,1,7.006768,0.091321,100.000000,-110.094619,0,10000,0,0.319037,20.000000
358,21.397565,Series RL,0.330649,0.000111183606061,,6.985872,87.290153,40.640682,250000,0.013032,25.000000,1,6.993693,0.091143,100.000000,-52.069168,0,10000,0,0.330649,20.000000
359,21.452275,Series RL,0.323064,0.000110588286996,,6.948467,87.337989,172.142028,250000,0.013038,25.000000,1,6.955974,0.090689,100.000000,79.480018,0,10000,0,0.323064,20.000000
360,21.506872,Series RL,0.307332,0.000110487732903,,6.942149,87.465148,172.779373,250000,0.013033,25.000000,1,6.948948,0.090567,100.000000,80.244529,0,10000,0,0.307332,20.000000
361,21.561498,Series RL,0.336686,0.000110534524456,,6.945089,87.224571,129.447250,250000,0.013036,25.000000,1,6.953246,0.090642,100.000000,36.671833,0,10000,0,0.336686,20.000000
362,21.615938,Series RL,0.331929,0.000111206206063,,6.987292,87.280220,69.596183,250000,0.013033,25.000000,1,6.995172,0.091169,100.000000,-23.123592,0,10000,0,0.331929,20.000000
363,21.670360,Series RL,0.296941,0.000111175552821,,6.985366,87.565872,58.992424,250000,0.013033,25.000000,1,6.991674,0.091124,100.000000,-33.441696,0,10000,0,0.296941,20.000000
364,21.724821,Series RL,0.315658,0.000111114230421,,6.981513,87.411224,93.452362,250000,0.013029,25.000000,1,6.988645,0.091054,100.000000,0.863591,0,10000,0,0.315658,20.000000
365,21.803237,Series RL,0.315753,0.000111007930835,,6.974834,87.407974,43.189842,250000,0.013036,25.000000,1,6.981977,0.091016,100.000000,-49.402191,0,10000,0,0.315753,20.000000
366,21.859923,Series RL,0.308155,0.000111537487077,,7.008107,87.482254,45.695289,250000,0.013033,25.000000,1,7.014878,0.091428,100.000000,-46.822456,0,10000,0,0.308155,20.000000
367,21.939502,Series RL,0.297298,0.000111263294941,,6.990879,87.564872,5.758533,250000,0.013033,25.000000,1,6.997198,0.091198,100.000000,-86.676589,0,10000,0,0.297298,20.000000
368,22.003628,Series RL,0.322660,0.000110800631521,,6.961809,87.346397,-131.484252,250000,0.013040,25.000000,1,6.969282,0.090880,100.000000,135.862136,0,10000,0,0.322660,20.000000
369,22.060150,Series RL,0.318744,0.000110750752362,,6.958675,87.377380,-116.141220,250000,0.013040,25.000000,1,6.965971,0.090835,100.000000,151.236160,0,10000,0,0.318744,20.000000
370,22.140067,Series RL,0.298569,0.000111249464376,,6.990010,87.554168,49.389465,250000,0.013031,25.000000,1,6.996383,0.091171,100.000000,-43.056358,0,10000,0,0.298569,20.000000
371,22.199366,Series RL,0.333932,0.000110855412653,,6.965251,87.255187,85.467956,250000,0.013035,25.000000,1,6.973251,0.090899,100.000000,-7.276852,0,10000,0,0.333932,20.000000
372,22.254919,Series RL,0.287794,0.000111063921544,,6.978352,87.638397,-135.267059,250000,0.013036,25.000000,1,6.984284,0.091051,100.000000,132.371337,0,10000,0,0.287794,20.000000
373,22.309490,Series RL,0.319656,0.000110829358988,,6.963614,87.371749,-131.730712,250000,0.013037,25.000000,1,6.970947,0.090881,100.000000,135.641052,0,10000,0,0.319656,20.000000
374,22.364211,Series RL,0.317259,0.000111498382707,,7.005650,87.407058,11.380521,250000,0.013035,25.000000,1,7.012831,0.091412,100.000000,-81.212417,0,10000,0,0.317259,20.000000
375,22.418867,Series RL,0.304464,0.000111608533843,,7.012571,87.513954,32.340076,250000,0.013032,25.000000,1,7.019177,0.091473,100.000000,-60.145965,0,10000,0,0.304464,20.000000
376,22.473560,Series RL,0.275246,0.000111133392676,,6.982717,87.742668,-37.145973,250000,0.013035,25.000000,1,6.988139,0.091088,100.000000,-129.403305,0,10000,0,0.275246,20.000000
377,22.528313,Series RL,0.266081,0.000111548675669,,7.008810,87.825881,-111.626914,250000,0.013038,25.000000,1,7.013860,0.091450,100.000000,156.198959,0,10000,0,0.266081,20.000000
378,22.595583,Series RL,0.300427,0.000110989452946,,6.973673,87.533203,87.855300,250000,0.013032,25.000000,1,6.980141,0.090966,100.000000,-4.611490,0,10000,0,0.300427,20.000000
379,22.664488,Series RL,0.276788,0.000111535577217,,7.007987,87.738220,-68.498527,250000,0.013037,25.000000,1,7.013451,0.091437,100.000000,-160.760314,0,10000,0,0.276788,20.000000
380,22.719061,Series RL,0.289055,0.000110796031943,,6.961520,87.622329,-138.462402,250000,0.013037,25.000000,1,6.967518,0.090835,100.000000,129.159912,0,10000,0,0.289055,20.000000
381,22.773584,Series RL,0.304053,0.000110812981945,,6.962585,87.499496,-116.367897,250000,0.013039,25.000000,1,6.969221,0.090871,100.000000,151.131591,0,10000,0,0.304053,20.000000
382,22.828332,Series RL,0.298101,0.000111597743138,,7.011893,87.565612,-47.610729,250000,0.013035,25.000000,1,7.018227,0.091481,100.000000,-140.045120,0,10000,0,0.298101,20.000000
383,22.906383,Series RL,0.305269,0.000111435946223,,7.001727,87.503532,8.298718,250000,0.013032,25.000000,1,7.008378,0.091334,100.000000,-84.197753,0,10000,0,0.305269,20.000000
384,22.964729,Series RL,0.324770,0.000110525564033,,6.944526,87.322441,157.422134,250000,0.013036,25.000000,1,6.952116,0.090625,100.000000,64.744575,0,10000,0,0.324770,20.000000
385,23.028310,Series RL,0.285782,0.000111546797641,,7.008692,87.665031,-9.905035,250000,0.013033,25.000000,1,7.014516,0.091418,100.000000,-102.239997,0,10000,0,0.285782,20.000000
386,23.082989,Series RL,0.310791,0.000111535943274,,7.008010,87.460708,-32.278499,250000,0.013037,25.000000,1,7.014898,0.091450,100.000000,-124.817794,0,10000,0,0.310791,20.000000
387,23.137531,Series RL,0.293910,0.000111373111851,,6.997779,87.594955,-120.347412,250000,0.013036,25.000000,1,7.003949,0.091305,100.000000,147.247573,0,10000,0,0.293910,20.000000
388,23.192125,Series RL,0.298754,0.000111523401864,,7.007222,87.558662,75.023719,250000,0.013034,25.000000,1,7.013588,0.091415,100.000000,-17.417617,0,10000,0,0.298754,20.000000
389,23.270647,Series RL,0.286214,0.000111400629741,,6.999508,87.658447,-7.669621,250000,0.013032,25.000000,1,7.005357,0.091294,100.000000,-100.011169,0,10000,0,0.286214,20.000000
390,23.329448,Series RL,0.286866,0.00011108410239,,6.979620,87.646430,-138.850234,250000,0.013036,25.000000,1,6.985513,0.091062,100.000000,128.796188,0,10000,0,0.286866,20.000000
391,23.384940,Series RL,0.320631,0.00011153178933,,7.007749,87.380325,81.883003,250000,0.013031,25.000000,1,7.015080,0.091413,100.000000,-10.736671,0,10000,0,0.320631,20.000000
392,23.439443,Series RL,0.302391,0.000111458625802,,7.003152,87.527542,50.618385,250000,0.013032,25.000000,1,7.009677,0.091353,100.000000,-41.854072,0,10000,0,0.302391,20.000000
393,23.494071,Series RL,0.332701,0.000110641699395,,6.951823,87.260017,128.785842,250000,0.013034,25.000000,1,6.959779,0.090713,100.000000,36.045860,0,10000,0,0.332701,20.000000
394,23.561578,Series RL,0.303338,0.000110814748565,,6.962696,87.505416,-71.923843,250000,0.013040,25.000000,1,6.969301,0.090882,100.000000,-164.418411,0,10000,0,0.303338,20.000000
395,23.632214,Series RL,0.287180,0.000111099763237,,6.980604,87.644187,-94.931808,250000,0.013034,25.000000,1,6.986509,0.091064,100.000000,172.712387,0,10000,0,0.287180,20.000000
396,23.713756,Series RL,0.289690,0.000111311471142,,6.993906,87.628143,-34.536705,250000,0.013035,25.000000,1,6.999903,0.091243,100.000000,-126.908561,0,10000,0,0.289690,20.000000
397,23.773818,Series RL,0.322805,0.000111012880553,,6.975145,87.350280,42.542045,250000,0.013038,25.000000,1,6.982610,0.091036,100.000000,-50.107681,0,10000,0,0.322805,20.000000
398,23.831627,Series RL,0.291410,0.000111275279308,,6.991632,87.613296,-77.174186,250000,0.013034,25.000000,1,6.997702,0.091205,100.000000,-169.560897,0,10000,0,0.291410,20.000000
399,23.886388,Series RL,0.308681,0.000111513263694,,7.006585,87.477416,-60.995769,250000,0.013038,25.000000,1,7.013381,0.091441,100.000000,-153.518356,0,10000,0,0.308681,20.000000
400,23.941061,Series RL,0.290372,0.000111133153944,,6.982702,87.618759,174.513015,250000,0.013035,25.000000,1,6.988737,0.091101,100.000000,82.131774,0,10000,0,0.290372,20.000000
401,24.019418,Series RL,0.306041,0.000111484488481,,7.004777,87.498321,89.043098,250000,0.013033,25.000000,1,7.011459,0.091381,100.000000,-3.458582,0,10000,0,0.306041,20.000000
402,24.077726,Series RL,0.302265,0.000110745643488,,6.958354,87.512680,-57.575981,250000,0.013038,25.000000,1,6.964916,0.090806,100.000000,-150.063293,0,10000,0,0.302265,20.000000
403,24.158115,Series RL,0.326768,0.000110842759835,,6.964456,87.313690,70.897621,250000,0.013034,25.000000,1,6.972117,0.090876,100.000000,-21.788690,0,10000,0,0.326768,20.000000
404,24.215136,Series RL,0.303998,0.000110786403069,,6.960915,87.499359,173.343002,250000,0.013037,25.000000,1,6.967549,0.090837,100.000000,80.842353,0,10000,0,0.303998,20.000000
405,24.275266,Series RL,0.300700,0.000111285306069,,6.992262,87.537528,19.650844,250000,0.013031,25.000000,1,6.998725,0.091199,100.000000,-72.811630,0,10000,0,0.300700,20.000000
406,24.329816,Series RL,0.303945,0.000110769389406,,6.959846,87.499412,130.283065,250000,0.013035,25.000000,1,6.966480,0.090806,100.000000,37.782474,0,10000,0,0.303945,20.000000
407,24.384507,Series RL,0.288616,0.000111521301019,,7.007090,87.641365,33.052600,250000,0.013030,25.000000,1,7.013031,0.091383,100.000000,-59.306041,0,10000,0,0.288616,20.000000
408,24.439059,Series RL,0.278066,0.000111449410731,,7.002573,87.726028,-34.471672,250000,0.013033,25.000000,1,7.008091,0.091334,100.000000,-126.745643,0,10000,0,0.278066,20.000000
409,24.506199,Series RL,0.299522,0.000111237655079,,6.989268,87.546112,35.693672,250000,0.013031,25.000000,1,6.995683,0.091162,100.000000,-56.760219,0,10000,0,0.299522,20.000000
410,24.576555,Series RL,0.299617,0.000111320065509,,6.994446,87.547142,-118.886138,250000,0.013036,25.000000,1,7.000861,0.091261,100.000000,148.660995,0,10000,0,0.299617,20.000000
411,24.633389,Series RL,0.301921,0.000110966391394,,6.972224,87.520439,130.572433,250000,0.013033,25.000000,1,6.978758,0.090953,100.000000,38.092876,0,10000,0,0.301921,20.000000
412,24.687881,Series RL,0.328033,0.000110844287722,,6.964552,87.303344,127.399719,250000,0.013034,25.000000,1,6.972273,0.090876,100.000000,34.703056,0,10000,0,0.328033,20.000000
413,24.742412,Series RL,0.290867,0.000110820096171,,6.963032,87.607963,-167.606582,250000,0.013033,25.000000,1,6.969104,0.090828,100.000000,100.001358,0,10000,0,0.290867,20.000000
414,24.797301,Series RL,0.285650,0.00011112451183,,6.982159,87.657257,-93.481170,250000,0.013036,25.000000,1,6.987999,0.091095,100.000000,174.176055,0,10000,0,0.285650,20.000000
415,24.851925,Series RL,0.295101,0.00011143503904,,7.001670,87.586563,-6.054505,250000,0.013033,25.000000,1,7.007886,0.091333,100.000000,-98.467941,0,10000,0,0.295101,20.000000
416,24.906619,Series RL,0.286723,0.000111637643282,,7.014400,87.659263,-19.924119,250000,0.013036,25.000000,1,7.020258,0.091514,100.000000,-112.264854,0,10000,0,0.286723,20.000000
417,24.961329,Series RL,0.288545,0.000110745802643,,6.958364,87.625450,-166.196319,250000,0.013034,25.000000,1,6.964344,0.090773,100.000000,101.429107,0,10000,0,0.288545,20.000000
418,25.039818,Series RL,0.280279,0.000111495215524,,7.005451,87.708885,-38.680038,250000,0.013035,25.000000,1,7.011055,0.091390,100.000000,-130.971160,0,10000,0,0.280279,20.000000
419,25.097698,Series RL,0.295173,0.000110760842785,,6.959309,87.571304,-116.315330,250000,0.013039,25.000000,1,6.965566,0.090825,100.000000,151.255950,0,10000,0,0.295173,20.000000
420,25.153203,Series RL,0.299147,0.000111294282408,,6.992826,87.550430,-133.335845,250000,0.013035,25.000000,1,6.999222,0.091236,100.000000,134.214584,0,10000,0,0.299147,20.000000
421,25.208127,Series RL,0.288915,0.000111030753653,,6.976268,87.628501,179.796768,250000,0.013033,25.000000,1,6.982248,0.090998,100.000000,87.425262,0,10000,0,0.288915,20.000000
422,25.286201,Series RL,0.318131,0.000110991983509,,6.973832,87.388099,28.205907,250000,0.013034,25.000000,1,6.981085,0.090993,100.000000,-64.405990,0,10000,0,0.318131,20.000000
423,25.343493,Series RL,0.301614,0.000111086171405,,6.979750,87.525627,160.555648,250000,0.013038,25.000000,1,6.986263,0.091089,100.000000,68.081283,0,10000,0,0.301614,20.000000
424,25.399265,Series RL,0.277138,0.000110966295901,,6.972218,87.723747,-94.764610,250000,0.013036,25.000000,1,6.977724,0.090962,100.000000,172.959106,0,10000,0,0.277138,20.000000
425,25.454010,Series RL,0.287137,0.000111265013814,,6.990987,87.648033,133.316833,250000,0.013033,25.000000,1,6.996881,0.091190,100.000000,40.964874,0,10000,0,0.287137,20.000000
426,25.508431,Series RL,0.317666,0.000110926825476,,6.969738,87.390380,-131.825424,250000,0.013036,25.000000,1,6.976973,0.090952,100.000000,135.564941,0,10000,0,0.317666,20.000000
427,25.563089,Series RL,0.315007,0.000111596915532,,7.011841,87.427719,25.718900,250000,0.013035,25.000000,1,7.018913,0.091490,100.000000,-66.853385,0,10000,0,0.315007,20.000000
428,25.619054,Series RL,0.284146,0.000111206794936,,6.987329,87.671287,-153.903823,250000,0.013036,25.000000,1,6.993104,0.091163,100.000000,113.767486,0,10000,0,0.284146,20.000000
429,25.674228,Series RL,0.289874,0.000111672418637,,7.016585,87.634300,60.688121,250000,0.013033,25.000000,1,7.022571,0.091524,100.000000,-31.677574,0,10000,0,0.289874,20.000000
430,25.728774,Series RL,0.305273,0.0001113199541,,6.994439,87.500907,50.465950,250000,0.013030,25.000000,1,7.001098,0.091224,100.000000,-42.033149,0,10000,0,0.305273,20.000000
431,25.783218,Series RL,0.289604,0.000111095784363,,6.980354,87.624244,-106.393363,250000,0.013036,25.000000,1,6.986359,0.091076,100.000000,161.230865,0,10000,0,0.289604,20.000000
432,25.837744,Series RL,0.304827,0.000111358724245,,6.996875,87.505416,22.351318,250000,0.013032,25.000000,1,7.003511,0.091271,100.000000,-70.143272,0,10000,0,0.304827,20.000000
433,25.892192,Series RL,0.274063,0.000111474047916,,7.004121,87.759223,-34.289142,250000,0.013035,25.000000,1,7.009481,0.091368,100.000000,-126.529922,0,10000,0,0.274063,20.000000
434,25.946800,Series RL,0.310904,0.000111417850306,,7.000590,87.457092,-75.734924,250000,0.013039,25.000000,1,7.007490,0.091371,100.000000,-168.277832,0,10000,0,0.310904,20.000000
435,26.014453,Series RL,0.289843,0.000111494292425,,7.005393,87.630783,-48.015171,250000,0.013034,25.000000,1,7.011386,0.091387,100.000000,-140.384399,0,10000,0,0.289843,20.000000
436,26.086034,Series RL,0.325317,0.000111058287459,,6.977998,87.330787,55.290138,250000,0.013033,25.000000,1,6.985577,0.091043,100.000000,-37.379074,0,10000,0,0.325317,20.000000
437,26.144966,Series RL,0.279564,0.000111266637195,,6.991089,87.710037,-63.307926,250000,0.013034,25.000000,1,6.996676,0.091198,100.000000,-155.597900,0,10000,0,0.279564,20.000000
438,26.215737,Series RL,0.288016,0.000111301858183,,6.993302,87.641632,-21.193920,250000,0.013034,25.000000,1,6.999231,0.091226,100.000000,-113.552291,0,10000,0,0.288016,20.000000
439,26.270729,Series RL,0.303506,0.000110974492381,,6.972733,87.507629,-43.245426,250000,0.013037,25.000000,1,6.979336,0.090990,100.000000,-135.737792,0,10000,0,0.303506,20.000000
440,26.325305,Series RL,0.278444,0.000111021427174,,6.975682,87.714179,-66.366218,250000,0.013038,25.000000,1,6.981237,0.091022,100.000000,-158.652038,0,10000,0,0.278444,20.000000
441,26.380223,Series RL,0.271040,0.000111333800581,,6.995309,87.781127,-67.830528,250000,0.013036,25.000000,1,7.000558,0.091261,100.000000,-160.049392,0,10000,0,0.271040,20.000000
442,26.458146,Series RL,0.293343,0.00011149314651,,7.005321,87.602172,16.609741,250000,0.013035,25.000000,1,7.011460,0.091396,100.000000,-75.788085,0,10000,0,0.293343,20.000000
443,26.515815,Series RL,0.304366,0.000111178847328,,6.985573,87.505157,14.674576,250000,0.013035,25.000000,1,6.992200,0.091146,100.000000,-77.820259,0,10000,0,0.304366,20.000000
444,26.570707,Series RL,0.282820,0.000111177828736,,6.985509,87.681549,-63.884799,250000,0.013037,25.000000,1,6.991232,0.091141,100.000000,-156.203247,0,10000,0,0.282820,20.000000
445,26.625385,Series RL,0.289211,0.000111512865807,,7.006560,87.636329,-48.231456,250000,0.013037,25.000000,1,7.012526,0.091424,100.000000,-140.595123,0,10000,0,0.289211,20.000000
446,26.694578,Series RL,0.275225,0.000110941531392,,6.970662,87.738937,-157.339447,250000,0.013037,25.000000,1,6.976093,0.090946,100.000000,110.399475,0,10000,0,0.275225,20.000000
447,26.761441,Series RL,0.298232,0.000110998079144,,6.974215,87.551399,64.427307,250000,0.013031,25.000000,1,6.980589,0.090966,100.000000,-28.021289,0,10000,0,0.298232,20.000000
448,26.841267,Series RL,0.297769,0.000110908522657,,6.968588,87.553222,0.264530,250000,0.013035,25.000000,1,6.974947,0.090920,100.000000,-92.182243,0,10000,0,0.297769,20.000000
449,26.902895,Series RL,0.307524,0.000111462795662,,7.003414,87.485725,96.563323,250000,0.013032,25.000000,1,7.010162,0.091355,100.000000,4.049048,0,10000,0,0.307524,20.000000
450,26.959345,Series RL,0.306214,0.000111138119578,,6.983014,87.489112,138.278854,250000,0.013035,25.000000,1,6.989725,0.091108,100.000000,45.767967,0,10000,0,0.306214,20.000000
451,27.014029,Series RL,0.271410,0.000111014249286,,6.975231,87.771713,-80.447921,250000,0.013038,25.000000,1,6.980509,0.091011,100.000000,-172.676208,0,10000,0,0.271410,20.000000
452,27.068696,Series RL,0.277238,0.000111366666076,,6.997374,87.731109,5.260102,250000,0.013033,25.000000,1,7.002864,0.091271,100.000000,-87.008789,0,10000,0,0.277238,20.000000
453,27.123267,Series RL,0.311236,0.000110970815902,,6.972502,87.444145,-160.840713,250000,0.013038,25.000000,1,6.979445,0.090999,100.000000,106.603416,0,10000,0,0.311236,20.000000
454,27.177773,Series RL,0.301303,0.000111136623522,,6.982920,87.529289,94.897674,250000,0.013031,25.000000,1,6.989417,0.091079,100.000000,2.426970,0,10000,0,0.301303,20.000000
455,27.232424,Series RL,0.282765,0.000111250132827,,6.990052,87.683509,161.476974,250000,0.013037,25.000000,1,6.995769,0.091204,100.000000,69.160484,0,10000,0,0.282765,20.000000
456,27.286889,Series RL,0.302763,0.00011095948407,,6.971790,87.513381,-44.490550,250000,0.013036,25.000000,1,6.978361,0.090972,100.000000,-136.977172,0,10000,0,0.302763,20.000000
457,27.341412,Series RL,0.294551,0.000111168820567,,6.984943,87.585289,175.342849,250000,0.013036,25.000000,1,6.991151,0.091140,100.000000,82.928146,0,10000,0,0.294551,20.000000
458,27.395968,Series RL,0.281568,0.000111118002393,,6.981750,87.690567,-64.566947,250000,0.013036,25.000000,1,6.987425,0.091088,100.000000,-156.876388,0,10000,0,0.281568,20.000000
459,27.450678,Series RL,0.300143,0.000111220100289,,6.988165,87.540649,-148.037414,250000,0.013037,25.000000,1,6.994607,0.091189,100.000000,119.503227,0,10000,0,0.300143,20.000000
460,27.505297,Series RL,0.275574,0.000110795283915,,6.961473,87.733093,-166.709518,250000,0.013036,25.000000,1,6.966925,0.090818,100.000000,101.023597,0,10000,0,0.275574,20.000000
461,27.559912,Series RL,0.282589,0.000111043565626,,6.977073,87.680633,-164.607406,250000,0.013035,25.000000,1,6.982793,0.091023,100.000000,103.073234,0,10000,0,0.282589,20.000000
462,27.614661,Series RL,0.285823,0.000110961266605,,6.971902,87.652389,-151.082061,250000,0.013033,25.000000,1,6.977759,0.090944,100.000000,116.570320,0,10000,0,0.285823,20.000000
463,27.681730,Series RL,0.282847,0.000110979792241,,6.973066,87.677200,-135.811019,250000,0.013037,25.000000,1,6.978800,0.090980,100.000000,131.866149,0,10000,0,0.282847,20.000000
464,27.751430,Series RL,0.276007,0.000110867826738,,6.966031,87.731025,-152.749588,250000,0.013036,25.000000,1,6.971496,0.090879,100.000000,114.981422,0,10000,0,0.276007,20.000000
465,27.808004,Series RL,0.294541,0.000110850765328,,6.964959,87.578460,-151.071914,250000,0.013032,25.000000,1,6.971184,0.090848,100.000000,116.506507,0,10000,0,0.294541,20.000000
466,27.874033,Series RL,0.305688,0.000111375069457,,6.997902,87.498748,110.285743,250000,0.013031,25.000000,1,7.004575,0.091278,100.000000,17.784496,0,10000,0,0.305688,20.000000
467,27.931020,Series RL,0.310007,0.000110838940116,,6.964216,87.451202,-146.127380,250000,0.013041,25.000000,1,6.971112,0.090908,100.000000,121.323791,0,10000,0,0.310007,20.000000
468,27.997507,Series RL,0.299379,0.000111095561546,,6.980340,87.544151,137.529418,250000,0.013031,25.000000,1,6.986757,0.091042,100.000000,45.073558,0,10000,0,0.299379,20.000000
469,28.077792,Series RL,0.272147,0.000111297194944,,6.993009,87.771347,-155.083160,250000,0.013037,25.000000,1,6.998302,0.091238,100.000000,112.688201,0,10000,0,0.272147,20.000000
470,28.136941,Series RL,0.308209,0.000111520537075,,7.007042,87.481430,67.822593,250000,0.013032,25.000000,1,7.013817,0.091403,100.000000,-24.695976,0,10000,0,0.308209,20.000000
471,28.195862,Series RL,0.270804,0.000111431728617,,7.001462,87.785003,-12.742316,250000,0.013036,25.000000,1,7.006698,0.091338,100.000000,-104.957313,0,10000,0,0.270804,20.000000
472,28.277208,Series RL,0.281271,0.000111481607776,,7.004596,87.700508,19.028804,250000,0.013032,25.000000,1,7.010241,0.091356,100.000000,-73.270690,0,10000,0,0.281271,20.000000
473,28.336052,Series RL,0.296861,0.000110636224465,,6.951479,87.554679,173.322158,250000,0.013038,25.000000,1,6.957815,0.090713,100.000000,80.876831,0,10000,0,0.296861,20.000000
474,28.394435,Series RL,0.256948,0.000111489008481,,7.005061,87.899314,-54.520824,250000,0.013040,25.000000,1,7.009771,0.091408,100.000000,-146.621505,0,10000,0,0.256948,20.000000
475,28.448814,Series RL,0.270194,0.000111453978478,,7.002860,87.790420,-55.495056,250000,0.013038,25.000000,1,7.008070,0.091371,100.000000,-147.704620,0,10000,0,0.270194,20.000000
476,28.503788,Series RL,0.263922,0.000111174534229,,6.985302,87.836257,-85.172805,250000,0.013038,25.000000,1,6.990286,0.091136,100.000000,-177.336547,0,10000,0,0.263922,20.000000
477,28.558717,Series RL,0.322185,0.000111078293235,,6.979255,87.356918,126.889381,250000,0.013032,25.000000,1,6.986687,0.091049,100.000000,34.246292,0,10000,0,0.322185,20.000000
478,28.613396,Series RL,0.277476,0.000111194985639,,6.986587,87.725662,-98.288902,250000,0.013038,25.000000,1,6.992094,0.091162,100.000000,169.436752,0,10000,0,0.277476,20.000000
479,28.667935,Series RL,0.268917,0.000110778763632,,6.960435,87.787467,-85.601341,250000,0.013040,25.000000,1,6.965628,0.090835,100.000000,-177.813873,0,10000,0,0.268917,20.000000
480,28.722364,Series RL,0.281010,0.000111540988485,,7.008327,87.703865,-48.055858,250000,0.013036,25.000000,1,7.013958,0.091436,100.000000,-140.351989,0,10000,0,0.281010,20.000000
481,28.794154,Series RL,0.324853,0.000111318983255,,6.994378,87.340812,83.496513,250000,0.013034,25.000000,1,7.001918,0.091260,100.000000,-9.162681,0,10000,0,0.324853,20.000000
482,28.857796,Series RL,0.296097,0.000111442567069,,7.002143,87.578598,54.040859,250000,0.013035,25.000000,1,7.008400,0.091355,100.000000,-38.380546,0,10000,0,0.296097,20.000000
483,28.915053,Series RL,0.289219,0.000111308176635,,6.993699,87.631927,146.688385,250000,0.013037,25.000000,1,6.999677,0.091253,100.000000,54.320316,0,10000,0,0.289219,20.000000
484,28.969559,Series RL,0.291527,0.00011103450971,,6.976504,87.607177,49.550186,250000,0.013031,25.000000,1,6.982593,0.090994,100.000000,-42.842639,0,10000,0,0.291527,20.000000
485,29.024093,Series RL,0.283771,0.00011140575453,,6.999830,87.678520,33.899394,250000,0.013033,25.000000,1,7.005579,0.091306,100.000000,-58.422088,0,10000,0,0.283771,20.000000
486,29.078791,Series RL,0.298835,0.000111013803652,,6.975203,87.546806,152.041305,250000,0.013032,25.000000,1,6.981602,0.090986,100.000000,59.588111,0,10000,0,0.298835,20.000000
487,29.157836,Series RL,0.291459,0.000111251406066,,6.990132,87.612396,-148.083602,250000,0.013035,25.000000,1,6.996206,0.091197,100.000000,119.528770,0,10000,0,0.291459,20.000000
488,29.216435,Series RL,0.265325,0.000110866346597,,6.965938,87.818717,-108.828514,250000,0.013037,25.000000,1,6.970989,0.090880,100.000000,158.990234,0,10000,0,0.265325,20.000000
489,29.271924,Series RL,0.308946,0.000110656691791,,6.952765,87.455734,-102.674957,250000,0.013038,25.000000,1,6.959626,0.090739,100.000000,164.780792,0,10000,0,0.308946,20.000000
490,29.326340,Series RL,0.300553,0.000110748890249,,6.958558,87.526824,-174.952316,250000,0.013038,25.000000,1,6.965046,0.090812,100.000000,92.574516,0,10000,0,0.300553,20.000000
491,29.380811,Series RL,0.275020,0.000111358342273,,6.996851,87.749069,5.003926,250000,0.013033,25.000000,1,7.002254,0.091258,100.000000,-87.247001,0,10000,0,0.275020,20.000000
492,29.435528,Series RL,0.274331,0.000111099954223,,6.980616,87.749488,-81.227203,250000,0.013036,25.000000,1,6.986004,0.091069,100.000000,-173.477722,0,10000,0,0.274331,20.000000
493,29.514047,Series RL,0.264541,0.000111227660149,,6.988640,87.832214,-27.602254,250000,0.013036,25.000000,1,6.993645,0.091168,100.000000,-119.770034,0,10000,0,0.264541,20.000000
494,29.572713,Series RL,0.296476,0.000111228535501,,6.988695,87.570838,-60.216747,250000,0.013037,25.000000,1,6.994980,0.091195,100.000000,-152.645919,0,10000,0,0.296476,20.000000
495,29.640607,Series RL,0.287881,0.000111182460145,,6.985800,87.640205,175.608856,250000,0.013034,25.000000,1,6.991729,0.091130,100.000000,83.249061,0,10000,0,0.287881,20.000000
496,29.700174,Series RL,0.310212,0.000110820573636,,6.963062,87.449089,170.791564,250000,0.013036,25.000000,1,6.969969,0.090859,100.000000,78.240661,0,10000,0,0.310212,20.000000
497,29.758921,Series RL,0.288139,0.000111562935952,,7.009706,87.646141,75.979171,250000,0.013030,25.000000,1,7.015625,0.091414,100.000000,-16.374687,0,10000,0,0.288139,20.000000
498,29.813680,Series RL,0.265232,0.00011098555365,,6.973428,87.821823,-78.700660,250000,0.013037,25.000000,1,6.978470,0.090976,100.000000,-170.878845,0,10000,0,0.265232,20.000000
499,29.868417,Series RL,0.292683,0.000110887768853,,6.967284,87.594520,-179.811874,250000,0.013034,25.000000,1,6.973428,0.090890,100.000000,87.782653,0,10000,0,0.292683,20.000000
500,29.922983,Series RL,0.270877,0.000111026058583,,6.975973,87.776321,-110.310302,250000,0.013036,25.000000,1,6.981230,0.091006,100.000000,157.466003,0,10000,0,0.270877,20.000000
501,30.001361,Series RL,0.315440,0.000111344973258,,6.996011,87.418365,40.168067,250000,0.013034,25.000000,1,7.003118,0.091281,100.000000,-52.413566,0,10000,0,0.315440,20.000000
502,30.060343,Series RL,0.306567,0.000111455251718,,7.002940,87.493370,52.959030,250000,0.013029,25.000000,1,7.009647,0.091329,100.000000,-39.547595,0,10000,0,0.306567,20.000000
503,30.117674,Series RL,0.269199,0.000111222423951,,6.988311,87.793975,-36.340324,250000,0.013037,25.000000,1,6.993494,0.091175,100.000000,-128.546340,0,10000,0,0.269199,20.000000
504,30.172202,Series RL,0.305463,0.000110663217143,,6.953175,87.484527,-160.072891,250000,0.013037,25.000000,1,6.959881,0.090737,100.000000,107.411643,0,10000,0,0.305463,20.000000
505,30.226748,Series RL,0.292542,0.000111163250144,,6.984593,87.601631,-134.715545,250000,0.013035,25.000000,1,6.990717,0.091123,100.000000,132.886047,0,10000,0,0.292542,20.000000
506,30.294097,Series RL,0.284275,0.000110995293932,,6.974040,87.665802,161.031112,250000,0.013036,25.000000,1,6.979831,0.090986,100.000000,68.696922,0,10000,0,0.284275,20.000000
507,30.364723,Series RL,0.288817,0.000110663328552,,6.953182,87.621444,179.563919,250000,0.013033,25.000000,1,6.959177,0.090701,100.000000,87.185363,0,10000,0,0.288817,20.000000
508,30.424733,Series RL,0.263636,0.000111450365661,,7.002633,87.843940,-55.052051,250000,0.013039,25.000000,1,7.007594,0.091373,100.000000,-147.208114,0,10000,0,0.263636,20.000000
509,30.500504,Series RL,0.297547,0.00011037107233,,6.934819,87.543159,-173.335739,250000,0.013037,25.000000,1,6.941199,0.090493,100.000000,94.207412,0,10000,0,0.297547,20.000000
510,30.560280,Series RL,0.289044,0.000110636319958,,6.951485,87.619003,-102.229255,250000,0.013037,25.000000,1,6.957491,0.090707,100.000000,165.389724,0,10000,0,0.289044,20.000000
511,30.614936,Series RL,0.300352,0.000111157488735,,6.984231,87.537544,80.292472,250000,0.013031,25.000000,1,6.990686,0.091092,100.000000,-12.169976,0,10000,0,0.300352,20.000000
512,30.669527,Series RL,0.298183,0.000111377090725,,6.998029,87.560119,-31.634229,250000,0.013037,25.000000,1,7.004379,0.091314,100.000000,-124.074096,0,10000,0,0.298183,20.000000
513,30.724056,Series RL,0.271456,0.00011099908182,,6.974278,87.771026,-51.501716,250000,0.013036,25.000000,1,6.979559,0.090983,100.000000,-143.730682,0,10000,0,0.271456,20.000000
514,30.793784,Series RL,0.261067,0.00011110904197,,6.981187,87.858375,-13.206042,250000,0.013035,25.000000,1,6.986067,0.091063,100.000000,-105.347671,0,10000,0,0.261067,20.000000
515,30.861003,Series RL,0.269854,0.000111542611866,,7.008429,87.794960,3.445229,250000,0.013036,25.000000,1,7.013622,0.091427,100.000000,-88.759819,0,10000,0,0.269854,20.000000
516,30.916606,Series RL,0.293488,0.000111339657482,,6.995677,87.597694,74.626335,250000,0.013035,25.000000,1,7.001831,0.091265,100.000000,-17.775976,0,10000,0,0.293488,20.000000
517,30.970989,Series RL,0.319812,0.000110663073904,,6.953166,87.366523,143.477005,250000,0.013035,25.000000,1,6.960516,0.090730,100.000000,50.843536,0,10000,0,0.319812,20.000000
518,31.025719,Series RL,0.261893,0.000111262085363,,6.990803,87.854553,-40.955677,250000,0.013040,25.000000,1,6.995707,0.091226,100.000000,-133.101119,0,10000,0,0.261893,20.000000
519,31.080306,Series RL,0.266696,0.000110993988862,,6.973958,87.809974,-124.652046,250000,0.013036,25.000000,1,6.979056,0.090982,100.000000,143.157928,0,10000,0,0.266696,20.000000
520,31.134907,Series RL,0.314377,0.000111412216221,,7.000236,87.428604,11.391353,250000,0.013035,25.000000,1,7.007291,0.091338,100.000000,-81.180038,0,10000,0,0.314377,20.000000
521,31.189463,Series RL,0.269385,0.000111042515204,,6.977007,87.788879,-124.441291,250000,0.013038,25.000000,1,6.982205,0.091037,100.000000,143.347610,0,10000,0,0.269385,20.000000
522,31.244280,Series RL,0.309265,0.000111299120718,,6.993130,87.467788,111.638969,250000,0.013035,25.000000,1,6.999965,0.091243,100.000000,19.106758,0,10000,0,0.309265,20.000000
523,31.324234,Series RL,0.303831,0.000111426078617,,7.001107,87.515060,110.899162,250000,0.013033,25.000000,1,7.007696,0.091331,100.000000,18.414218,0,10000,0,0.303831,20.000000
524,31.379392,Series RL,0.276973,0.000111210726063,,6.987576,87.730102,175.774093,250000,0.013037,25.000000,1,6.993062,0.091166,100.000000,83.504188,0,10000,0,0.276973,20.000000
525,31.448313,Series RL,0.308515,0.000110583050798,,6.948138,87.457588,-173.095474,250000,0.013036,25.000000,1,6.954984,0.090666,100.000000,94.362091,0,10000,0,0.308515,20.000000
526,31.509007,Series RL,0.293622,0.00011088075012,,6.966843,87.586654,146.325469,250000,0.013035,25.000000,1,6.973027,0.090891,100.000000,53.912128,0,10000,0,0.293622,20.000000
527,31.566564,Series RL,0.305712,0.000110705202217,,6.955813,87.483436,-132.024597,250000,0.013038,25.000000,1,6.962528,0.090777,100.000000,135.458831,0,10000,0,0.305712,20.000000
528,31.646642,Series RL,0.298095,0.000111010445483,,6.974992,87.552795,-2.034152,250000,0.013039,25.000000,1,6.981359,0.091028,100.000000,-94.481353,0,10000,0,0.298095,20.000000
529,31.704534,Series RL,0.273268,0.000111287900295,,6.992425,87.761993,-63.032012,250000,0.013038,25.000000,1,6.997763,0.091237,100.000000,-155.270034,0,10000,0,0.273268,20.000000
530,31.767731,Series RL,0.283374,0.00011096400407,,6.972074,87.672531,-57.501598,250000,0.013041,25.000000,1,6.977831,0.090998,100.000000,-149.829071,0,10000,0,0.283374,20.000000
531,31.823636,Series RL,0.293692,0.000111048260697,,6.977368,87.589721,91.870285,250000,0.013033,25.000000,1,6.983546,0.091015,100.000000,-0.539998,0,10000,0,0.293692,20.000000
532,31.887430,Series RL,0.300552,0.000111015554356,,6.975313,87.532768,167.456237,250000,0.013035,25.000000,1,6.981785,0.091010,100.000000,74.988998,0,10000,0,0.300552,20.000000
533,31.942212,Series RL,0.282850,0.000111256562687,,6.990456,87.682937,-76.797927,250000,0.013037,25.000000,1,6.996176,0.091210,100.000000,-169.114990,0,10000,0,0.282850,20.000000
534,31.997066,Series RL,0.266805,0.000110717998275,,6.956617,87.803627,-85.959022,250000,0.013039,25.000000,1,6.961732,0.090775,100.000000,-178.155395,0,10000,0,0.266805,20.000000
535,32.068474,Series RL,0.313181,0.000111106209012,,6.981009,87.431327,83.900405,250000,0.013033,25.000000,1,6.988030,0.091075,100.000000,-8.668267,0,10000,0,0.313181,20.000000
536,32.138059,Series RL,0.296062,0.000110514184455,,6.943811,87.558555,173.076248,250000,0.013036,25.000000,1,6.950120,0.090602,100.000000,80.634811,0,10000,0,0.296062,20.000000
537,32.219502,Series RL,0.254539,0.00011144874228,,7.002531,87.918228,-54.036087,250000,0.013039,25.000000,1,7.007156,0.091369,100.000000,-146.117858,0,10000,0,0.254539,20.000000
538,32.274806,Series RL,0.291180,0.00011069046447,,6.954887,87.602592,116.196922,250000,0.013033,25.000000,1,6.960980,0.090723,100.000000,23.799520,0,10000,0,0.291180,20.000000
539,32.336890,Series RL,0.296268,0.000111483024255,,7.004685,87.578071,95.545661,250000,0.013033,25.000000,1,7.010948,0.091374,100.000000,3.123738,0,10000,0,0.296268,20.000000
540,32.416299,Series RL,0.294068,0.000110739086305,,6.957942,87.579910,86.092842,250000,0.013036,25.000000,1,6.964153,0.090787,100.000000,-6.327248,0,10000,0,0.294068,20.000000
541,32.473738,Series RL,0.297529,0.000111616459759,,7.013069,87.570678,39.240642,250000,0.013037,25.000000,1,7.019377,0.091510,100.000000,-53.188671,0,10000,0,0.297529,20.000000
542,32.534609,Series RL,0.276597,0.000110906644629,,6.968470,87.726974,160.100509,250000,0.013038,25.000000,1,6.973957,0.090925,100.000000,67.827468,0,10000,0,0.276597,20.000000
543,32.589094,Series RL,0.271229,0.000111105206336,,6.980946,87.775016,147.782653,250000,0.013034,25.000000,1,6.986213,0.091058,100.000000,55.557678,0,10000,0,0.271229,20.000000
544,32.643882,Series RL,0.271948,0.000110575411361,,6.947658,87.758445,-151.516845,250000,0.013038,25.000000,1,6.952978,0.090651,100.000000,116.241592,0,10000,0,0.271948,20.000000
545,32.698386,Series RL,0.324494,0.000111083386193,,6.979575,87.338127,111.722885,250000,0.013034,25.000000,1,6.987114,0.091073,100.000000,19.061008,0,10000,0,0.324494,20.000000
546,32.752937,Series RL,0.318257,0.000110722470529,,6.956898,87.380714,100.637550,250000,0.013034,25.000000,1,6.964174,0.090773,100.000000,8.018258,0,10000,0,0.318257,20.000000
547,32.807410,Series RL,0.294348,0.000111446259463,,7.002375,87.592956,-3.649206,250000,0.013035,25.000000,1,7.008559,0.091358,100.000000,-96.056243,0,10000,0,0.294348,20.000000
548,32.886278,Series RL,0.282819,0.000110793612788,,6.961368,87.673522,150.924026,250000,0.013035,25.000000,1,6.967111,0.090815,100.000000,58.597560,0,10000,0,0.282819,20.000000
549,32.941640,Series RL,0.283573,0.000111055295346,,6.977810,87.672813,48.378841,250000,0.013033,25.000000,1,6.983570,0.091016,100.000000,-43.948341,0,10000,0,0.283573,20.000000
550,33.013786,Series RL,0.276604,0.000110826828425,,6.963455,87.725280,-179.911270,250000,0.013036,25.000000,1,6.968946,0.090850,100.000000,87.813987,0,10000,0,0.276604,20.000000
551,33.068421,Series RL,0.284379,0.000110875020542,,6.966483,87.662422,117.114982,250000,0.013031,25.000000,1,6.972285,0.090857,100.000000,24.777404,0,10000,0,0.284379,20.000000
552,33.135286,Series RL,0.261927,0.000111067789009,,6.978595,87.850524,-22.599529,250000,0.013034,25.000000,1,6.983509,0.091025,100.000000,-114.749000,0,10000,0,0.261927,20.000000
553,33.203953,Series RL,0.296370,0.000110816578846,,6.962811,87.562690,13.642555,250000,0.013037,25.000000,1,6.969116,0.090854,100.000000,-78.794761,0,10000,0,0.296370,20.000000
554,33.259525,Series RL,0.288671,0.000110850431103,,6.964938,87.626663,-57.933628,250000,0.013040,25.000000,1,6.970917,0.090899,100.000000,-150.306961,0,10000,0,0.288671,20.000000
555,33.314466,Series RL,0.278924,0.000111223729022,,6.988393,87.714393,30.322229,250000,0.013032,25.000000,1,6.993957,0.091148,100.000000,-61.963378,0,10000,0,0.278924,20.000000
556,33.369066,Series RL,0.299311,0.000111527030597,,7.007450,87.554199,10.767456,250000,0.013033,25.000000,1,7.013840,0.091412,100.000000,-81.678344,0,10000,0,0.299311,20.000000
557,33.423526,Series RL,0.283571,0.000110896331388,,6.967822,87.669502,21.283220,250000,0.013033,25.000000,1,6.973589,0.090883,100.000000,-71.047279,0,10000,0,0.283571,20.000000
558,33.478199,Series RL,0.265927,0.000111099206194,,6.980569,87.818351,-50.188293,250000,0.013035,25.000000,1,6.985633,0.091060,100.000000,-142.369934,0,10000,0,0.265927,20.000000
559,33.532844,Series RL,0.293114,0.000110511033187,,6.943613,87.582778,-116.514167,250000,0.013039,25.000000,1,6.949797,0.090617,100.000000,151.068618,0,10000,0,0.293114,20.000000
560,33.587582,Series RL,0.275991,0.000111113275491,,6.981453,87.736152,-64.009338,250000,0.013035,25.000000,1,6.986907,0.091078,100.000000,-156.273178,0,10000,0,0.275991,20.000000
561,33.642261,Series RL,0.287612,0.000110474268395,,6.941303,87.627304,-100.960060,250000,0.013038,25.000000,1,6.947259,0.090576,100.000000,166.667251,0,10000,0,0.287612,20.000000
562,33.696845,Series RL,0.309195,0.000111259650293,,6.990650,87.467468,11.919907,250000,0.013033,25.000000,1,6.997484,0.091200,100.000000,-80.612625,0,10000,0,0.309195,20.000000
563,33.751395,Series RL,0.273394,0.000111041592105,,6.976949,87.755989,-92.753944,250000,0.013034,25.000000,1,6.982304,0.091007,100.000000,175.002044,0,10000,0,0.273394,20.000000
564,33.805959,Series RL,0.292009,0.000110740359544,,6.958022,87.596862,115.941612,250000,0.013034,25.000000,1,6.964147,0.090772,100.000000,23.538467,0,10000,0,0.292009,20.000000
565,33.860695,Series RL,0.282247,0.000110787262506,,6.960969,87.678092,-43.561504,250000,0.013040,25.000000,1,6.966689,0.090848,100.000000,-135.883407,0,10000,0,0.282247,20.000000
566,33.940603,Series RL,0.267449,0.00011095111252,,6.971264,87.802955,177.166427,250000,0.013034,25.000000,1,6.976393,0.090931,100.000000,84.969398,0,10000,0,0.267449,20.000000
567,34.003774,Series RL,0.297610,0.000111316150297,,6.994200,87.563476,52.333724,250000,0.013030,25.000000,1,7.000529,0.091218,100.000000,-40.102802,0,10000,0,0.297610,20.000000
568,34.059517,Series RL,0.265356,0.000111200826626,,6.986954,87.825012,16.223073,250000,0.013036,25.000000,1,6.991991,0.091151,100.000000,-75.951904,0,10000,0,0.265356,20.000000
569,34.114130,Series RL,0.295666,0.000111129238732,,6.982456,87.575309,154.466934,250000,0.013036,25.000000,1,6.988713,0.091107,100.000000,62.042243,0,10000,0,0.295666,20.000000
570,34.168848,Series RL,0.252298,0.000111137992254,,6.983006,87.930793,-98.195259,250000,0.013038,25.000000,1,6.987563,0.091107,100.000000,169.735549,0,10000,0,0.252298,20.000000
571,34.223451,Series RL,0.266421,0.000110687154047,,6.954679,87.806167,-14.192589,250000,0.013036,25.000000,1,6.959781,0.090729,100.000000,-106.386413,0,10000,0,0.266421,20.000000
572,34.278200,Series RL,0.260182,0.000111636561029,,7.014332,87.875701,-10.855603,250000,0.013037,25.000000,1,7.019155,0.091509,100.000000,-102.979896,0,10000,0,0.260182,20.000000
573,34.332684,Series RL,0.289676,0.00011083648913,,6.964062,87.618103,137.008956,250000,0.013033,25.000000,1,6.970084,0.090839,100.000000,44.627067,0,10000,0,0.289676,20.000000
574,34.387320,Series RL,0.288268,0.000110771983631,,6.960009,87.628295,-178.464111,250000,0.013033,25.000000,1,6.965976,0.090790,100.000000,89.164199,0,10000,0,0.288268,20.000000
575,34.441835,Series RL,0.272695,0.000111038950133,,6.976783,87.761672,177.241622,250000,0.013031,25.000000,1,6.982110,0.090982,100.000000,85.003295,0,10000,0,0.272695,20.000000
576,34.496533,Series RL,0.272353,0.000110947245055,,6.971021,87.762634,-64.870018,250000,0.013036,25.000000,1,6.976339,0.090942,100.000000,-157.107391,0,10000,0,0.272353,20.000000
577,34.551191,Series RL,0.271554,0.000110907392657,,6.968517,87.768379,21.182422,250000,0.013033,25.000000,1,6.973806,0.090888,100.000000,-71.049194,0,10000,0,0.271554,20.000000
578,34.605773,Series RL,0.272946,0.00011139254467,,6.999000,87.766708,119.104942,250000,0.013032,25.000000,1,7.004320,0.091281,100.000000,26.871656,0,10000,0,0.272946,20.000000
579,34.660403,Series RL,0.258513,0.000111261830715,,6.990787,87.882225,-26.203794,250000,0.013038,25.000000,1,6.995565,0.091207,100.000000,-118.321571,0,10000,0,0.258513,20.000000
580,34.715054,Series RL,0.279350,0.000110713971655,,6.956364,87.700370,150.885375,250000,0.013035,25.000000,1,6.961970,0.090751,100.000000,58.585754,0,10000,0,0.279350,20.000000
581,34.769693,Series RL,0.266344,0.000110933382659,,6.970150,87.811668,-110.804916,250000,0.013034,25.000000,1,6.975237,0.090917,100.000000,157.006744,0,10000,0,0.266344,20.000000
582,34.825297,Series RL,0.272691,0.000111098346758,,6.980515,87.762901,161.269332,250000,0.013035,25.000000,1,6.985840,0.091062,100.000000,69.032234,0,10000,0,0.272691,20.000000
583,34.904963,Series RL,0.302336,0.000111424534814,,7.001010,87.527244,39.083824,250000,0.013034,25.000000,1,7.007535,0.091335,100.000000,-53.388938,0,10000,0,0.302336,20.000000
584,34.961400,Series RL,0.261662,0.000111151934227,,6.983882,87.854324,-84.217414,250000,0.013039,25.000000,1,6.988782,0.091128,100.000000,-176.363082,0,10000,0,0.261662,20.000000
585,35.019232,Series RL,0.285591,0.000110573374178,,6.947530,87.646072,-43.499961,250000,0.013038,25.000000,1,6.953397,0.090659,100.000000,-135.853897,0,10000,0,0.285591,20.000000
586,35.075372,Series RL,0.297817,0.000111053783374,,6.977715,87.556022,154.971832,250000,0.013038,25.000000,1,6.984067,0.091060,100.000000,62.527851,0,10000,0,0.297817,20.000000
587,35.129933,Series RL,0.303157,0.000111001357735,,6.974421,87.511085,169.889633,250000,0.013035,25.000000,1,6.981006,0.090998,100.000000,77.400726,0,10000,0,0.303157,20.000000
588,35.184670,Series RL,0.297600,0.000110770583068,,6.959921,87.551574,43.140182,250000,0.013035,25.000000,1,6.966280,0.090804,100.000000,-49.308242,0,10000,0,0.297600,20.000000
589,35.239289,Series RL,0.276417,0.000111071624643,,6.978836,87.731819,177.291076,250000,0.013034,25.000000,1,6.984308,0.091035,100.000000,85.022888,0,10000,0,0.276417,20.000000
590,35.293825,Series RL,0.295975,0.00011062384221,,6.950701,87.561698,170.547286,250000,0.013036,25.000000,1,6.957000,0.090691,100.000000,78.108978,0,10000,0,0.295975,20.000000
591,35.348491,Series RL,0.280771,0.00011109939718,,6.980581,87.696701,-119.337608,250000,0.013036,25.000000,1,6.986225,0.091073,100.000000,148.359100,0,10000,0,0.280771,20.000000
592,35.403098,Series RL,0.306303,0.000110621041083,,6.950525,87.476661,-160.270736,250000,0.013037,25.000000,1,6.957272,0.090701,100.000000,107.205909,0,10000,0,0.306303,20.000000
593,35.481967,Series RL,0.285768,0.000110564461501,,6.946970,87.644424,107.438575,250000,0.013031,25.000000,1,6.952846,0.090600,100.000000,15.083004,0,10000,0,0.285768,20.000000
594,35.546828,Series RL,0.301811,0.000110912549277,,6.968841,87.520141,27.437362,250000,0.013035,25.000000,1,6.975374,0.090921,100.000000,-65.042495,0,10000,0,0.301811,20.000000
595,35.602880,Series RL,0.305350,0.000110913360967,,6.968892,87.491127,169.788482,250000,0.013037,25.000000,1,6.975578,0.090944,100.000000,77.279609,0,10000,0,0.305350,20.000000
596,35.657400,Series RL,0.278468,0.000111102834927,,6.980797,87.715652,160.762786,250000,0.013036,25.000000,1,6.986349,0.091077,100.000000,68.478439,0,10000,0,0.278468,20.000000
597,35.712103,Series RL,0.269226,0.000110422447545,,6.938047,87.777793,-100.975524,250000,0.013040,25.000000,1,6.943269,0.090543,100.000000,166.802261,0,10000,0,0.269226,20.000000
598,35.767191,Series RL,0.291988,0.000111219670571,,6.988138,87.607383,52.107295,250000,0.013031,25.000000,1,6.994235,0.091145,100.000000,-40.285320,0,10000,0,0.291988,20.000000
599,35.846042,Series RL,0.244768,0.000110930247307,,6.969953,87.988739,-27.539798,250000,0.013040,25.000000,1,6.974249,0.090943,100.000000,-119.551063,0,10000,0,0.244768,20.000000
600,35.906465,Series RL,0.272990,0.00011070318095,,6.955686,87.752464,177.755279,250000,0.013035,25.000000,1,6.961040,0.090738,100.000000,85.507728,0,10000,0,0.272990,20.000000
601,35.962982,Series RL,0.283219,0.000111359726921,,6.996938,87.682060,-75.638282,250000,0.013039,25.000000,1,7.002668,0.091306,100.000000,-167.956207,0,10000,0,0.283219,20.000000
602,36.017897,Series RL,0.263643,0.000111275136068,,6.991623,87.840492,-26.472595,250000,0.013037,25.000000,1,6.996592,0.091218,100.000000,-118.632102,0,10000,0,0.263643,20.000000
603,36.080241,Series RL,0.301075,0.000110755717996,,6.958987,87.522682,13.908675,250000,0.013036,25.000000,1,6.965497,0.090803,100.000000,-78.568641,0,10000,0,0.301075,20.000000
604,36.160518,Series RL,0.250351,0.000111132246761,,6.982645,87.946632,-97.354309,250000,0.013039,25.000000,1,6.987131,0.091108,100.000000,170.592330,0,10000,0,0.250351,20.000000
605,36.216474,Series RL,0.284249,0.000110967441817,,6.972290,87.665435,73.933097,250000,0.013035,25.000000,1,6.978082,0.090957,100.000000,-18.401468,0,10000,0,0.284249,20.000000
606,36.278867,Series RL,0.272208,0.000111248875503,,6.989973,87.769882,-5.919397,250000,0.013035,25.000000,1,6.995271,0.091181,100.000000,-98.149520,0,10000,0,0.272208,20.000000
607,36.333310,Series RL,0.247185,0.000111237909727,,6.989284,87.974502,-68.997940,250000,0.013042,25.000000,1,6.993654,0.091214,100.000000,-161.023437,0,10000,0,0.247185,20.000000
608,36.388146,Series RL,0.255835,0.000111265666349,,6.991028,87.904212,-82.083808,250000,0.013036,25.000000,1,6.995708,0.091194,100.000000,-174.179595,0,10000,0,0.255835,20.000000
609,36.442794,Series RL,0.251281,0.000110983341396,,6.973289,87.936248,-113.474655,250000,0.013040,25.000000,1,6.977815,0.090989,100.000000,154.461608,0,10000,0,0.251281,20.000000
610,36.497489,Series RL,0.277174,0.000111113768872,,6.981484,87.726478,147.838516,250000,0.013036,25.000000,1,6.986984,0.091084,100.000000,55.565002,0,10000,0,0.277174,20.000000
611,36.552038,Series RL,0.301772,0.000110686135455,,6.954615,87.515396,-160.930999,250000,0.013037,25.000000,1,6.961159,0.090750,100.000000,106.584396,0,10000,0,0.301772,20.000000
612,36.606609,Series RL,0.294380,0.000110600032631,,6.949205,87.574302,-102.248908,250000,0.013039,25.000000,1,6.955437,0.090691,100.000000,165.325424,0,10000,0,0.294380,20.000000
613,36.674850,Series RL,0.275805,0.000111131530563,,6.982600,87.738052,147.497955,250000,0.013036,25.000000,1,6.988045,0.091097,100.000000,55.236011,0,10000,0,0.275805,20.000000
614,36.743187,Series RL,0.290404,0.000110731653769,,6.957475,87.609870,29.017583,250000,0.013036,25.000000,1,6.963533,0.090774,100.000000,-63.372550,0,10000,0,0.290404,20.000000
615,36.799038,Series RL,0.291642,0.000111004333933,,6.974608,87.605583,-2.553990,250000,0.013038,25.000000,1,6.980703,0.091012,100.000000,-94.948410,0,10000,0,0.291642,20.000000
616,36.854137,Series RL,0.262916,0.000111053146754,,6.977675,87.842140,175.706359,250000,0.013038,25.000000,1,6.982627,0.091040,100.000000,83.548492,0,10000,0,0.262916,20.000000
617,36.909126,Series RL,0.292707,0.000110849014624,,6.964849,87.593482,-161.163772,250000,0.013038,25.000000,1,6.970997,0.090887,100.000000,106.429687,0,10000,0,0.292707,20.000000
618,36.964216,Series RL,0.272329,0.00011106365098,,6.978335,87.765167,-170.337692,250000,0.013037,25.000000,1,6.983647,0.091048,100.000000,97.427459,0,10000,0,0.272329,20.000000
619,37.019103,Series RL,0.274357,0.000111018626047,,6.975506,87.747634,-120.202751,250000,0.013035,25.000000,1,6.980900,0.090997,100.000000,147.544860,0,10000,0,0.274357,20.000000
620,37.073694,Series RL,0.277978,0.000111240790432,,6.989465,87.722480,103.834777,250000,0.013036,25.000000,1,6.994990,0.091185,100.000000,11.557259,0,10000,0,0.277978,20.000000
621,37.128324,Series RL,0.302611,0.000110322339086,,6.931757,87.500297,171.487792,250000,0.013038,25.000000,1,6.938359,0.090461,100.000000,78.988090,0,10000,0,0.302611,20.000000
622,37.182849,Series RL,0.255196,0.00011105559774,,6.977829,87.905487,-141.185501,250000,0.013040,25.000000,1,6.982494,0.091050,100.000000,126.719978,0,10000,0,0.255196,20.000000
623,37.237514,Series RL,0.282061,0.000110558891078,,6.946620,87.674835,-0.153901,250000,0.013037,25.000000,1,6.952344,0.090635,100.000000,-92.479064,0,10000,0,0.282061,20.000000
624,37.304560,Series RL,0.309829,0.000110533378541,,6.945017,87.445625,128.134948,250000,0.013035,25.000000,1,6.951925,0.090619,100.000000,35.580570,0,10000,0,0.309829,20.000000
625,37.376163,Series RL,0.295898,0.000110557315444,,6.946521,87.560859,130.082168,250000,0.013035,25.000000,1,6.952820,0.090631,100.000000,37.643028,0,10000,0,0.295898,20.000000
626,37.439776,Series RL,0.277943,0.000111308526776,,6.993721,87.724166,-47.556007,250000,0.013037,25.000000,1,6.999242,0.091248,100.000000,-139.831848,0,10000,0,0.277943,20.000000
627,37.506283,Series RL,0.271367,0.000111046239429,,6.977241,87.772705,0.999838,250000,0.013036,25.000000,1,6.982516,0.091024,100.000000,-91.227455,0,10000,0,0.271367,20.000000
628,37.578054,Series RL,0.288790,0.000110994354918,,6.973981,87.628753,-60.053863,250000,0.013040,25.000000,1,6.979958,0.091015,100.000000,-152.425109,0,10000,0,0.288790,20.000000
629,37.635445,Series RL,0.290338,0.000111029002949,,6.976158,87.616806,153.655761,250000,0.013035,25.000000,1,6.982197,0.091011,100.000000,61.272556,0,10000,0,0.290338,20.000000
630,37.690081,Series RL,0.285214,0.000110879683781,,6.966776,87.655670,-103.532203,250000,0.013040,25.000000,1,6.972612,0.090920,100.000000,164.123474,0,10000,0,0.285214,20.000000
631,37.744848,Series RL,0.286060,0.000110949950689,,6.971191,87.650199,117.570388,250000,0.013034,25.000000,1,6.977058,0.090938,100.000000,25.220596,0,10000,0,0.286060,20.000000
632,37.799336,Series RL,0.282529,0.000111506244961,,7.006144,87.690750,-4.040576,250000,0.013036,25.000000,1,7.011838,0.091404,100.000000,-96.349830,0,10000,0,0.282529,20.000000
633,37.854040,Series RL,0.240796,0.000110819188988,,6.962975,88.019363,-70.736114,250000,0.013041,25.000000,1,6.967138,0.090861,100.000000,-162.716751,0,10000,0,0.240796,20.000000
634,37.908641,Series RL,0.261723,0.000111118814083,,6.981801,87.853187,-38.432670,250000,0.013037,25.000000,1,6.986705,0.091087,100.000000,-130.579483,0,10000,0,0.261723,20.000000
635,37.963277,Series RL,0.294119,0.000111202943386,,6.987087,87.589576,124.422988,250000,0.013035,25.000000,1,6.993275,0.091155,100.000000,32.012554,0,10000,0,0.294119,20.000000
636,38.018057,Series RL,0.301976,0.000110495642904,,6.942646,87.509437,144.487258,250000,0.013036,25.000000,1,6.949210,0.090588,100.000000,51.996707,0,10000,0,0.301976,20.000000
637,38.072668,Series RL,0.255067,0.000110785368562,,6.960850,87.901443,-109.821655,250000,0.013039,25.000000,1,6.965521,0.090821,100.000000,158.079788,0,10000,0,0.255067,20.000000
638,38.127526,Series RL,0.280087,0.000110769564476,,6.959857,87.695480,166.226028,250000,0.013037,25.000000,1,6.965491,0.090807,100.000000,73.921508,0,10000,0,0.280087,20.000000
639,38.195235,Series RL,0.274787,0.00011109021394,,6.980004,87.745552,-90.963478,250000,0.013037,25.000000,1,6.985411,0.091069,100.000000,176.782089,0,10000,0,0.274787,20.000000
640,38.264087,Series RL,0.309734,0.000110508486708,,6.943453,87.445838,170.484481,250000,0.013038,25.000000,1,6.950358,0.090621,100.000000,77.930328,0,10000,0,0.309734,20.000000
641,38.319458,Series RL,0.292762,0.000110943218435,,6.970768,87.595077,109.832481,250000,0.013035,25.000000,1,6.976913,0.090941,100.000000,17.427545,0,10000,0,0.292762,20.000000
642,38.374087,Series RL,0.269923,0.000110730141797,,6.957380,87.778228,-106.850532,250000,0.013038,25.000000,1,6.962614,0.090779,100.000000,160.927703,0,10000,0,0.269923,20.000000
643,38.428930,Series RL,0.272289,0.000110687217709,,6.954683,87.757904,-150.382858,250000,0.013039,25.000000,1,6.960011,0.090749,100.000000,117.375038,0,10000,0,0.272289,20.000000
644,38.483537,Series RL,0.296502,0.00011102193647,,6.975714,87.566108,-176.360656,250000,0.013038,25.000000,1,6.982013,0.091029,100.000000,91.205436,0,10000,0,0.296502,20.000000
645,38.538205,Series RL,0.294234,0.000110091007376,,6.917222,87.564308,-144.679122,250000,0.013040,25.000000,1,6.923478,0.090280,100.000000,122.885185,0,10000,0,0.294234,20.000000
646,38.617436,Series RL,0.278239,0.000110496215862,,6.942682,87.705009,136.588211,250000,0.013035,25.000000,1,6.948255,0.090568,100.000000,44.293209,0,10000,0,0.278239,20.000000
647,38.676715,Series RL,0.299041,0.00011099473689,,6.974005,87.544685,168.723022,250000,0.013035,25.000000,1,6.980413,0.090987,100.000000,76.267707,0,10000,0,0.299041,20.000000
648,38.733863,Series RL,0.291793,0.000111014631258,,6.975255,87.604568,138.679275,250000,0.013030,25.000000,1,6.981356,0.090970,100.000000,46.283828,0,10000,0,0.291793,20.000000
649,38.799049,Series RL,0.256020,0.000110668660242,,6.953517,87.891387,-127.804924,250000,0.013039,25.000000,1,6.958229,0.090729,100.000000,140.086441,0,10000,0,0.256020,20.000000
650,38.855404,Series RL,0.301408,0.000111033109147,,6.976416,87.526145,139.718841,250000,0.013032,25.000000,1,6.982924,0.091004,100.000000,47.244979,0,10000,0,0.301408,20.000000
651,38.916799,Series RL,0.278493,0.00011077788828,,6.960380,87.708747,92.280548,250000,0.013033,25.000000,1,6.965949,0.090789,100.000000,-0.010702,0,10000,0,0.278493,20.000000
652,38.971245,Series RL,0.309809,0.000110796047859,,6.961521,87.451843,27.333614,250000,0.013035,25.000000,1,6.968411,0.090833,100.000000,-65.214546,0,10000,0,0.309809,20.000000
653,39.025848,Series RL,0.296095,0.000110695318695,,6.955192,87.562286,13.654447,250000,0.013038,25.000000,1,6.961492,0.090761,100.000000,-78.783264,0,10000,0,0.296095,20.000000
654,39.080415,Series RL,0.284649,0.0001107350756,,6.957690,87.657257,-103.251983,250000,0.013040,25.000000,1,6.963510,0.090803,100.000000,164.405242,0,10000,0,0.284649,20.000000
655,39.147929,Series RL,0.277561,0.000110638516296,,6.951623,87.713539,-170.725891,250000,0.013039,25.000000,1,6.957162,0.090714,100.000000,96.987632,0,10000,0,0.277561,20.000000
656,39.218892,Series RL,0.303450,0.000110938539279,,6.970474,87.507278,111.911491,250000,0.013034,25.000000,1,6.977076,0.090938,100.000000,19.418771,0,10000,0,0.303450,20.000000
657,39.273717,Series RL,0.267784,0.000110779543491,,6.960484,87.796798,177.405975,250000,0.013035,25.000000,1,6.965633,0.090798,100.000000,85.202789,0,10000,0,0.267784,20.000000
658,39.328753,Series RL,0.275129,0.000111106384082,,6.981020,87.743080,133.827926,250000,0.013034,25.000000,1,6.986440,0.091061,100.000000,41.571014,0,10000,0,0.275129,20.000000
659,39.383403,Series RL,0.256104,0.000111175775638,,6.985380,87.900306,-52.815017,250000,0.013037,25.000000,1,6.990073,0.091130,100.000000,-144.914703,0,10000,0,0.256104,20.000000
660,39.437960,Series RL,0.271112,0.000111367827907,,6.997447,87.781211,60.459182,250000,0.013035,25.000000,1,7.002697,0.091282,100.000000,-31.759607,0,10000,0,0.271112,20.000000
661,39.492510,Series RL,0.292629,0.000111178942821,,6.985579,87.601264,52.515571,250000,0.013031,25.000000,1,6.991706,0.091111,100.000000,-39.883171,0,10000,0,0.292629,20.000000
662,39.547126,Series RL,0.297456,0.000111056361684,,6.977877,87.559043,154.027328,250000,0.013034,25.000000,1,6.984214,0.091034,100.000000,61.586364,0,10000,0,0.297456,20.000000
663,39.601694,Series RL,0.278610,0.000110506513186,,6.943329,87.702171,-151.890594,250000,0.013034,25.000000,1,6.948916,0.090573,100.000000,115.811592,0,10000,0,0.278610,20.000000
664,39.680603,Series RL,0.275578,0.000110956921675,,6.971629,87.736358,148.009292,250000,0.013032,25.000000,1,6.977073,0.090926,100.000000,55.745655,0,10000,0,0.275578,20.000000
665,39.735868,Series RL,0.300281,0.000111161706341,,6.984496,87.538215,54.176490,250000,0.013034,25.000000,1,6.990948,0.091118,100.000000,-38.285289,0,10000,0,0.300281,20.000000
666,39.810606,Series RL,0.292568,0.000110688252216,,6.954748,87.591140,-103.288009,250000,0.013039,25.000000,1,6.960898,0.090764,100.000000,164.303115,0,10000,0,0.292568,20.000000
667,39.868482,Series RL,0.268207,0.000110715149401,,6.956438,87.792037,-22.696075,250000,0.013036,25.000000,1,6.961606,0.090753,100.000000,-114.904037,0,10000,0,0.268207,20.000000
668,39.926101,Series RL,0.278371,0.000110451270506,,6.939858,87.702987,-29.218389,250000,0.013038,25.000000,1,6.945439,0.090557,100.000000,-121.515396,0,10000,0,0.278371,20.000000
669,39.980792,Series RL,0.273915,0.000110856574484,,6.965324,87.747970,134.405441,250000,0.013034,25.000000,1,6.970708,0.090859,100.000000,42.153415,0,10000,0,0.273915,20.000000
670,40.035379,Series RL,0.271503,0.000110626754746,,6.950884,87.763145,-135.968444,250000,0.013035,25.000000,1,6.956184,0.090676,100.000000,131.794662,0,10000,0,0.271503,20.000000
671,40.089996,Series RL,0.293808,0.000111202450006,,6.987056,87.592102,11.479290,250000,0.013036,25.000000,1,6.993230,0.091162,100.000000,-80.928604,0,10000,0,0.293808,20.000000
672,40.144801,Series RL,0.284979,0.000111035273654,,6.976552,87.660865,74.580749,250000,0.013036,25.000000,1,6.982370,0.091020,100.000000,-17.758378,0,10000,0,0.284979,20.000000
673,40.199440,Series RL,0.302728,0.000110736730812,,6.957794,87.508674,42.783508,250000,0.013036,25.000000,1,6.964376,0.090791,100.000000,-49.707817,0,10000,0,0.302728,20.000000
674,40.254106,Series RL,0.251913,0.000111159494087,,6.984357,87.934333,-67.912155,250000,0.013038,25.000000,1,6.988899,0.091119,100.000000,-159.977813,0,10000,0,0.251913,20.000000
675,40.308664,Series RL,0.285275,0.000110668676158,,6.953518,87.650695,92.345321,250000,0.013033,25.000000,1,6.959368,0.090701,100.000000,-0.003991,0,10000,0,0.285275,20.000000
676,40.363616,Series RL,0.283469,0.000110867046879,,6.965982,87.669723,106.225303,250000,0.013034,25.000000,1,6.971747,0.090870,100.000000,13.895033,0,10000,0,0.283469,20.000000
677,40.418428,Series RL,0.272616,0.000110512529243,,6.943707,87.751670,-152.972305,250000,0.013037,25.000000,1,6.949057,0.090591,100.000000,114.779388,0,10000,0,0.272616,20.000000
678,40.473145,Series RL,0.257059,0.000111086075912,,6.979744,87.890792,-140.730575,250000,0.013037,25.000000,1,6.984476,0.091053,100.000000,127.160217,0,10000,0,0.257059,20.000000
679,40.527840,Series RL,0.283828,0.000110575745587,,6.947679,87.660644,-116.538513,250000,0.013039,25.000000,1,6.953474,0.090666,100.000000,151.122116,0,10000,0,0.283828,20.000000
680,40.607723,Series RL,0.257988,0.000110578530798,,6.947854,87.873466,-123.258132,250000,0.013037,25.000000,1,6.952642,0.090645,100.000000,144.615341,0,10000,0,0.257988,20.000000
681,40.668102,Series RL,0.305690,0.000110420887827,,6.937949,87.477142,128.295822,250000,0.013035,25.000000,1,6.944680,0.090527,100.000000,35.772972,0,10000,0,0.305690,20.000000
682,40.736174,Series RL,0.268170,0.000110684273342,,6.954498,87.791725,-28.387430,250000,0.013039,25.000000,1,6.959666,0.090744,100.000000,-120.595703,0,10000,0,0.268170,20.000000
683,40.806212,Series RL,0.263755,0.000111003713229,,6.974569,87.834289,-125.395111,250000,0.013036,25.000000,1,6.979555,0.090982,100.000000,142.439193,0,10000,0,0.263755,20.000000
684,40.861369,Series RL,0.289009,0.000110554450655,,6.946341,87.617523,-73.396934,250000,0.013037,25.000000,1,6.952350,0.090641,100.000000,-165.779418,0,10000,0,0.289009,20.000000
685,40.916123,Series RL,0.275089,0.000111150788311,,6.983810,87.744308,-77.620887,250000,0.013036,25.000000,1,6.989226,0.091112,100.000000,-169.876586,0,10000,0,0.275089,20.000000
686,40.970711,Series RL,0.252551,0.000110959404492,,6.971785,87.925384,-125.352378,250000,0.013036,25.000000,1,6.976358,0.090947,100.000000,142.572982,0,10000,0,0.252551,20.000000
687,41.025410,Series RL,0.279978,0.000110460278675,,6.940424,87.689933,-165.299545,250000,0.013035,25.000000,1,6.946069,0.090542,100.000000,102.390396,0,10000,0,0.279978,20.000000
688,41.080394,Series RL,0.268900,0.000111227994374,,6.988661,87.796546,61.151935,250000,0.013035,25.000000,1,6.993832,0.091163,100.000000,-31.051527,0,10000,0,0.268900,20.000000
689,41.134993,Series RL,0.284901,0.000110816085466,,6.962780,87.656890,138.321365,250000,0.013033,25.000000,1,6.968607,0.090823,100.000000,45.978267,0,10000,0,0.284901,20.000000
690,41.214471,Series RL,0.260562,0.00011131914241,,6.994388,87.866546,18.004985,250000,0.013036,25.000000,1,6.999239,0.091244,100.000000,-74.128471,0,10000,0,0.260562,20.000000
691,41.269483,Series RL,0.291639,0.00011093888942,,6.970496,87.604194,-162.334320,250000,0.013036,25.000000,1,6.976594,0.090946,100.000000,105.269889,0,10000,0,0.291639,20.000000
692,41.337747,Series RL,0.298341,0.000110527919526,,6.944674,87.540100,-117.364341,250000,0.013038,25.000000,1,6.951080,0.090625,100.000000,150.175781,0,10000,0,0.298341,20.000000
693,41.409434,Series RL,0.317106,0.000110448692196,,6.939696,87.383712,143.316543,250000,0.013037,25.000000,1,6.946938,0.090570,100.000000,50.700263,0,10000,0,0.317106,20.000000
694,41.470870,Series RL,0.267149,0.00011048972234,,6.942274,87.796264,-152.967620,250000,0.013037,25.000000,1,6.947412,0.090575,100.000000,114.828643,0,10000,0,0.267149,20.000000
695,41.550123,Series RL,0.302220,0.000110534381217,,6.945080,87.508308,-59.147834,250000,0.013039,25.000000,1,6.951653,0.090640,100.000000,-151.639526,0,10000,0,0.302220,20.000000
696,41.609533,Series RL,0.276935,0.000110851577018,,6.965010,87.723068,44.998027,250000,0.013035,25.000000,1,6.970513,0.090857,100.000000,-47.278903,0,10000,0,0.276935,20.000000
697,41.670857,Series RL,0.274901,0.000110714321796,,6.956386,87.736976,-135.250686,250000,0.013037,25.000000,1,6.961815,0.090761,100.000000,132.486267,0,10000,0,0.274901,20.000000
698,41.725478,Series RL,0.254014,0.000111053321824,,6.977686,87.915130,-81.929946,250000,0.013039,25.000000,1,6.982308,0.091041,100.000000,-174.014801,0,10000,0,0.254014,20.000000
699,41.780265,Series RL,0.287408,0.000111344782272,,6.995999,87.647499,10.292791,250000,0.013036,25.000000,1,7.001901,0.091276,100.000000,-82.059707,0,10000,0,0.287408,20.000000
700,41.847242,Series RL,0.265610,0.000111347838047,,6.996191,87.825813,2.743082,250000,0.013037,25.000000,1,7.001231,0.091272,100.000000,-89.431106,0,10000,0,0.265610,20.000000
701,41.915999,Series RL,0.281961,0.000110575825164,,6.947684,87.676010,164.347702,250000,0.013036,25.000000,1,6.953403,0.090644,100.000000,72.023719,0,10000,0,0.281961,20.000000
702,41.994762,Series RL,0.296092,0.000111254207193,,6.990308,87.574539,25.268457,250000,0.013036,25.000000,1,6.996576,0.091209,100.000000,-67.157005,0,10000,0,0.296092,20.000000
703,42.075617,Series RL,0.302324,0.000110592982067,,6.948762,87.508766,-16.310104,250000,0.013036,25.000000,1,6.955336,0.090666,100.000000,-108.801345,0,10000,0,0.302324,20.000000
704,42.152073,Series RL,0.283760,0.000110643434184,,6.951932,87.662628,92.482482,250000,0.013031,25.000000,1,6.957721,0.090665,100.000000,0.145109,0,10000,0,0.283760,20.000000
705,42.212504,Series RL,0.249897,0.000110896729276,,6.967847,87.946006,-37.949077,250000,0.013035,25.000000,1,6.972327,0.090888,100.000000,-130.003082,0,10000,0,0.249897,20.000000
706,42.270205,Series RL,0.280749,0.000111049915909,,6.977472,87.695854,89.769309,250000,0.013035,25.000000,1,6.983118,0.091028,100.000000,-2.534831,0,10000,0,0.280749,20.000000
707,42.324863,Series RL,0.293885,0.000111002487735,,6.974492,87.587150,108.684761,250000,0.013033,25.000000,1,6.980681,0.090979,100.000000,16.271903,0,10000,0,0.293885,20.000000
708,42.379791,Series RL,0.274811,0.000110765728842,,6.959616,87.738761,59.310466,250000,0.013033,25.000000,1,6.965039,0.090778,100.000000,-32.950775,0,10000,0,0.274811,20.000000
709,42.434440,Series RL,0.283104,0.000110675312919,,6.953935,87.668693,77.748191,250000,0.013031,25.000000,1,6.959695,0.090694,100.000000,-14.583108,0,10000,0,0.283104,20.000000
710,42.489056,Series RL,0.242356,0.000111046255345,,6.977242,88.010620,-111.588409,250000,0.013038,25.000000,1,6.981450,0.091026,100.000000,156.422225,0,10000,0,0.242356,20.000000
711,42.567274,Series RL,0.275058,0.000110649211508,,6.952295,87.734352,-121.551055,250000,0.013035,25.000000,1,6.957734,0.090697,100.000000,146.183303,0,10000,0,0.275058,20.000000
712,42.625226,Series RL,0.268583,0.000110873938288,,6.966415,87.792106,-36.802257,250000,0.013036,25.000000,1,6.971590,0.090879,100.000000,-129.010147,0,10000,0,0.268583,20.000000
713,42.680957,Series RL,0.294559,0.000111005654919,,6.974691,87.581687,125.681236,250000,0.013035,25.000000,1,6.980909,0.090995,100.000000,33.262931,0,10000,0,0.294559,20.000000
714,42.736179,Series RL,0.292131,0.000110812265748,,6.962540,87.597412,-89.320892,250000,0.013040,25.000000,1,6.968666,0.090870,100.000000,178.276519,0,10000,0,0.292131,20.000000
715,42.791340,Series RL,0.317202,0.000110990407875,,6.973733,87.395683,54.188419,250000,0.013036,25.000000,1,6.980944,0.091007,100.000000,-38.415897,0,10000,0,0.317202,20.000000
716,42.846145,Series RL,0.256055,0.000110899657727,,6.968031,87.895492,-112.229072,250000,0.013038,25.000000,1,6.972734,0.090910,100.000000,155.666427,0,10000,0,0.256055,20.000000
717,42.900585,Series RL,0.284602,0.000110735043769,,6.957688,87.657630,-148.836120,250000,0.013034,25.000000,1,6.963507,0.090763,100.000000,118.821510,0,10000,0,0.284602,20.000000
718,42.955488,Series RL,0.284886,0.00011055863643,,6.946604,87.651557,28.825740,250000,0.013036,25.000000,1,6.952444,0.090629,100.000000,-63.522693,0,10000,0,0.284886,20.000000
719,43.010116,Series RL,0.281103,0.000110310306972,,6.931001,87.677505,158.828918,250000,0.013039,25.000000,1,6.936699,0.090444,100.000000,66.506416,0,10000,0,0.281103,20.000000
720,43.064841,Series RL,0.303459,0.000110693249681,,6.955062,87.501686,-175.889129,250000,0.013036,25.000000,1,6.961679,0.090750,100.000000,91.612564,0,10000,0,0.303459,20.000000
721,43.119391,Series RL,0.283718,0.000110772222364,,6.960024,87.665687,137.955200,250000,0.013032,25.000000,1,6.965805,0.090779,100.000000,45.620887,0,10000,0,0.283718,20.000000
722,43.198793,Series RL,0.287668,0.000110882405331,,6.966947,87.635574,21.814729,250000,0.013033,25.000000,1,6.972884,0.090876,100.000000,-70.549697,0,10000,0,0.287668,20.000000
723,43.255759,Series RL,0.292151,0.000111101434364,,6.980709,87.603492,-32.712806,250000,0.013037,25.000000,1,6.986820,0.091090,100.000000,-125.109313,0,10000,0,0.292151,20.000000
724,43.323545,Series RL,0.266392,0.000110748540108,,6.958536,87.807624,-121.187309,250000,0.013035,25.000000,1,6.963633,0.090774,100.000000,146.620300,0,10000,0,0.266392,20.000000
725,43.402522,Series RL,0.265671,0.000110694634329,,6.955149,87.812484,-28.048320,250000,0.013037,25.000000,1,6.960221,0.090740,100.000000,-120.235832,0,10000,0,0.265671,20.000000
726,43.457541,Series RL,0.278418,0.000110911546601,,6.968778,87.712127,133.411666,250000,0.013036,25.000000,1,6.974337,0.090916,100.000000,41.123790,0,10000,0,0.278418,20.000000
727,43.512311,Series RL,0.274810,0.000111200556062,,6.986937,87.747604,17.939426,250000,0.013037,25.000000,1,6.992340,0.091163,100.000000,-74.312973,0,10000,0,0.274810,20.000000
728,43.566833,Series RL,0.287582,0.000110674278412,,6.953870,87.631843,-163.435058,250000,0.013035,25.000000,1,6.959814,0.090722,100.000000,104.196784,0,10000,0,0.287582,20.000000
729,43.621203,Series RL,0.283775,0.000110574663333,,6.947611,87.661048,101.620147,250000,0.013033,25.000000,1,6.953403,0.090624,100.000000,9.281200,0,10000,0,0.283775,20.000000
730,43.675757,Series RL,0.278779,0.000110772556589,,6.960045,87.706291,21.556453,250000,0.013032,25.000000,1,6.965626,0.090777,100.000000,-70.737258,0,10000,0,0.278779,20.000000
731,43.754995,Series RL,0.310678,0.000110195985977,,6.923818,87.430809,172.043594,250000,0.013039,25.000000,1,6.930784,0.090372,100.000000,79.474403,0,10000,0,0.310678,20.000000
732,43.817628,Series RL,0.299497,0.000110703594752,,6.955712,87.534500,12.891712,250000,0.013037,25.000000,1,6.962157,0.090769,100.000000,-79.573791,0,10000,0,0.299497,20.000000
733,43.884340,Series RL,0.318958,0.000111001294073,,6.974417,87.381538,69.041343,250000,0.013037,25.000000,1,6.981707,0.091019,100.000000,-23.577112,0,10000,0,0.318958,20.000000
734,43.963886,Series RL,0.281689,0.000110546365584,,6.945833,87.677635,-167.928237,250000,0.013037,25.000000,1,6.951543,0.090629,100.000000,99.749374,0,10000,0,0.281689,20.000000
735,44.020893,Series RL,0.260998,0.00011059162925,,6.948677,87.848930,-109.126083,250000,0.013040,25.000000,1,6.953577,0.090676,100.000000,158.722824,0,10000,0,0.260998,20.000000
736,44.084146,Series RL,0.305151,0.000110575904742,,6.947689,87.485107,-1.374738,250000,0.013036,25.000000,1,6.954387,0.090659,100.000000,-93.889633,0,10000,0,0.305151,20.000000
737,44.164359,Series RL,0.267213,0.000110785925604,,6.960885,87.801612,-154.520339,250000,0.013040,25.000000,1,6.966012,0.090833,100.000000,113.281295,0,10000,0,0.267213,20.000000
738,44.221686,Series RL,0.307185,0.000110161290199,,6.921638,87.458854,157.699172,250000,0.013037,25.000000,1,6.928451,0.090328,100.000000,65.158027,0,10000,0,0.307185,20.000000
739,44.283254,Series RL,0.290970,0.000110867444766,,6.966007,87.608139,108.818847,250000,0.013034,25.000000,1,6.972081,0.090874,100.000000,16.426996,0,10000,0,0.290970,20.000000
740,44.351383,Series RL,0.271407,0.000110831491665,,6.963748,87.768058,-112.583869,250000,0.013041,25.000000,1,6.969036,0.090881,100.000000,155.184173,0,10000,0,0.271407,20.000000
741,44.427943,Series RL,0.269279,0.000110931616039,,6.970039,87.787551,-67.554573,250000,0.013038,25.000000,1,6.975239,0.090942,100.000000,-159.767028,0,10000,0,0.269279,20.000000
742,44.484651,Series RL,0.284158,0.000110463350366,,6.940617,87.655540,135.140335,250000,0.013033,25.000000,1,6.946432,0.090534,100.000000,42.795879,0,10000,0,0.284158,20.000000
743,44.542520,Series RL,0.289452,0.000110792435042,,6.961294,87.619003,122.578193,250000,0.013036,25.000000,1,6.967309,0.090823,100.000000,30.197195,0,10000,0,0.289452,20.000000
744,44.602274,Series RL,0.302097,0.000111110792674,,6.981297,87.522216,39.774257,250000,0.013037,25.000000,1,6.987831,0.091098,100.000000,-52.703525,0,10000,0,0.302097,20.000000
745,44.656915,Series RL,0.297502,0.00011047506417,,6.941353,87.545837,-102.664115,250000,0.013039,25.000000,1,6.947725,0.090592,100.000000,164.881744,0,10000,0,0.297502,20.000000
746,44.711471,Series RL,0.283003,0.000110549723753,,6.946044,87.666877,135.128723,250000,0.013035,25.000000,1,6.951807,0.090615,100.000000,42.795616,0,10000,0,0.283003,20.000000
747,44.766489,Series RL,0.266892,0.000110892559416,,6.967585,87.806365,-63.744213,250000,0.013038,25.000000,1,6.972694,0.090913,100.000000,-155.937835,0,10000,0,0.266892,20.000000
748,44.845861,Series RL,0.275528,0.000111156422396,,6.984164,87.740821,-25.860885,250000,0.013038,25.000000,1,6.989597,0.091132,100.000000,-118.120056,0,10000,0,0.275528,20.000000
749,44.903379,Series RL,0.284680,0.000110119671182,,6.919023,87.643913,-144.067245,250000,0.013041,25.000000,1,6.924877,0.090309,100.000000,123.576683,0,10000,0,0.284680,20.000000
750,44.959264,Series RL,0.286118,0.000110207636119,,6.924550,87.633918,-143.629791,250000,0.013039,25.000000,1,6.930458,0.090364,100.000000,124.004096,0,10000,0,0.286118,20.000000
751,45.014818,Series RL,0.294535,0.000110996455763,,6.974113,87.581680,-104.524276,250000,0.013040,25.000000,1,6.980329,0.091023,100.000000,163.057388,0,10000,0,0.294535,20.000000
752,45.069479,Series RL,0.292404,0.000110769819124,,6.959873,87.594245,-147.393585,250000,0.013040,25.000000,1,6.966012,0.090834,100.000000,120.200630,0,10000,0,0.292404,20.000000
753,45.124595,Series RL,0.276102,0.000110738338276,,6.957895,87.727592,-64.238075,250000,0.013038,25.000000,1,6.963371,0.090789,100.000000,-156.510482,0,10000,0,0.276102,20.000000
754,45.179292,Series RL,0.322344,0.000110691849118,,6.954974,87.346397,54.972644,250000,0.013032,25.000000,1,6.962440,0.090732,100.000000,-37.680953,0,10000,0,0.322344,20.000000
755,45.234374,Series RL,0.296624,0.000110235758797,,6.926317,87.547767,-29.492916,250000,0.013040,25.000000,1,6.932666,0.090405,100.000000,-121.945159,0,10000,0,0.296624,20.000000
756,45.312813,Series RL,0.262828,0.000110599205025,,6.949153,87.834007,-66.028617,250000,0.013040,25.000000,1,6.954122,0.090680,100.000000,-158.194610,0,10000,0,0.262828,20.000000
757,45.368229,Series RL,0.314248,0.000110913090404,,6.968875,87.418106,54.975990,250000,0.013032,25.000000,1,6.975957,0.090913,100.000000,-37.605899,0,10000,0,0.314248,20.000000
758,45.422845,Series RL,0.285429,0.000110876468852,,6.966574,87.653831,102.994132,250000,0.013035,25.000000,1,6.972418,0.090886,100.000000,10.647960,0,10000,0,0.285429,20.000000
759,45.501679,Series RL,0.273787,0.00011041985332,,6.937884,87.740135,179.124847,250000,0.013036,25.000000,1,6.943284,0.090514,100.000000,86.864974,0,10000,0,0.273787,20.000000
760,45.559810,Series RL,0.315591,0.000110266603025,,6.928255,87.391906,100.417709,250000,0.013034,25.000000,1,6.935439,0.090395,100.000000,7.809620,0,10000,0,0.315591,20.000000
761,45.615382,Series RL,0.283087,0.000110699488555,,6.955454,87.669334,48.991333,250000,0.013033,25.000000,1,6.961212,0.090723,100.000000,-43.339328,0,10000,0,0.283087,20.000000
762,45.670015,Series RL,0.285791,0.000110620038407,,6.950462,87.645423,146.126159,250000,0.013038,25.000000,1,6.956336,0.090696,100.000000,53.771579,0,10000,0,0.285791,20.000000
763,45.724488,Series RL,0.289375,0.000110716963768,,6.956552,87.618011,91.468269,250000,0.013030,25.000000,1,6.962567,0.090719,100.000000,-0.913715,0,10000,0,0.289375,20.000000
764,45.779124,Series RL,0.255687,0.000110924883785,,6.969616,87.898986,-97.134353,250000,0.013038,25.000000,1,6.974305,0.090929,100.000000,170.764648,0,10000,0,0.255687,20.000000
765,45.833602,Series RL,0.292804,0.000110553559388,,6.946285,87.586265,106.597129,250000,0.013032,25.000000,1,6.952454,0.090603,100.000000,14.183386,0,10000,0,0.292804,20.000000
766,45.888153,Series RL,0.286958,0.000110868495189,,6.966073,87.641105,48.758640,250000,0.013034,25.000000,1,6.971982,0.090870,100.000000,-43.600254,0,10000,0,0.286958,20.000000
767,45.955532,Series RL,0.275057,0.000110887482374,,6.967266,87.739219,-77.692947,250000,0.013037,25.000000,1,6.972693,0.090900,100.000000,-169.953720,0,10000,0,0.275057,20.000000
768,46.027508,Series RL,0.321740,0.00011019205485,,6.923571,87.339363,128.497238,250000,0.013032,25.000000,1,6.931043,0.090328,100.000000,35.836608,0,10000,0,0.321740,20.000000
769,46.093334,Series RL,0.294134,0.000110763341518,,6.959466,87.579887,77.641578,250000,0.013032,25.000000,1,6.965679,0.090774,100.000000,-14.778525,0,10000,0,0.294134,20.000000
770,46.149165,Series RL,0.290727,0.000110723409543,,6.956957,87.607032,87.551795,250000,0.013034,25.000000,1,6.963029,0.090755,100.000000,-4.841173,0,10000,0,0.290727,20.000000
771,46.204121,Series RL,0.283663,0.000110609343195,,6.949790,87.662712,20.815032,250000,0.013033,25.000000,1,6.955576,0.090652,100.000000,-71.522254,0,10000,0,0.283663,20.000000
772,46.276178,Series RL,0.287335,0.000110607465167,,6.949672,87.632446,-119.959701,250000,0.013036,25.000000,1,6.955610,0.090672,100.000000,147.672760,0,10000,0,0.287335,20.000000
773,46.334950,Series RL,0.301467,0.000110365533738,,6.934471,87.510704,-160.182235,250000,0.013037,25.000000,1,6.941021,0.090488,100.000000,107.328453,0,10000,0,0.301467,20.000000
774,46.389620,Series RL,0.269781,0.000110783920252,,6.960759,87.780464,-169.559600,250000,0.013036,25.000000,1,6.965984,0.090809,100.000000,98.220878,0,10000,0,0.269781,20.000000
775,46.444270,Series RL,0.307886,0.000110574122206,,6.947577,87.462554,13.513247,250000,0.013037,25.000000,1,6.954396,0.090664,100.000000,-79.024192,0,10000,0,0.307886,20.000000
776,46.531226,Series RL,0.260490,0.000111027443231,,6.976060,87.861541,-83.238304,250000,0.013040,25.000000,1,6.980922,0.091029,100.000000,-175.376770,0,10000,0,0.260490,20.000000
777,46.590314,Series RL,0.277661,0.000110828006171,,6.963529,87.716613,59.304637,250000,0.013033,25.000000,1,6.969062,0.090827,100.000000,-32.978744,0,10000,0,0.277661,20.000000
778,46.669782,Series RL,0.320721,0.000110520264173,,6.944193,87.355644,113.023361,250000,0.013034,25.000000,1,6.951595,0.090604,100.000000,20.378997,0,10000,0,0.320721,20.000000
779,46.730615,Series RL,0.280032,0.000110770169265,,6.959895,87.695938,-120.169296,250000,0.013036,25.000000,1,6.965526,0.090801,100.000000,147.526657,0,10000,0,0.280032,20.000000
780,46.791005,Series RL,0.305214,0.000111073502671,,6.978954,87.495841,24.312860,250000,0.013030,25.000000,1,6.985625,0.091020,100.000000,-68.191291,0,10000,0,0.305214,20.000000
781,46.863446,Series RL,0.306134,0.000111059210557,,6.978056,87.487983,25.517715,250000,0.013033,25.000000,1,6.984768,0.091031,100.000000,-66.994293,0,10000,0,0.306134,20.000000
782,46.929619,Series RL,0.296573,0.000110493239664,,6.942495,87.553894,159.554626,250000,0.013035,25.000000,1,6.948827,0.090578,100.000000,67.108535,0,10000,0,0.296573,20.000000
783,46.984958,Series RL,0.271237,0.00011088110026,,6.966865,87.770462,-35.038902,250000,0.013034,25.000000,1,6.972143,0.090878,100.000000,-127.268447,0,10000,0,0.271237,20.000000
784,47.040127,Series RL,0.310983,0.000110306805564,,6.930781,87.430870,99.777770,250000,0.013036,25.000000,1,6.937755,0.090440,100.000000,7.208641,0,10000,0,0.310983,20.000000
785,47.094790,Series RL,0.315096,0.000110101081884,,6.917855,87.392082,-145.612075,250000,0.013038,25.000000,1,6.925027,0.090289,100.000000,121.780021,0,10000,0,0.315096,20.000000
786,47.149510,Series RL,0.287204,0.000110414648953,,6.937557,87.629394,166.740463,250000,0.013032,25.000000,1,6.943499,0.090490,100.000000,74.369857,0,10000,0,0.287204,20.000000
787,47.204239,Series RL,0.261823,0.000111059385628,,6.978067,87.851211,18.468500,250000,0.013033,25.000000,1,6.982977,0.091006,100.000000,-73.680290,0,10000,0,0.261823,20.000000
788,47.259319,Series RL,0.271222,0.000110796620817,,6.961557,87.768890,-106.038841,250000,0.013036,25.000000,1,6.966838,0.090820,100.000000,161.730056,0,10000,0,0.271222,20.000000
789,47.313804,Series RL,0.284891,0.0001104404798,,6.939180,87.649017,92.419853,250000,0.013032,25.000000,1,6.945025,0.090508,100.000000,0.068876,0,10000,0,0.284891,20.000000
790,47.368346,Series RL,0.284711,0.000110775835181,,6.960251,87.657600,77.185134,250000,0.013033,25.000000,1,6.966072,0.090789,100.000000,-15.157265,0,10000,0,0.284711,20.000000
791,47.453767,Series RL,0.277542,0.000110689270807,,6.954812,87.714729,-106.587890,250000,0.013034,25.000000,1,6.960347,0.090724,100.000000,161.126861,0,10000,0,0.277542,20.000000
792,47.515491,Series RL,0.293329,0.000110050422866,,6.914672,87.570892,172.936874,250000,0.013035,25.000000,1,6.920891,0.090215,100.000000,80.507781,0,10000,0,0.293329,20.000000
793,47.572269,Series RL,0.308133,0.000110823486171,,6.963245,87.466239,110.540756,250000,0.013027,25.000000,1,6.970059,0.090799,100.000000,18.006988,0,10000,0,0.308133,20.000000
794,47.640373,Series RL,0.285823,0.000110426490081,,6.938301,87.641044,130.864425,250000,0.013033,25.000000,1,6.944186,0.090504,100.000000,38.505458,0,10000,0,0.285823,20.000000
795,47.709108,Series RL,0.278523,0.000110719828557,,6.956732,87.707298,-106.109642,250000,0.013035,25.000000,1,6.962306,0.090754,100.000000,161.597671,0,10000,0,0.278523,20.000000
796,47.783531,Series RL,0.294476,0.000110599984884,,6.949202,87.573509,0.323193,250000,0.013034,25.000000,1,6.955438,0.090658,100.000000,-92.103302,0,10000,0,0.294476,20.000000
797,47.839598,Series RL,0.312479,0.000110768641378,,6.959799,87.429275,125.505104,250000,0.013032,25.000000,1,6.966810,0.090793,100.000000,32.934379,0,10000,0,0.312479,20.000000
798,47.907090,Series RL,0.270465,0.000110384489091,,6.935662,87.766807,-100.101676,250000,0.013038,25.000000,1,6.940933,0.090498,100.000000,167.665161,0,10000,0,0.270465,20.000000
799,47.979137,Series RL,0.272749,0.000110335915003,,6.932610,87.746971,-143.137207,250000,0.013037,25.000000,1,6.937973,0.090452,100.000000,124.609748,0,10000,0,0.272749,20.000000
800,48.040926,Series RL,0.293498,0.000110532407696,,6.944956,87.580085,116.344863,250000,0.013031,25.000000,1,6.951155,0.090584,100.000000,23.924947,0,10000,0,0.293498,20.000000
801,48.110071,Series RL,0.307511,0.000110308699508,,6.930900,87.459564,101.028358,250000,0.013031,25.000000,1,6.937718,0.090405,100.000000,8.487920,0,10000,0,0.307511,20.000000
802,48.179622,Series RL,0.290168,0.000110398176417,,6.936522,87.604591,107.645233,250000,0.013030,25.000000,1,6.942588,0.090459,100.000000,15.249830,0,10000,0,0.290168,20.000000
803,48.234527,Series RL,0.265335,0.000111145806762,,6.983497,87.824111,-40.291801,250000,0.013038,25.000000,1,6.988536,0.091116,100.000000,-132.467697,0,10000,0,0.265335,20.000000
804,48.289038,Series RL,0.319786,0.000110475828113,,6.941401,87.362289,27.945075,250000,0.013033,25.000000,1,6.948763,0.090566,100.000000,-64.692642,0,10000,0,0.319786,20.000000
805,48.343675,Series RL,0.259842,0.000110612192069,,6.949969,87.858848,-65.881240,250000,0.013037,25.000000,1,6.954824,0.090670,100.000000,-158.022384,0,10000,0,0.259842,20.000000
806,48.398369,Series RL,0.286424,0.000110805183353,,6.962095,87.644149,105.467247,250000,0.013032,25.000000,1,6.967984,0.090805,100.000000,13.111399,0,10000,0,0.286424,20.000000
807,48.453000,Series RL,0.268107,0.00011111967352,,6.981855,87.800895,61.192562,250000,0.013033,25.000000,1,6.987001,0.091064,100.000000,-31.006546,0,10000,0,0.268107,20.000000
808,48.507519,Series RL,0.292927,0.000110839369834,,6.964243,87.591461,-105.479042,250000,0.013035,25.000000,1,6.970401,0.090859,100.000000,162.112442,0,10000,0,0.292927,20.000000
809,48.562198,Series RL,0.294160,0.00011056089643,,6.946746,87.575256,73.044075,250000,0.013033,25.000000,1,6.952971,0.090617,100.000000,-19.380670,0,10000,0,0.294160,20.000000
810,48.641385,Series RL,0.285904,0.000110834372369,,6.963929,87.649047,-76.011863,250000,0.013037,25.000000,1,6.969795,0.090867,100.000000,-168.362823,0,10000,0,0.285904,20.000000
811,48.699642,Series RL,0.297666,0.000110513659243,,6.943778,87.545349,-160.758575,250000,0.013037,25.000000,1,6.950155,0.090610,100.000000,106.786758,0,10000,0,0.297666,20.000000
812,48.769585,Series RL,0.292139,0.000110534779104,,6.945105,87.591323,122.530448,250000,0.013031,25.000000,1,6.951247,0.090581,100.000000,30.121772,0,10000,0,0.292139,20.000000
813,48.849429,Series RL,0.291722,0.000110933064349,,6.970130,87.603385,-62.295654,250000,0.013036,25.000000,1,6.976233,0.090944,100.000000,-154.692260,0,10000,0,0.291722,20.000000
814,48.906357,Series RL,0.278755,0.000110949855196,,6.971185,87.710144,-9.385260,250000,0.013033,25.000000,1,6.976756,0.090930,100.000000,-101.675117,0,10000,0,0.278755,20.000000
815,48.966680,Series RL,0.293548,0.000110440495716,,6.939181,87.577659,135.239242,250000,0.013034,25.000000,1,6.945387,0.090524,100.000000,42.816905,0,10000,0,0.293548,20.000000
816,49.021357,Series RL,0.322022,0.000110237509502,,6.926427,87.338127,85.390289,250000,0.013034,25.000000,1,6.933908,0.090376,100.000000,-7.271587,0,10000,0,0.322022,20.000000
817,49.100270,Series RL,0.308710,0.000110846547722,,6.964694,87.462020,125.531738,250000,0.013033,25.000000,1,6.971532,0.090861,100.000000,32.993766,0,10000,0,0.308710,20.000000
818,49.157599,Series RL,0.293137,0.000110853693779,,6.965143,87.590049,146.845169,250000,0.013036,25.000000,1,6.971309,0.090879,100.000000,54.435222,0,10000,0,0.293137,20.000000
819,49.213969,Series RL,0.270601,0.000110970083789,,6.972456,87.777465,-53.634975,250000,0.013038,25.000000,1,6.977705,0.090976,100.000000,-145.857513,0,10000,0,0.270601,20.000000
820,49.268542,Series RL,0.280536,0.000110690926019,,6.954916,87.690147,19.870040,250000,0.013034,25.000000,1,6.960572,0.090721,100.000000,-72.439811,0,10000,0,0.280536,20.000000
821,49.322994,Series RL,0.303842,0.000110567740093,,6.947176,87.495697,151.235198,250000,0.013033,25.000000,1,6.953817,0.090631,100.000000,58.730911,0,10000,0,0.303842,20.000000
822,49.377645,Series RL,0.266422,0.000110600796575,,6.949253,87.804458,-22.215581,250000,0.013035,25.000000,1,6.954358,0.090652,100.000000,-114.411125,0,10000,0,0.266422,20.000000
823,49.432499,Series RL,0.304773,0.00011079607969,,6.961523,87.493209,138.525405,250000,0.013033,25.000000,1,6.968191,0.090817,100.000000,46.018611,0,10000,0,0.304773,20.000000
824,49.487105,Series RL,0.288488,0.000110769102927,,6.959828,87.626419,19.996183,250000,0.013033,25.000000,1,6.965805,0.090782,100.000000,-72.377395,0,10000,0,0.288488,20.000000
825,49.541695,Series RL,0.323024,0.000111031390273,,6.976308,87.348922,54.307361,250000,0.013034,25.000000,1,6.983782,0.091024,100.000000,-38.343711,0,10000,0,0.323024,20.000000
826,49.596675,Series RL,0.284767,0.000111132660563,,6.982671,87.664657,90.478370,250000,0.013031,25.000000,1,6.988475,0.091064,100.000000,-1.856974,0,10000,0,0.284767,20.000000
827,49.651500,Series RL,0.289234,0.000110761511236,,6.959351,87.620124,91.121444,250000,0.013032,25.000000,1,6.965359,0.090775,100.000000,-1.258432,0,10000,0,0.289234,20.000000
828,49.706262,Series RL,0.308153,0.000110331458664,,6.932330,87.454780,86.367935,250000,0.013033,25.000000,1,6.939175,0.090437,100.000000,-6.177275,0,10000,0,0.308153,20.000000
829,49.760929,Series RL,0.274962,0.00011067760475,,6.954079,87.735717,-37.703845,250000,0.013034,25.000000,1,6.959513,0.090713,100.000000,-129.968124,0,10000,0,0.274962,20.000000
830,49.815626,Series RL,0.273928,0.0001107160725,,6.956496,87.745010,-169.753143,250000,0.013038,25.000000,1,6.961887,0.090769,100.000000,97.991874,0,10000,0,0.273928,20.000000
831,49.870140,Series RL,0.307909,0.000110809591944,,6.962372,87.467750,110.126846,250000,0.013028,25.000000,1,6.969177,0.090795,100.000000,17.594598,0,10000,0,0.307909,20.000000
832,49.949408,Series RL,0.320050,0.000110759107997,,6.959200,87.366844,126.289154,250000,0.013033,25.000000,1,6.966556,0.090795,100.000000,33.656005,0,10000,0,0.320050,20.000000
833,50.006704,Series RL,0.273319,0.00011079561814,,6.961494,87.751632,-48.899879,250000,0.013035,25.000000,1,6.966858,0.090816,100.000000,-141.148239,0,10000,0,0.273319,20.000000
834,50.062776,Series RL,0.324801,0.000110815862649,,6.962766,87.329177,97.598815,250000,0.013032,25.000000,1,6.970338,0.090837,100.000000,4.927998,0,10000,0,0.324801,20.000000
835,50.117404,Series RL,0.284797,0.000111156008594,,6.984138,87.664901,76.209594,250000,0.013030,25.000000,1,6.989942,0.091081,100.000000,-16.125501,0,10000,0,0.284797,20.000000
836,50.172515,Series RL,0.286736,0.000111119020985,,6.981814,87.648239,46.548904,250000,0.013033,25.000000,1,6.987699,0.091068,100.000000,-45.802860,0,10000,0,0.286736,20.000000
837,50.227099,Series RL,0.266594,0.000110446479942,,6.939557,87.799972,-94.433723,250000,0.013035,25.000000,1,6.944676,0.090521,100.000000,173.366241,0,10000,0,0.266594,20.000000
838,50.281701,Series RL,0.279364,0.000110264836405,,6.928144,87.690910,-152.282546,250000,0.013036,25.000000,1,6.933775,0.090390,100.000000,115.408378,0,10000,0,0.279364,20.000000
839,50.336279,Series RL,0.285649,0.000110562885867,,6.946871,87.645370,102.185646,250000,0.013032,25.000000,1,6.952742,0.090607,100.000000,9.831027,0,10000,0,0.285649,20.000000
840,50.390879,Series RL,0.287932,0.000110038820471,,6.913943,87.615287,-115.255805,250000,0.013038,25.000000,1,6.919936,0.090220,100.000000,152.359466,0,10000,0,0.287932,20.000000
841,50.445467,Series RL,0.270470,0.000110300327958,,6.930374,87.765060,-94.490097,250000,0.013035,25.000000,1,6.935649,0.090405,100.000000,173.274963,0,10000,0,0.270470,20.000000
842,50.500254,Series RL,0.297814,0.000110293213732,,6.929927,87.539230,-87.995620,250000,0.013038,25.000000,1,6.936323,0.090433,100.000000,179.543579,0,10000,0,0.297814,20.000000
843,50.554949,Series RL,0.283876,0.000110470385014,,6.941059,87.658020,131.106140,250000,0.013034,25.000000,1,6.946861,0.090548,100.000000,38.764144,0,10000,0,0.283876,20.000000
844,50.609644,Series RL,0.293736,0.000110942072519,,6.970696,87.587059,8.576272,250000,0.013033,25.000000,1,6.976882,0.090932,100.000000,-83.836669,0,10000,0,0.293736,20.000000
845,50.664296,Series RL,0.298352,0.000110634155451,,6.951349,87.542366,168.152084,250000,0.013033,25.000000,1,6.957749,0.090681,100.000000,75.694465,0,10000,0,0.298352,20.000000
846,50.718884,Series RL,0.268136,0.000110500704031,,6.942964,87.788345,-42.373622,250000,0.013038,25.000000,1,6.948140,0.090587,100.000000,-134.585281,0,10000,0,0.268136,20.000000
847,50.773472,Series RL,0.288998,0.000110203720907,,6.924304,87.610046,-102.223472,250000,0.013037,25.000000,1,6.930332,0.090350,100.000000,165.386535,0,10000,0,0.288998,20.000000
848,50.828420,Series RL,0.269078,0.000110407423319,,6.937103,87.778709,-85.885421,250000,0.013037,25.000000,1,6.942319,0.090510,100.000000,-178.106719,0,10000,0,0.269078,20.000000
849,50.883178,Series RL,0.314854,0.000110811963353,,6.962521,87.410766,-2.443757,250000,0.013034,25.000000,1,6.969636,0.090845,100.000000,-95.032997,0,10000,0,0.314854,20.000000
850,50.938457,Series RL,0.297898,0.000110434925293,,6.938831,87.541687,-131.733581,250000,0.013039,25.000000,1,6.945223,0.090557,100.000000,135.808074,0,10000,0,0.297898,20.000000
851,50.993514,Series RL,0.289760,0.000110058412444,,6.915174,87.600593,-144.161865,250000,0.013038,25.000000,1,6.921243,0.090236,100.000000,123.438713,0,10000,0,0.289760,20.000000
852,51.048219,Series RL,0.287361,0.000110661609678,,6.953074,87.633384,73.648551,250000,0.013032,25.000000,1,6.959010,0.090689,100.000000,-18.718061,0,10000,0,0.287361,20.000000
853,51.103507,Series RL,0.304780,0.000110358626413,,6.934037,87.483222,122.395385,250000,0.013030,25.000000,1,6.940732,0.090436,100.000000,29.878614,0,10000,0,0.304780,20.000000
854,51.158167,Series RL,0.305878,0.00011027206204,,6.928598,87.472190,-73.656822,250000,0.013037,25.000000,1,6.935347,0.090417,100.000000,-166.184631,0,10000,0,0.305878,20.000000
855,51.212825,Series RL,0.308284,0.00011079173476,,6.961250,87.464271,-31.746431,250000,0.013036,25.000000,1,6.968073,0.090836,100.000000,-124.282165,0,10000,0,0.308284,20.000000
856,51.267642,Series RL,0.295562,0.000110923769701,,6.969546,87.571670,45.418445,250000,0.013035,25.000000,1,6.975811,0.090931,100.000000,-47.009876,0,10000,0,0.295562,20.000000
857,51.322381,Series RL,0.319025,0.000110369337541,,6.934710,87.366020,-174.742187,250000,0.013036,25.000000,1,6.942045,0.090493,100.000000,92.623825,0,10000,0,0.319025,20.000000
858,51.377281,Series RL,0.268757,0.00011069982278,,6.955475,87.787208,-81.012756,250000,0.013037,25.000000,1,6.960665,0.090746,100.000000,-173.225540,0,10000,0,0.268757,20.000000
859,51.431952,Series RL,0.280513,0.000110603120237,,6.949399,87.688507,-107.164207,250000,0.013036,25.000000,1,6.955058,0.090665,100.000000,160.524276,0,10000,0,0.280513,20.000000
860,51.486957,Series RL,0.311750,0.000110175566398,,6.922535,87.421478,-174.472183,250000,0.013038,25.000000,1,6.929551,0.090347,100.000000,92.949272,0,10000,0,0.311750,20.000000
861,51.541842,Series RL,0.286005,0.000110367634583,,6.934603,87.638282,159.762283,250000,0.013033,25.000000,1,6.940499,0.090457,100.000000,67.400558,0,10000,0,0.286005,20.000000
862,51.596677,Series RL,0.303344,0.000110596372067,,6.948975,87.500450,166.444274,250000,0.013033,25.000000,1,6.955593,0.090651,100.000000,73.944725,0,10000,0,0.303344,20.000000
863,51.651503,Series RL,0.307737,0.000110856144765,,6.965297,87.470230,95.102966,250000,0.013031,25.000000,1,6.972092,0.090851,100.000000,2.573189,0,10000,0,0.307737,20.000000
864,51.706151,Series RL,0.298659,0.000111056361684,,6.977877,87.549186,-4.426527,250000,0.013033,25.000000,1,6.984265,0.091025,100.000000,-96.877342,0,10000,0,0.298659,20.000000
865,51.760726,Series RL,0.292238,0.000110495802059,,6.942656,87.589660,106.332992,250000,0.013032,25.000000,1,6.948804,0.090558,100.000000,13.922649,0,10000,0,0.292238,20.000000
866,51.828639,Series RL,0.294472,0.000110536879949,,6.945237,87.572158,102.648437,250000,0.013033,25.000000,1,6.951477,0.090597,100.000000,10.220602,0,10000,0,0.294472,20.000000
867,51.899256,Series RL,0.273545,0.00011032038148,,6.931634,87.740081,-124.183845,250000,0.013038,25.000000,1,6.937029,0.090442,100.000000,143.556228,0,10000,0,0.273545,20.000000
868,51.968600,Series RL,0.297002,0.000110607337843,,6.949664,87.552886,138.108581,250000,0.013030,25.000000,1,6.956008,0.090636,100.000000,45.661464,0,10000,0,0.297002,20.000000
869,52.048515,Series RL,0.272841,0.000110803337155,,6.961979,87.755714,-52.967185,250000,0.013036,25.000000,1,6.967323,0.090824,100.000000,-145.211471,0,10000,0,0.272841,20.000000
870,52.105986,Series RL,0.304597,0.00011061642559,,6.950235,87.490600,-161.712539,250000,0.013037,25.000000,1,6.956906,0.090696,100.000000,105.778060,0,10000,0,0.304597,20.000000
871,52.167175,Series RL,0.288256,0.000110773734336,,6.960119,87.628433,147.768081,250000,0.013034,25.000000,1,6.966085,0.090796,100.000000,55.396511,0,10000,0,0.288256,20.000000
872,52.221771,Series RL,0.266571,0.000110890824627,,6.967476,87.808967,-53.458175,250000,0.013037,25.000000,1,6.972573,0.090900,100.000000,-145.649215,0,10000,0,0.266571,20.000000
873,52.276500,Series RL,0.287879,0.000110538328259,,6.945328,87.626487,-170.307571,250000,0.013038,25.000000,1,6.951292,0.090631,100.000000,97.318885,0,10000,0,0.287879,20.000000
874,52.356896,Series RL,0.311963,0.000111011273088,,6.975044,87.439117,52.933864,250000,0.013030,25.000000,1,6.982017,0.090974,100.000000,-39.627017,0,10000,0,0.311963,20.000000
875,52.413797,Series RL,0.279190,0.0001105051922,,6.943246,87.697364,-98.472183,250000,0.013041,25.000000,1,6.948857,0.090619,100.000000,169.225173,0,10000,0,0.279190,20.000000
876,52.468864,Series RL,0.283779,0.00011028205697,,6.929226,87.654815,173.463119,250000,0.013036,25.000000,1,6.935035,0.090408,100.000000,81.117950,0,10000,0,0.283779,20.000000
877,52.524451,Series RL,0.292657,0.00011054606319,,6.945814,87.587303,93.111930,250000,0.013032,25.000000,1,6.951977,0.090595,100.000000,0.699239,0,10000,0,0.292657,20.000000
878,52.579325,Series RL,0.303184,0.000110569538544,,6.947289,87.501159,122.808616,250000,0.013033,25.000000,1,6.953901,0.090631,100.000000,30.309774,0,10000,0,0.303184,20.000000
879,52.634126,Series RL,0.297285,0.000110626356858,,6.950859,87.550971,73.239547,250000,0.013033,25.000000,1,6.957213,0.090675,100.000000,-19.209480,0,10000,0,0.297285,20.000000
880,52.688790,Series RL,0.316424,0.000110369687682,,6.934732,87.387466,101.523017,250000,0.013031,25.000000,1,6.941947,0.090462,100.000000,8.910488,0,10000,0,0.316424,20.000000
881,52.743667,Series RL,0.293786,0.000110719223768,,6.956694,87.581794,-163.140197,250000,0.013034,25.000000,1,6.962895,0.090758,100.000000,104.441612,0,10000,0,0.293786,20.000000
882,52.798446,Series RL,0.302494,0.00011046927093,,6.940989,87.504585,87.079483,250000,0.013031,25.000000,1,6.947577,0.090534,100.000000,-5.415929,0,10000,0,0.302494,20.000000
883,52.853701,Series RL,0.282281,0.000110696544188,,6.955269,87.675910,20.017715,250000,0.013032,25.000000,1,6.960995,0.090713,100.000000,-72.306373,0,10000,0,0.282281,20.000000
884,52.923118,Series RL,0.303218,0.000110380510218,,6.935412,87.496604,151.602172,250000,0.013034,25.000000,1,6.942038,0.090479,100.000000,59.098781,0,10000,0,0.303218,20.000000
885,52.991723,Series RL,0.304311,0.000110293834436,,6.929966,87.485626,-88.142974,250000,0.013036,25.000000,1,6.936645,0.090425,100.000000,179.342666,0,10000,0,0.304311,20.000000
886,53.057913,Series RL,0.298803,0.000110746136869,,6.958385,87.541145,94.935218,250000,0.013031,25.000000,1,6.964798,0.090756,100.000000,2.476366,0,10000,0,0.298803,20.000000
887,53.141043,Series RL,0.297692,0.000110626866154,,6.950891,87.547637,63.239364,250000,0.013031,25.000000,1,6.957262,0.090662,100.000000,-29.212989,0,10000,0,0.297692,20.000000
888,53.214632,Series RL,0.307627,0.000110612367139,,6.949980,87.465568,-161.919113,250000,0.013036,25.000000,1,6.956785,0.090690,100.000000,105.546440,0,10000,0,0.307627,20.000000
889,53.298172,Series RL,0.293185,0.000110681726863,,6.954338,87.585914,21.195508,250000,0.013030,25.000000,1,6.960515,0.090698,100.000000,-71.218574,0,10000,0,0.293185,20.000000
890,53.372886,Series RL,0.318600,0.000110428654588,,6.938437,87.370933,-175.191741,250000,0.013035,25.000000,1,6.945748,0.090541,100.000000,92.179206,0,10000,0,0.318600,20.000000
891,53.434319,Series RL,0.266026,0.000110759139828,,6.959202,87.810852,-154.891662,250000,0.013035,25.000000,1,6.964284,0.090779,100.000000,112.919204,0,10000,0,0.266026,20.000000
892,53.504189,Series RL,0.292841,0.000110322991621,,6.931798,87.580917,-179.400161,250000,0.013031,25.000000,1,6.937982,0.090407,100.000000,88.180755,0,10000,0,0.292841,20.000000
893,53.568313,Series RL,0.303950,0.000110024289624,,6.913030,87.482452,-144.818847,250000,0.013036,25.000000,1,6.919709,0.090204,100.000000,122.663581,0,10000,0,0.303950,20.000000
894,53.624017,Series RL,0.314712,0.000110889217162,,6.967375,87.413742,11.267074,250000,0.013034,25.000000,1,6.974480,0.090903,100.000000,-81.319183,0,10000,0,0.314712,20.000000
895,53.678638,Series RL,0.310963,0.000110883901387,,6.967041,87.444381,67.342536,250000,0.013027,25.000000,1,6.973978,0.090853,100.000000,-25.213079,0,10000,0,0.310963,20.000000
896,53.733553,Series RL,0.297971,0.000110538757978,,6.945355,87.543395,29.432245,250000,0.013031,25.000000,1,6.951744,0.090589,100.000000,-63.024364,0,10000,0,0.297971,20.000000
897,53.788865,Series RL,0.261216,0.000110853248145,,6.965115,87.852210,-126.264198,250000,0.013036,25.000000,1,6.970012,0.090863,100.000000,141.588012,0,10000,0,0.261216,20.000000
898,53.843663,Series RL,0.276100,0.000110341342186,,6.932951,87.719436,-114.746978,250000,0.013036,25.000000,1,6.938447,0.090450,100.000000,152.972427,0,10000,0,0.276100,20.000000
899,53.898645,Series RL,0.304153,0.000110803878282,,6.962013,87.498474,80.716651,250000,0.013030,25.000000,1,6.968654,0.090801,100.000000,-11.784868,0,10000,0,0.304153,20.000000
900,53.953623,Series RL,0.295771,0.000110603311223,,6.949411,87.562927,146.610855,250000,0.013032,25.000000,1,6.955702,0.090650,100.000000,54.173786,0,10000,0,0.295771,20.000000
901,54.008375,Series RL,0.290418,0.000110606335167,,6.949601,87.607040,34.621040,250000,0.013031,25.000000,1,6.955667,0.090636,100.000000,-57.771915,0,10000,0,0.290418,20.000000
902,54.063194,Series RL,0.299277,0.000110682570384,,6.954391,87.535835,-119.716461,250000,0.013033,25.000000,1,6.960828,0.090719,100.000000,147.819381,0,10000,0,0.299277,20.000000
903,54.118045,Series RL,0.300314,0.000110776073913,,6.960266,87.529396,62.571319,250000,0.013027,25.000000,1,6.966741,0.090757,100.000000,-29.899282,0,10000,0,0.300314,20.000000
904,54.172772,Series RL,0.284594,0.000110731192219,,6.957446,87.657623,162.261047,250000,0.013032,25.000000,1,6.963264,0.090742,100.000000,69.918663,0,10000,0,0.284594,20.000000
905,54.227584,Series RL,0.320142,0.000110558238543,,6.946579,87.361312,-175.681793,250000,0.013032,25.000000,1,6.953952,0.090625,100.000000,91.679496,0,10000,0,0.320142,20.000000
906,54.282578,Series RL,0.264204,0.000111052446472,,6.977631,87.831565,3.192692,250000,0.013035,25.000000,1,6.982631,0.091021,100.000000,-88.975738,0,10000,0,0.264204,20.000000
907,54.337613,Series RL,0.276121,0.000111085009573,,6.979677,87.734519,-11.382037,250000,0.013035,25.000000,1,6.985137,0.091054,100.000000,-103.647529,0,10000,0,0.276121,20.000000
908,54.392376,Series RL,0.314241,0.000110844335469,,6.964555,87.416557,-3.184023,250000,0.013033,25.000000,1,6.971641,0.090863,100.000000,-95.767463,0,10000,0,0.314241,20.000000
909,54.447100,Series RL,0.275356,0.000110292433872,,6.929878,87.724571,-142.902420,250000,0.013037,25.000000,1,6.935347,0.090416,100.000000,124.822158,0,10000,0,0.275356,20.000000
910,54.502501,Series RL,0.291919,0.000110898464065,,6.967956,87.601028,-21.403894,250000,0.013031,25.000000,1,6.974068,0.090882,100.000000,-113.802864,0,10000,0,0.291919,20.000000
911,54.557352,Series RL,0.274137,0.000110699806865,,6.955474,87.742958,-12.902425,250000,0.013035,25.000000,1,6.960874,0.090735,100.000000,-105.159469,0,10000,0,0.274137,20.000000
912,54.614186,Series RL,0.313577,0.000110780116449,,6.960520,87.420509,111.991783,250000,0.013030,25.000000,1,6.967580,0.090789,100.000000,19.412302,0,10000,0,0.313577,20.000000
913,54.669051,Series RL,0.306879,0.00011067308475,,6.953795,87.473114,-176.396362,250000,0.013034,25.000000,1,6.960563,0.090726,100.000000,91.076736,0,10000,0,0.306879,20.000000
914,54.724122,Series RL,0.294230,0.00011098074717,,6.973126,87.583847,31.277547,250000,0.013033,25.000000,1,6.979331,0.090959,100.000000,-61.138607,0,10000,0,0.294230,20.000000
915,54.780693,Series RL,0.282755,0.000110663790101,,6.953211,87.671318,-8.927805,250000,0.013032,25.000000,1,6.958958,0.090687,100.000000,-101.256484,0,10000,0,0.282755,20.000000
916,54.836503,Series RL,0.320617,0.000110887052655,,6.967239,87.365226,81.903587,250000,0.013028,25.000000,1,6.974612,0.090867,100.000000,-10.731190,0,10000,0,0.320617,20.000000
917,54.915531,Series RL,0.278774,0.000110717266162,,6.956571,87.705184,-50.239704,250000,0.013037,25.000000,1,6.962154,0.090766,100.000000,-142.534515,0,10000,0,0.278774,20.000000
918,54.975855,Series RL,0.319833,0.00011086771533,,6.966024,87.371215,111.797584,250000,0.013031,25.000000,1,6.973362,0.090873,100.000000,19.168796,0,10000,0,0.319833,20.000000
919,55.037214,Series RL,0.297306,0.000110434225011,,6.938787,87.546554,107.208404,250000,0.013030,25.000000,1,6.945154,0.090497,100.000000,14.754961,0,10000,0,0.297306,20.000000
920,55.116769,Series RL,0.278421,0.000110667577989,,6.953449,87.707054,-12.683273,250000,0.013032,25.000000,1,6.959021,0.090693,100.000000,-104.976211,0,10000,0,0.278421,20.000000
921,55.176243,Series RL,0.309370,0.000110693265597,,6.955063,87.453086,124.673133,250000,0.013031,25.000000,1,6.961940,0.090721,100.000000,32.126216,0,10000,0,0.309370,20.000000
922,55.237143,Series RL,0.286959,0.0001106558801,,6.952714,87.636573,7.249888,250000,0.013033,25.000000,1,6.958633,0.090689,100.000000,-85.113540,0,10000,0,0.286959,20.000000
923,55.304784,Series RL,0.293491,0.000110453355435,,6.939989,87.578414,73.082679,250000,0.013031,25.000000,1,6.946191,0.090513,100.000000,-19.338905,0,10000,0,0.293491,20.000000
924,55.377143,Series RL,0.293196,0.000110706634612,,6.955903,87.586372,132.427963,250000,0.013036,25.000000,1,6.962079,0.090754,100.000000,40.014339,0,10000,0,0.293196,20.000000
925,55.434660,Series RL,0.314376,0.000110457986844,,6.940280,87.406425,101.157356,250000,0.013032,25.000000,1,6.947396,0.090542,100.000000,8.563790,0,10000,0,0.314376,20.000000
926,55.489663,Series RL,0.297332,0.000110620675027,,6.950502,87.550460,77.443801,250000,0.013031,25.000000,1,6.956859,0.090658,100.000000,-15.005736,0,10000,0,0.297332,20.000000
927,55.570485,Series RL,0.297492,0.000110508534454,,6.943456,87.546669,91.672241,250000,0.013027,25.000000,1,6.949826,0.090534,100.000000,-0.781091,0,10000,0,0.297492,20.000000
928,55.627111,Series RL,0.293102,0.00011030911331,,6.930926,87.578460,149.508285,250000,0.013034,25.000000,1,6.937121,0.090420,100.000000,57.086746,0,10000,0,0.293102,20.000000
929,55.682181,Series RL,0.278542,0.0001105665146,,6.947099,87.703971,-23.277870,250000,0.013035,25.000000,1,6.952681,0.090627,100.000000,-115.573898,0,10000,0,0.278542,20.000000
930,55.736988,Series RL,0.281446,0.000110589178264,,6.948523,87.680526,-113.278846,250000,0.013034,25.000000,1,6.954220,0.090644,100.000000,154.401687,0,10000,0,0.281446,20.000000
931,55.792034,Series RL,0.305720,0.000110005206947,,6.911831,87.467376,-172.614852,250000,0.013035,25.000000,1,6.918589,0.090181,100.000000,94.852539,0,10000,0,0.305720,20.000000
932,55.846834,Series RL,0.322722,0.000110292226971,,6.929865,87.333679,13.579631,250000,0.013034,25.000000,1,6.937376,0.090424,100.000000,-79.086692,0,10000,0,0.322722,20.000000
933,55.901684,Series RL,0.329282,0.000110049388359,,6.914607,87.273567,85.854385,250000,0.013031,25.000000,1,6.922442,0.090208,100.000000,-6.872044,0,10000,0,0.329282,20.000000
934,55.956603,Series RL,0.326272,0.000110173815693,,6.922425,87.301498,158.313873,250000,0.013035,25.000000,1,6.930109,0.090334,100.000000,65.615356,0,10000,0,0.326272,20.000000
935,56.013314,Series RL,0.283031,0.000110349427257,,6.933459,87.662422,-42.664524,250000,0.013036,25.000000,1,6.939233,0.090462,100.000000,-135.002105,0,10000,0,0.283031,20.000000
936,56.068868,Series RL,0.274769,0.000110330392326,,6.932263,87.730194,-94.597892,250000,0.013035,25.000000,1,6.937706,0.090434,100.000000,173.132308,0,10000,0,0.274769,20.000000
937,56.126960,Series RL,0.312259,0.000110751277573,,6.958708,87.430686,109.074440,250000,0.013029,25.000000,1,6.965711,0.090759,100.000000,16.505125,0,10000,0,0.312259,20.000000
938,56.208271,Series RL,0.304918,0.000110369639935,,6.934729,87.482345,107.984207,250000,0.013028,25.000000,1,6.941429,0.090435,100.000000,15.466555,0,10000,0,0.304918,20.000000
939,56.288121,Series RL,0.319598,0.000110722199965,,6.956881,87.369689,153.894271,250000,0.013029,25.000000,1,6.964218,0.090735,100.000000,61.263957,0,10000,0,0.319598,20.000000
940,56.343971,Series RL,0.276095,0.000110368844161,,6.934679,87.720046,-70.888153,250000,0.013036,25.000000,1,6.940173,0.090475,100.000000,-163.168106,0,10000,0,0.276095,20.000000
941,56.402464,Series RL,0.323091,0.000110919154207,,6.969256,87.345695,96.547172,250000,0.013029,25.000000,1,6.976741,0.090897,100.000000,3.892871,0,10000,0,0.323091,20.000000
942,56.457177,Series RL,0.294268,0.000110133438084,,6.919888,87.564964,173.348449,250000,0.013038,25.000000,1,6.926143,0.090300,100.000000,80.913406,0,10000,0,0.294268,20.000000
943,56.512297,Series RL,0.308276,0.000110317198382,,6.931434,87.453445,-102.570594,250000,0.013035,25.000000,1,6.938286,0.090442,100.000000,164.882843,0,10000,0,0.308276,20.000000
944,56.567465,Series RL,0.307908,0.000110641651649,,6.951820,87.463935,-103.766235,250000,0.013036,25.000000,1,6.958636,0.090710,100.000000,163.697708,0,10000,0,0.307908,20.000000
945,56.622332,Series RL,0.300070,0.00011053401516,,6.945057,87.526008,152.019714,250000,0.013031,25.000000,1,6.951536,0.090587,100.000000,59.545711,0,10000,0,0.300070,20.000000
946,56.677560,Series RL,0.305880,0.000110697721935,,6.955343,87.481887,14.621811,250000,0.013032,25.000000,1,6.962066,0.090731,100.000000,-77.896301,0,10000,0,0.305880,20.000000
947,56.732853,Series RL,0.327877,0.000110266427955,,6.928244,87.290512,114.815940,250000,0.013034,25.000000,1,6.935998,0.090404,100.000000,22.106449,0,10000,0,0.327877,20.000000
948,56.788028,Series RL,0.328127,0.00011049021572,,6.942305,87.293930,126.772010,250000,0.013033,25.000000,1,6.950055,0.090580,100.000000,34.065940,0,10000,0,0.328127,20.000000
949,56.843114,Series RL,0.294348,0.000111058096473,,6.977986,87.584556,-47.856273,250000,0.013032,25.000000,1,6.984192,0.091021,100.000000,-140.271713,0,10000,0,0.294348,20.000000
950,56.897971,Series RL,0.272831,0.000110388261064,,6.935899,87.747367,-56.674690,250000,0.013036,25.000000,1,6.941263,0.090487,100.000000,-148.927322,0,10000,0,0.272831,20.000000
951,56.952910,Series RL,0.303654,0.000110469239099,,6.940987,87.495018,-117.413955,250000,0.013035,25.000000,1,6.947626,0.090563,100.000000,150.081054,0,10000,0,0.303654,20.000000
952,57.007833,Series RL,0.282233,0.000110804865043,,6.962075,87.678573,-37.958839,250000,0.013033,25.000000,1,6.967793,0.090813,100.000000,-130.280258,0,10000,0,0.282233,20.000000
953,57.062778,Series RL,0.328295,0.000110258183729,,6.927726,87.286865,127.654975,250000,0.013031,25.000000,1,6.935500,0.090380,100.000000,34.941837,0,10000,0,0.328295,20.000000
954,57.117925,Series RL,0.296720,0.000110428304447,,6.938415,87.551246,-136.134170,250000,0.013034,25.000000,1,6.944756,0.090520,100.000000,131.417068,0,10000,0,0.296720,20.000000
955,57.173571,Series RL,0.323534,0.00011016245203,,6.921711,87.323829,-160.309829,250000,0.013035,25.000000,1,6.929268,0.090322,100.000000,107.014015,0,10000,0,0.323534,20.000000
956,57.252403,Series RL,0.312778,0.000110471626423,,6.941137,87.419914,-73.876861,250000,0.013035,25.000000,1,6.948181,0.090568,100.000000,-166.456954,0,10000,0,0.312778,20.000000
957,57.315321,Series RL,0.278753,0.000110766492786,,6.959664,87.706375,-112.742309,250000,0.013036,25.000000,1,6.965244,0.090796,100.000000,154.964065,0,10000,0,0.278753,20.000000
958,57.370467,Series RL,0.288521,0.000110593411785,,6.948789,87.622383,-35.397762,250000,0.013033,25.000000,1,6.954776,0.090638,100.000000,-127.775382,0,10000,0,0.288521,20.000000
959,57.425417,Series RL,0.295590,0.000110422352052,,6.938041,87.560424,-107.017234,250000,0.013034,25.000000,1,6.944334,0.090513,100.000000,160.543212,0,10000,0,0.295590,20.000000
960,57.480239,Series RL,0.301730,0.000110487366847,,6.942126,87.511283,92.024734,250000,0.013029,25.000000,1,6.948680,0.090534,100.000000,-0.463989,0,10000,0,0.301730,20.000000
961,57.535187,Series RL,0.295716,0.000110657041932,,6.952787,87.564559,175.695739,250000,0.013036,25.000000,1,6.959073,0.090718,100.000000,83.260307,0,10000,0,0.295716,20.000000
962,57.592135,Series RL,0.315946,0.000110012543989,,6.912292,87.382949,-159.712722,250000,0.013034,25.000000,1,6.919509,0.090185,100.000000,107.670219,0,10000,0,0.315946,20.000000
963,57.650106,Series RL,0.297693,0.000110640298831,,6.951735,87.547935,88.463890,250000,0.013032,25.000000,1,6.958106,0.090677,100.000000,-3.988184,0,10000,0,0.297693,20.000000
964,57.704988,Series RL,0.275846,0.000110568424459,,6.947219,87.726211,-125.374855,250000,0.013034,25.000000,1,6.952694,0.090619,100.000000,142.351364,0,10000,0,0.275846,20.000000
965,57.760616,Series RL,0.299921,0.000110638261648,,6.951607,87.529556,-132.975402,250000,0.013035,25.000000,1,6.958074,0.090701,100.000000,134.554122,0,10000,0,0.299921,20.000000
966,57.815983,Series RL,0.313647,0.000110613465308,,6.950049,87.416061,-1.743564,250000,0.013034,25.000000,1,6.957123,0.090681,100.000000,-94.327499,0,10000,0,0.313647,20.000000
967,57.870873,Series RL,0.304895,0.000110134249774,,6.919939,87.477157,-143.597702,250000,0.013037,25.000000,1,6.926653,0.090306,100.000000,123.879425,0,10000,0,0.304895,20.000000
968,57.927519,Series RL,0.282192,0.000110829693214,,6.963635,87.679443,-154.300735,250000,0.013034,25.000000,1,6.969351,0.090838,100.000000,113.378700,0,10000,0,0.282192,20.000000
969,57.985167,Series RL,0.278682,0.000110377565851,,6.935227,87.698890,-128.313079,250000,0.013033,25.000000,1,6.940824,0.090462,100.000000,139.385787,0,10000,0,0.278682,20.000000
970,58.042218,Series RL,0.303958,0.000110628903338,,6.951019,87.496124,50.102893,250000,0.013030,25.000000,1,6.957662,0.090659,100.000000,-42.400974,0,10000,0,0.303958,20.000000
971,58.099756,Series RL,0.281138,0.000110434240927,,6.938788,87.679817,-109.945816,250000,0.013034,25.000000,1,6.944481,0.090512,100.000000,157.734008,0,10000,0,0.281138,20.000000
972,58.154686,Series RL,0.312123,0.000110354663455,,6.933788,87.422584,130.232437,250000,0.013031,25.000000,1,6.940810,0.090444,100.000000,37.655021,0,10000,0,0.312123,20.000000
973,58.209619,Series RL,0.329728,0.000110674246581,,6.953868,87.285263,55.648609,250000,0.013030,25.000000,1,6.961680,0.090712,100.000000,-37.066123,0,10000,0,0.329728,20.000000
974,58.264530,Series RL,0.312902,0.000110163056819,,6.921749,87.411666,-29.506380,250000,0.013034,25.000000,1,6.928818,0.090311,100.000000,-122.094703,0,10000,0,0.312902,20.000000
975,58.319449,Series RL,0.321108,0.000110360727258,,6.934169,87.348640,87.120277,250000,0.013031,25.000000,1,6.941600,0.090455,100.000000,-5.531082,0,10000,0,0.321108,20.000000
976,58.376367,Series RL,0.294981,0.000110535431639,,6.945146,87.567939,63.779106,250000,0.013030,25.000000,1,6.951407,0.090574,100.000000,-28.652952,0,10000,0,0.294981,20.000000
977,58.432066,Series RL,0.311875,0.000110429163884,,6.938469,87.426361,87.130882,250000,0.013030,25.000000,1,6.945475,0.090497,100.000000,-5.442763,0,10000,0,0.311875,20.000000
978,58.489789,Series RL,0.328371,0.000110312869367,,6.931162,87.287582,42.784435,250000,0.013032,25.000000,1,6.938936,0.090428,100.000000,-49.927978,0,10000,0,0.328371,20.000000
979,58.547929,Series RL,0.305002,0.000110230188374,,6.925967,87.478469,135.608123,250000,0.013032,25.000000,1,6.932680,0.090344,100.000000,43.086601,0,10000,0,0.305002,20.000000
980,58.604343,Series RL,0.287555,0.000110928098715,,6.969818,87.637474,19.270385,250000,0.013030,25.000000,1,6.975747,0.090896,100.000000,-73.092140,0,10000,0,0.287555,20.000000
981,58.660765,Series RL,0.300057,0.000110882023359,,6.966923,87.533859,62.170352,250000,0.013028,25.000000,1,6.973382,0.090848,100.000000,-30.295787,0,10000,0,0.300057,20.000000
982,58.716556,Series RL,0.324638,0.000110790859408,,6.961195,87.329917,125.018737,250000,0.013029,25.000000,1,6.968760,0.090794,100.000000,32.348659,0,10000,0,0.324638,20.000000
983,58.797056,Series RL,0.295180,0.000111068186896,,6.978620,87.577957,60.678253,250000,0.013031,25.000000,1,6.984859,0.091019,100.000000,-31.743787,0,10000,0,0.295180,20.000000
984,58.876115,Series RL,0.330207,0.000110958163084,,6.971707,87.288276,82.133262,250000,0.013028,25.000000,1,6.979523,0.090928,100.000000,-10.578466,0,10000,0,0.330207,20.000000
985,58.938661,Series RL,0.301023,0.00011077725166,,6.960340,87.523597,-105.841049,250000,0.013033,25.000000,1,6.966846,0.090798,100.000000,161.682556,0,10000,0,0.301023,20.000000
986,58.995609,Series RL,0.298105,0.00011082168772,,6.963132,87.548553,76.606285,250000,0.013029,25.000000,1,6.969510,0.090807,100.000000,-15.845155,0,10000,0,0.298105,20.000000
987,59.050523,Series RL,0.297848,0.000110578689953,,6.947864,87.545288,-170.587600,250000,0.013035,25.000000,1,6.954246,0.090648,100.000000,96.957702,0,10000,0,0.297848,20.000000
988,59.105580,Series RL,0.298873,0.00011084115237,,6.964355,87.542678,31.407073,250000,0.013032,25.000000,1,6.970765,0.090845,100.000000,-61.050251,0,10000,0,0.298873,20.000000
989,59.160988,Series RL,0.292302,0.000110203354851,,6.924281,87.582748,178.428833,250000,0.013032,25.000000,1,6.930448,0.090319,100.000000,86.011566,0,10000,0,0.292302,20.000000
990,59.216056,Series RL,0.314335,0.000110160908227,,6.921614,87.399780,-130.288742,250000,0.013034,25.000000,1,6.928748,0.090312,100.000000,137.111022,0,10000,0,0.314335,20.000000
991,59.271062,Series RL,0.289675,0.000110668835313,,6.953528,87.614509,132.735839,250000,0.013031,25.000000,1,6.959559,0.090693,100.000000,40.350349,0,10000,0,0.289675,20.000000
992,59.326031,Series RL,0.305009,0.000110255223447,,6.927540,87.478981,122.322013,250000,0.013028,25.000000,1,6.934251,0.090338,100.000000,29.800994,0,10000,0,0.305009,20.000000
993,59.381508,Series RL,0.280889,0.000110485759382,,6.942025,87.682960,-78.668998,250000,0.013033,25.000000,1,6.947706,0.090552,100.000000,-170.986038,0,10000,0,0.280889,20.000000
994,59.436568,Series RL,0.326593,0.000110164330059,,6.921829,87.298614,114.595695,250000,0.013032,25.000000,1,6.929529,0.090304,100.000000,21.894304,0,10000,0,0.326593,20.000000
995,59.491624,Series RL,0.281729,0.000110838685468,,6.964200,87.683425,-169.350708,250000,0.013033,25.000000,1,6.969896,0.090838,100.000000,98.332717,0,10000,0,0.281729,20.000000
996,59.546739,Series RL,0.290539,0.000110672893764,,6.953783,87.607490,-22.194017,250000,0.013033,25.000000,1,6.959850,0.090708,100.000000,-114.586524,0,10000,0,0.290539,20.000000
997,59.601632,Series RL,0.316713,0.000110890347163,,6.967446,87.397354,66.576225,250000,0.013030,25.000000,1,6.974640,0.090876,100.000000,-26.026420,0,10000,0,0.316713,20.000000
998,59.656500,Series RL,0.296683,0.000111040430274,,6.976876,87.565025,-5.794099,250000,0.013032,25.000000,1,6.983181,0.091005,100.000000,-98.229072,0,10000,0,0.296683,20.000000
999,59.711623,Series RL,0.290084,0.000110977818719,,6.972942,87.617782,-48.354557,250000,0.013032,25.000000,1,6.978974,0.090948,100.000000,-140.736770,0,10000,0,0.290084,20.000000
1000,59.768524,Series RL,0.312117,0.000110870245893,,6.966183,87.434600,-47.174766,250000,0.013035,25.000000,1,6.973172,0.090896,100.000000,-139.740158,0,10000,0,0.312117,20.000000
